name,agents_average_initial_opinion,technology_success_rate,final_adaption
0_0_0_0,-1.0,0.0,0.0
0_0_0_1,-1.0,0.0,0.0
0_0_0_2,-1.0,0.0,0.0
0_0_0_3,-1.0,0.0,0.0
0_0_0_4,-1.0,0.0,0.0
0_0_0_5,-1.0,0.0,0.0
1_0_0_0,-1.0,0.0,0.0
1_0_0_1,-1.0,0.0,0.0
1_0_0_2,-1.0,0.0,0.0
1_0_0_3,-1.0,0.0,0.0
1_0_0_4,-1.0,0.0,0.0
1_0_0_5,-1.0,0.0,0.0
2_0_0_0,-1.0,0.0,0.0
2_0_0_1,-1.0,0.0,0.0
2_0_0_2,-1.0,0.0,0.0
2_0_0_3,-1.0,0.0,0.0
2_0_0_4,-1.0,0.0,0.0
2_0_0_5,-1.0,0.0,0.0
3_0_0_0,-1.0,0.0,0.0
3_0_0_1,-1.0,0.0,0.0
3_0_0_2,-1.0,0.0,0.0
3_0_0_3,-1.0,0.0,0.0
3_0_0_4,-1.0,0.0,0.0
3_0_0_5,-1.0,0.0,0.0
4_0_0_0,-1.0,0.0,0.0
4_0_0_1,-1.0,0.0,0.0
4_0_0_2,-1.0,0.0,0.0
4_0_0_3,-1.0,0.0,0.0
4_0_0_4,-1.0,0.0,0.0
4_0_0_5,-1.0,0.0,0.0
0_0_1_0,-1.0,0.1,0.0
0_0_1_1,-1.0,0.1,0.0
0_0_1_2,-1.0,0.1,0.0
0_0_1_3,-1.0,0.1,0.0
0_0_1_4,-1.0,0.1,0.0
0_0_1_5,-1.0,0.1,0.0
1_0_1_0,-1.0,0.1,0.0
1_0_1_1,-1.0,0.1,0.0
1_0_1_2,-1.0,0.1,0.0
1_0_1_3,-1.0,0.1,0.0
1_0_1_4,-1.0,0.1,0.0
1_0_1_5,-1.0,0.1,0.0
2_0_1_0,-1.0,0.1,0.0
2_0_1_1,-1.0,0.1,0.0
2_0_1_2,-1.0,0.1,0.0
2_0_1_3,-1.0,0.1,0.0
2_0_1_4,-1.0,0.1,0.0
2_0_1_5,-1.0,0.1,0.0
3_0_1_0,-1.0,0.1,0.0
3_0_1_1,-1.0,0.1,0.0
3_0_1_2,-1.0,0.1,0.0
3_0_1_3,-1.0,0.1,0.0
3_0_1_4,-1.0,0.1,0.0
3_0_1_5,-1.0,0.1,0.0
4_0_1_0,-1.0,0.1,0.0
4_0_1_1,-1.0,0.1,0.0
4_0_1_2,-1.0,0.1,0.0
4_0_1_3,-1.0,0.1,0.0
4_0_1_4,-1.0,0.1,0.0
4_0_1_5,-1.0,0.1,0.0
0_0_2_0,-1.0,0.2,0.0
0_0_2_1,-1.0,0.2,0.0
0_0_2_2,-1.0,0.2,0.0
0_0_2_3,-1.0,0.2,0.0
0_0_2_4,-1.0,0.2,0.0
0_0_2_5,-1.0,0.2,0.0
1_0_2_0,-1.0,0.2,0.0
1_0_2_1,-1.0,0.2,0.0
1_0_2_2,-1.0,0.2,0.0
1_0_2_3,-1.0,0.2,0.0
1_0_2_4,-1.0,0.2,0.0
1_0_2_5,-1.0,0.2,0.0
2_0_2_0,-1.0,0.2,0.0
2_0_2_1,-1.0,0.2,0.0
2_0_2_2,-1.0,0.2,0.0
2_0_2_3,-1.0,0.2,0.0
2_0_2_4,-1.0,0.2,0.0
2_0_2_5,-1.0,0.2,0.0
3_0_2_0,-1.0,0.2,0.0
3_0_2_1,-1.0,0.2,0.0
3_0_2_2,-1.0,0.2,0.0
3_0_2_3,-1.0,0.2,0.0
3_0_2_4,-1.0,0.2,0.0
3_0_2_5,-1.0,0.2,0.0
4_0_2_0,-1.0,0.2,0.0
4_0_2_1,-1.0,0.2,0.0
4_0_2_2,-1.0,0.2,0.0
4_0_2_3,-1.0,0.2,0.0
4_0_2_4,-1.0,0.2,0.0
4_0_2_5,-1.0,0.2,0.0
0_0_3_0,-1.0,0.3,0.0
0_0_3_1,-1.0,0.3,0.0
0_0_3_2,-1.0,0.3,0.0
0_0_3_3,-1.0,0.3,0.0
0_0_3_4,-1.0,0.3,0.0
0_0_3_5,-1.0,0.3,0.0
1_0_3_0,-1.0,0.3,0.0
1_0_3_1,-1.0,0.3,0.0
1_0_3_2,-1.0,0.3,0.0
1_0_3_3,-1.0,0.3,0.0
1_0_3_4,-1.0,0.3,0.0
1_0_3_5,-1.0,0.3,0.0
2_0_3_0,-1.0,0.3,0.0
2_0_3_1,-1.0,0.3,0.0
2_0_3_2,-1.0,0.3,0.0
2_0_3_3,-1.0,0.3,0.0
2_0_3_4,-1.0,0.3,0.0
2_0_3_5,-1.0,0.3,0.0
3_0_3_0,-1.0,0.3,0.0
3_0_3_1,-1.0,0.3,0.0
3_0_3_2,-1.0,0.3,0.0
3_0_3_3,-1.0,0.3,0.0
3_0_3_4,-1.0,0.3,0.0
3_0_3_5,-1.0,0.3,0.0
4_0_3_0,-1.0,0.3,0.0
4_0_3_1,-1.0,0.3,0.0
4_0_3_2,-1.0,0.3,0.0
4_0_3_3,-1.0,0.3,0.0
4_0_3_4,-1.0,0.3,0.0
4_0_3_5,-1.0,0.3,0.0
0_0_4_0,-1.0,0.4,0.0
0_0_4_1,-1.0,0.4,0.0
0_0_4_2,-1.0,0.4,0.0
0_0_4_3,-1.0,0.4,0.0
0_0_4_4,-1.0,0.4,0.0
0_0_4_5,-1.0,0.4,0.0
1_0_4_0,-1.0,0.4,0.0
1_0_4_1,-1.0,0.4,0.0
1_0_4_2,-1.0,0.4,0.0
1_0_4_3,-1.0,0.4,0.0
1_0_4_4,-1.0,0.4,0.0
1_0_4_5,-1.0,0.4,0.0
2_0_4_0,-1.0,0.4,0.0
2_0_4_1,-1.0,0.4,0.0
2_0_4_2,-1.0,0.4,0.0
2_0_4_3,-1.0,0.4,0.0
2_0_4_4,-1.0,0.4,0.0
2_0_4_5,-1.0,0.4,0.0
3_0_4_0,-1.0,0.4,0.0
3_0_4_1,-1.0,0.4,0.0
3_0_4_2,-1.0,0.4,0.0
3_0_4_3,-1.0,0.4,0.0
3_0_4_4,-1.0,0.4,0.0
3_0_4_5,-1.0,0.4,0.0
4_0_4_0,-1.0,0.4,0.0
4_0_4_1,-1.0,0.4,0.0
4_0_4_2,-1.0,0.4,0.0
4_0_4_3,-1.0,0.4,0.0
4_0_4_4,-1.0,0.4,0.0
4_0_4_5,-1.0,0.4,0.0
0_0_5_0,-1.0,0.5,0.0
0_0_5_1,-1.0,0.5,0.0
0_0_5_2,-1.0,0.5,0.0
0_0_5_3,-1.0,0.5,0.0
0_0_5_4,-1.0,0.5,0.0
0_0_5_5,-1.0,0.5,0.0
1_0_5_0,-1.0,0.5,0.0
1_0_5_1,-1.0,0.5,0.0
1_0_5_2,-1.0,0.5,0.0
1_0_5_3,-1.0,0.5,0.0
1_0_5_4,-1.0,0.5,0.0
1_0_5_5,-1.0,0.5,0.0
2_0_5_0,-1.0,0.5,0.0
2_0_5_1,-1.0,0.5,0.0
2_0_5_2,-1.0,0.5,0.0
2_0_5_3,-1.0,0.5,0.0
2_0_5_4,-1.0,0.5,0.0
2_0_5_5,-1.0,0.5,0.0
3_0_5_0,-1.0,0.5,0.0
3_0_5_1,-1.0,0.5,0.0
3_0_5_2,-1.0,0.5,0.0
3_0_5_3,-1.0,0.5,0.0
3_0_5_4,-1.0,0.5,0.0
3_0_5_5,-1.0,0.5,0.0
4_0_5_0,-1.0,0.5,0.0
4_0_5_1,-1.0,0.5,0.0
4_0_5_2,-1.0,0.5,0.0
4_0_5_3,-1.0,0.5,0.0
4_0_5_4,-1.0,0.5,0.0
4_0_5_5,-1.0,0.5,0.0
0_0_6_0,-1.0,0.6,0.0
0_0_6_1,-1.0,0.6,0.0
0_0_6_2,-1.0,0.6,0.0
0_0_6_3,-1.0,0.6,0.0
0_0_6_4,-1.0,0.6,0.0
0_0_6_5,-1.0,0.6,0.0
1_0_6_0,-1.0,0.6,0.0
1_0_6_1,-1.0,0.6,0.0
1_0_6_2,-1.0,0.6,0.0
1_0_6_3,-1.0,0.6,0.0
1_0_6_4,-1.0,0.6,0.0
1_0_6_5,-1.0,0.6,0.0
2_0_6_0,-1.0,0.6,0.0
2_0_6_1,-1.0,0.6,0.0
2_0_6_2,-1.0,0.6,0.0
2_0_6_3,-1.0,0.6,0.0
2_0_6_4,-1.0,0.6,0.0
2_0_6_5,-1.0,0.6,0.0
3_0_6_0,-1.0,0.6,0.0
3_0_6_1,-1.0,0.6,0.0
3_0_6_2,-1.0,0.6,0.0
3_0_6_3,-1.0,0.6,0.0
3_0_6_4,-1.0,0.6,0.0
3_0_6_5,-1.0,0.6,0.0
4_0_6_0,-1.0,0.6,0.0
4_0_6_1,-1.0,0.6,0.0
4_0_6_2,-1.0,0.6,0.0
4_0_6_3,-1.0,0.6,0.0
4_0_6_4,-1.0,0.6,0.0
4_0_6_5,-1.0,0.6,0.0
0_0_7_0,-1.0,0.7,0.0
0_0_7_1,-1.0,0.7,0.0
0_0_7_2,-1.0,0.7,0.0
0_0_7_3,-1.0,0.7,0.0
0_0_7_4,-1.0,0.7,0.0
0_0_7_5,-1.0,0.7,0.0
1_0_7_0,-1.0,0.7,0.0
1_0_7_1,-1.0,0.7,0.0
1_0_7_2,-1.0,0.7,0.0
1_0_7_3,-1.0,0.7,0.0
1_0_7_4,-1.0,0.7,0.0
1_0_7_5,-1.0,0.7,0.0
2_0_7_0,-1.0,0.7,0.0
2_0_7_1,-1.0,0.7,0.0
2_0_7_2,-1.0,0.7,0.0
2_0_7_3,-1.0,0.7,0.0
2_0_7_4,-1.0,0.7,0.0
2_0_7_5,-1.0,0.7,0.0
3_0_7_0,-1.0,0.7,0.0
3_0_7_1,-1.0,0.7,0.0
3_0_7_2,-1.0,0.7,0.0
3_0_7_3,-1.0,0.7,0.0
3_0_7_4,-1.0,0.7,0.0
3_0_7_5,-1.0,0.7,0.0
4_0_7_0,-1.0,0.7,0.0
4_0_7_1,-1.0,0.7,0.0
4_0_7_2,-1.0,0.7,0.0
4_0_7_3,-1.0,0.7,0.0
4_0_7_4,-1.0,0.7,0.0
4_0_7_5,-1.0,0.7,0.0
0_0_8_0,-1.0,0.8,0.0
0_0_8_1,-1.0,0.8,0.0
0_0_8_2,-1.0,0.8,0.0
0_0_8_3,-1.0,0.8,0.0
0_0_8_4,-1.0,0.8,0.0
0_0_8_5,-1.0,0.8,0.0
1_0_8_0,-1.0,0.8,0.0
1_0_8_1,-1.0,0.8,0.0
1_0_8_2,-1.0,0.8,0.0
1_0_8_3,-1.0,0.8,0.0
1_0_8_4,-1.0,0.8,0.0
1_0_8_5,-1.0,0.8,0.0
2_0_8_0,-1.0,0.8,0.0
2_0_8_1,-1.0,0.8,0.0
2_0_8_2,-1.0,0.8,0.0
2_0_8_3,-1.0,0.8,0.0
2_0_8_4,-1.0,0.8,0.0
2_0_8_5,-1.0,0.8,0.0
3_0_8_0,-1.0,0.8,0.0
3_0_8_1,-1.0,0.8,0.0
3_0_8_2,-1.0,0.8,0.0
3_0_8_3,-1.0,0.8,0.0
3_0_8_4,-1.0,0.8,0.0
3_0_8_5,-1.0,0.8,0.0
4_0_8_0,-1.0,0.8,0.0
4_0_8_1,-1.0,0.8,0.0
4_0_8_2,-1.0,0.8,0.0
4_0_8_3,-1.0,0.8,0.0
4_0_8_4,-1.0,0.8,0.0
4_0_8_5,-1.0,0.8,0.0
0_0_9_0,-1.0,0.9,0.0
0_0_9_1,-1.0,0.9,0.0
0_0_9_2,-1.0,0.9,0.0
0_0_9_3,-1.0,0.9,0.0
0_0_9_4,-1.0,0.9,0.0
0_0_9_5,-1.0,0.9,0.0
1_0_9_0,-1.0,0.9,0.0
1_0_9_1,-1.0,0.9,0.0
1_0_9_2,-1.0,0.9,0.0
1_0_9_3,-1.0,0.9,0.0
1_0_9_4,-1.0,0.9,0.0
1_0_9_5,-1.0,0.9,0.0
2_0_9_0,-1.0,0.9,0.0
2_0_9_1,-1.0,0.9,0.0
2_0_9_2,-1.0,0.9,0.0
2_0_9_3,-1.0,0.9,0.0
2_0_9_4,-1.0,0.9,0.0
2_0_9_5,-1.0,0.9,0.0
3_0_9_0,-1.0,0.9,0.0
3_0_9_1,-1.0,0.9,0.0
3_0_9_2,-1.0,0.9,0.0
3_0_9_3,-1.0,0.9,0.0
3_0_9_4,-1.0,0.9,0.0
3_0_9_5,-1.0,0.9,0.0
4_0_9_0,-1.0,0.9,0.0
4_0_9_1,-1.0,0.9,0.0
4_0_9_2,-1.0,0.9,0.0
4_0_9_3,-1.0,0.9,0.0
4_0_9_4,-1.0,0.9,0.0
4_0_9_5,-1.0,0.9,0.0
0_0_10_0,-1.0,1.0,0.0
0_0_10_1,-1.0,1.0,0.0
0_0_10_2,-1.0,1.0,0.0
0_0_10_3,-1.0,1.0,0.0
0_0_10_4,-1.0,1.0,0.0
0_0_10_5,-1.0,1.0,0.0
1_0_10_0,-1.0,1.0,0.0
1_0_10_1,-1.0,1.0,0.0
1_0_10_2,-1.0,1.0,0.0
1_0_10_3,-1.0,1.0,0.0
1_0_10_4,-1.0,1.0,0.0
1_0_10_5,-1.0,1.0,0.0
2_0_10_0,-1.0,1.0,0.0
2_0_10_1,-1.0,1.0,0.0
2_0_10_2,-1.0,1.0,0.0
2_0_10_3,-1.0,1.0,0.0
2_0_10_4,-1.0,1.0,0.0
2_0_10_5,-1.0,1.0,0.0
3_0_10_0,-1.0,1.0,0.0
3_0_10_1,-1.0,1.0,0.0
3_0_10_2,-1.0,1.0,0.0
3_0_10_3,-1.0,1.0,0.0
3_0_10_4,-1.0,1.0,0.0
3_0_10_5,-1.0,1.0,0.0
4_0_10_0,-1.0,1.0,0.0
4_0_10_1,-1.0,1.0,0.0
4_0_10_2,-1.0,1.0,0.0
4_0_10_3,-1.0,1.0,0.0
4_0_10_4,-1.0,1.0,0.0
4_0_10_5,-1.0,1.0,0.0
0_1_0_0,-0.9,0.0,0.0
0_1_0_1,-0.9,0.0,0.0
0_1_0_2,-0.9,0.0,0.0
0_1_0_3,-0.9,0.0,0.0
0_1_0_4,-0.9,0.0,0.0
0_1_0_5,-0.9,0.0,0.0
1_1_0_0,-0.9,0.0,0.0
1_1_0_1,-0.9,0.0,0.0
1_1_0_2,-0.9,0.0,0.0
1_1_0_3,-0.9,0.0,0.0
1_1_0_4,-0.9,0.0,0.0
1_1_0_5,-0.9,0.0,0.0
2_1_0_0,-0.9,0.0,0.0
2_1_0_1,-0.9,0.0,0.0
2_1_0_2,-0.9,0.0,0.0
2_1_0_3,-0.9,0.0,0.0
2_1_0_4,-0.9,0.0,0.0
2_1_0_5,-0.9,0.0,0.0
3_1_0_0,-0.9,0.0,0.0
3_1_0_1,-0.9,0.0,0.0
3_1_0_2,-0.9,0.0,0.0
3_1_0_3,-0.9,0.0,0.0
3_1_0_4,-0.9,0.0,0.0
3_1_0_5,-0.9,0.0,0.0
4_1_0_0,-0.9,0.0,0.0
4_1_0_1,-0.9,0.0,0.0
4_1_0_2,-0.9,0.0,0.0
4_1_0_3,-0.9,0.0,0.0
4_1_0_4,-0.9,0.0,0.0
4_1_0_5,-0.9,0.0,0.0
0_1_1_0,-0.9,0.1,0.0
0_1_1_1,-0.9,0.1,0.0
0_1_1_2,-0.9,0.1,0.0
0_1_1_3,-0.9,0.1,0.0
0_1_1_4,-0.9,0.1,0.0
0_1_1_5,-0.9,0.1,0.0
1_1_1_0,-0.9,0.1,0.0
1_1_1_1,-0.9,0.1,0.0
1_1_1_2,-0.9,0.1,0.0
1_1_1_3,-0.9,0.1,0.0
1_1_1_4,-0.9,0.1,0.0
1_1_1_5,-0.9,0.1,0.0
2_1_1_0,-0.9,0.1,0.0
2_1_1_1,-0.9,0.1,0.0
2_1_1_2,-0.9,0.1,0.0
2_1_1_3,-0.9,0.1,0.0
2_1_1_4,-0.9,0.1,0.0
2_1_1_5,-0.9,0.1,0.0
3_1_1_0,-0.9,0.1,0.0
3_1_1_1,-0.9,0.1,0.0
3_1_1_2,-0.9,0.1,0.0
3_1_1_3,-0.9,0.1,0.0
3_1_1_4,-0.9,0.1,0.0
3_1_1_5,-0.9,0.1,0.0
4_1_1_0,-0.9,0.1,0.0
4_1_1_1,-0.9,0.1,0.0
4_1_1_2,-0.9,0.1,0.0
4_1_1_3,-0.9,0.1,0.0
4_1_1_4,-0.9,0.1,0.0
4_1_1_5,-0.9,0.1,0.0
0_1_2_0,-0.9,0.2,0.0
0_1_2_1,-0.9,0.2,0.0
0_1_2_2,-0.9,0.2,0.0
0_1_2_3,-0.9,0.2,0.0
0_1_2_4,-0.9,0.2,0.0
0_1_2_5,-0.9,0.2,0.0
1_1_2_0,-0.9,0.2,0.0
1_1_2_1,-0.9,0.2,0.0
1_1_2_2,-0.9,0.2,0.0
1_1_2_3,-0.9,0.2,0.0
1_1_2_4,-0.9,0.2,0.0
1_1_2_5,-0.9,0.2,0.0
2_1_2_0,-0.9,0.2,0.0
2_1_2_1,-0.9,0.2,0.0
2_1_2_2,-0.9,0.2,0.0
2_1_2_3,-0.9,0.2,0.0
2_1_2_4,-0.9,0.2,0.0
2_1_2_5,-0.9,0.2,0.0
3_1_2_0,-0.9,0.2,0.0
3_1_2_1,-0.9,0.2,0.0
3_1_2_2,-0.9,0.2,0.0
3_1_2_3,-0.9,0.2,0.0
3_1_2_4,-0.9,0.2,0.0
3_1_2_5,-0.9,0.2,0.0
4_1_2_0,-0.9,0.2,0.0
4_1_2_1,-0.9,0.2,0.0
4_1_2_2,-0.9,0.2,0.0
4_1_2_3,-0.9,0.2,0.0
4_1_2_4,-0.9,0.2,0.0
4_1_2_5,-0.9,0.2,0.0
0_1_3_0,-0.9,0.3,0.0
0_1_3_1,-0.9,0.3,0.0
0_1_3_2,-0.9,0.3,0.0
0_1_3_3,-0.9,0.3,0.0
0_1_3_4,-0.9,0.3,0.0
0_1_3_5,-0.9,0.3,0.0
1_1_3_0,-0.9,0.3,0.0
1_1_3_1,-0.9,0.3,0.0
1_1_3_2,-0.9,0.3,0.0
1_1_3_3,-0.9,0.3,0.0
1_1_3_4,-0.9,0.3,0.0
1_1_3_5,-0.9,0.3,0.0
2_1_3_0,-0.9,0.3,0.0
2_1_3_1,-0.9,0.3,0.0
2_1_3_2,-0.9,0.3,0.0
2_1_3_3,-0.9,0.3,0.0
2_1_3_4,-0.9,0.3,0.0
2_1_3_5,-0.9,0.3,0.0
3_1_3_0,-0.9,0.3,0.0
3_1_3_1,-0.9,0.3,0.0
3_1_3_2,-0.9,0.3,0.0
3_1_3_3,-0.9,0.3,0.0
3_1_3_4,-0.9,0.3,0.0
3_1_3_5,-0.9,0.3,0.0
4_1_3_0,-0.9,0.3,0.0
4_1_3_1,-0.9,0.3,0.0
4_1_3_2,-0.9,0.3,0.0
4_1_3_3,-0.9,0.3,0.0
4_1_3_4,-0.9,0.3,0.0
4_1_3_5,-0.9,0.3,0.0
0_1_4_0,-0.9,0.4,0.0
0_1_4_1,-0.9,0.4,0.0
0_1_4_2,-0.9,0.4,0.0
0_1_4_3,-0.9,0.4,0.0
0_1_4_4,-0.9,0.4,0.0
0_1_4_5,-0.9,0.4,0.0
1_1_4_0,-0.9,0.4,0.0
1_1_4_1,-0.9,0.4,0.0
1_1_4_2,-0.9,0.4,0.0
1_1_4_3,-0.9,0.4,0.0
1_1_4_4,-0.9,0.4,0.0
1_1_4_5,-0.9,0.4,0.0
2_1_4_0,-0.9,0.4,0.0
2_1_4_1,-0.9,0.4,0.0
2_1_4_2,-0.9,0.4,0.0
2_1_4_3,-0.9,0.4,0.0
2_1_4_4,-0.9,0.4,0.0
2_1_4_5,-0.9,0.4,0.0
3_1_4_0,-0.9,0.4,0.0
3_1_4_1,-0.9,0.4,0.0
3_1_4_2,-0.9,0.4,0.0
3_1_4_3,-0.9,0.4,0.0
3_1_4_4,-0.9,0.4,0.0
3_1_4_5,-0.9,0.4,0.0
4_1_4_0,-0.9,0.4,0.0
4_1_4_1,-0.9,0.4,0.0
4_1_4_2,-0.9,0.4,0.0
4_1_4_3,-0.9,0.4,0.0
4_1_4_4,-0.9,0.4,0.0
4_1_4_5,-0.9,0.4,0.0
0_1_5_0,-0.9,0.5,0.0
0_1_5_1,-0.9,0.5,0.0
0_1_5_2,-0.9,0.5,0.0
0_1_5_3,-0.9,0.5,0.0
0_1_5_4,-0.9,0.5,0.0
0_1_5_5,-0.9,0.5,0.0
1_1_5_0,-0.9,0.5,0.0
1_1_5_1,-0.9,0.5,0.0
1_1_5_2,-0.9,0.5,0.0
1_1_5_3,-0.9,0.5,0.0
1_1_5_4,-0.9,0.5,0.0
1_1_5_5,-0.9,0.5,0.0
2_1_5_0,-0.9,0.5,0.0
2_1_5_1,-0.9,0.5,0.0
2_1_5_2,-0.9,0.5,0.0
2_1_5_3,-0.9,0.5,0.0
2_1_5_4,-0.9,0.5,0.0
2_1_5_5,-0.9,0.5,0.0
3_1_5_0,-0.9,0.5,0.0
3_1_5_1,-0.9,0.5,0.0
3_1_5_2,-0.9,0.5,0.0
3_1_5_3,-0.9,0.5,0.0
3_1_5_4,-0.9,0.5,0.0
3_1_5_5,-0.9,0.5,0.0
4_1_5_0,-0.9,0.5,0.0
4_1_5_1,-0.9,0.5,0.0
4_1_5_2,-0.9,0.5,0.0
4_1_5_3,-0.9,0.5,0.0
4_1_5_4,-0.9,0.5,0.0
4_1_5_5,-0.9,0.5,0.0
0_1_6_0,-0.9,0.6,0.0
0_1_6_1,-0.9,0.6,0.0
0_1_6_2,-0.9,0.6,0.0
0_1_6_3,-0.9,0.6,0.0
0_1_6_4,-0.9,0.6,0.0
0_1_6_5,-0.9,0.6,0.0
1_1_6_0,-0.9,0.6,0.0
1_1_6_1,-0.9,0.6,0.0
1_1_6_2,-0.9,0.6,0.0
1_1_6_3,-0.9,0.6,0.0
1_1_6_4,-0.9,0.6,0.0
1_1_6_5,-0.9,0.6,0.0
2_1_6_0,-0.9,0.6,0.0
2_1_6_1,-0.9,0.6,0.0
2_1_6_2,-0.9,0.6,0.0
2_1_6_3,-0.9,0.6,0.0
2_1_6_4,-0.9,0.6,0.0
2_1_6_5,-0.9,0.6,0.0
3_1_6_0,-0.9,0.6,0.0
3_1_6_1,-0.9,0.6,0.0
3_1_6_2,-0.9,0.6,0.0
3_1_6_3,-0.9,0.6,0.0
3_1_6_4,-0.9,0.6,0.0
3_1_6_5,-0.9,0.6,0.0
4_1_6_0,-0.9,0.6,0.0
4_1_6_1,-0.9,0.6,0.0
4_1_6_2,-0.9,0.6,0.0
4_1_6_3,-0.9,0.6,0.0
4_1_6_4,-0.9,0.6,0.0
4_1_6_5,-0.9,0.6,0.0
0_1_7_0,-0.9,0.7,0.0
0_1_7_1,-0.9,0.7,0.0
0_1_7_2,-0.9,0.7,0.0
0_1_7_3,-0.9,0.7,0.0
0_1_7_4,-0.9,0.7,0.0
0_1_7_5,-0.9,0.7,0.0
1_1_7_0,-0.9,0.7,0.0
1_1_7_1,-0.9,0.7,0.0
1_1_7_2,-0.9,0.7,0.0
1_1_7_3,-0.9,0.7,0.0
1_1_7_4,-0.9,0.7,0.0
1_1_7_5,-0.9,0.7,0.0
2_1_7_0,-0.9,0.7,0.0
2_1_7_1,-0.9,0.7,0.0
2_1_7_2,-0.9,0.7,0.0
2_1_7_3,-0.9,0.7,0.0
2_1_7_4,-0.9,0.7,0.0
2_1_7_5,-0.9,0.7,0.0
3_1_7_0,-0.9,0.7,0.0
3_1_7_1,-0.9,0.7,0.0
3_1_7_2,-0.9,0.7,0.0
3_1_7_3,-0.9,0.7,0.0
3_1_7_4,-0.9,0.7,0.0
3_1_7_5,-0.9,0.7,0.0
4_1_7_0,-0.9,0.7,0.0
4_1_7_1,-0.9,0.7,0.0
4_1_7_2,-0.9,0.7,0.0
4_1_7_3,-0.9,0.7,0.0
4_1_7_4,-0.9,0.7,0.0
4_1_7_5,-0.9,0.7,0.0
0_1_8_0,-0.9,0.8,0.0
0_1_8_1,-0.9,0.8,0.0
0_1_8_2,-0.9,0.8,0.0
0_1_8_3,-0.9,0.8,0.0
0_1_8_4,-0.9,0.8,0.0
0_1_8_5,-0.9,0.8,0.0
1_1_8_0,-0.9,0.8,0.0
1_1_8_1,-0.9,0.8,0.0
1_1_8_2,-0.9,0.8,0.0
1_1_8_3,-0.9,0.8,0.0
1_1_8_4,-0.9,0.8,0.0
1_1_8_5,-0.9,0.8,0.0
2_1_8_0,-0.9,0.8,0.0
2_1_8_1,-0.9,0.8,0.0
2_1_8_2,-0.9,0.8,0.0
2_1_8_3,-0.9,0.8,0.0
2_1_8_4,-0.9,0.8,0.0
2_1_8_5,-0.9,0.8,0.0
3_1_8_0,-0.9,0.8,0.0
3_1_8_1,-0.9,0.8,0.0
3_1_8_2,-0.9,0.8,0.0
3_1_8_3,-0.9,0.8,0.0
3_1_8_4,-0.9,0.8,0.0
3_1_8_5,-0.9,0.8,0.0
4_1_8_0,-0.9,0.8,0.0
4_1_8_1,-0.9,0.8,0.0
4_1_8_2,-0.9,0.8,0.0
4_1_8_3,-0.9,0.8,0.0
4_1_8_4,-0.9,0.8,0.0
4_1_8_5,-0.9,0.8,0.0
0_1_9_0,-0.9,0.9,0.0
0_1_9_1,-0.9,0.9,0.0
0_1_9_2,-0.9,0.9,0.0
0_1_9_3,-0.9,0.9,0.0
0_1_9_4,-0.9,0.9,0.0
0_1_9_5,-0.9,0.9,0.0
1_1_9_0,-0.9,0.9,0.0
1_1_9_1,-0.9,0.9,0.0
1_1_9_2,-0.9,0.9,0.0
1_1_9_3,-0.9,0.9,0.0
1_1_9_4,-0.9,0.9,0.0
1_1_9_5,-0.9,0.9,0.0
2_1_9_0,-0.9,0.9,0.0
2_1_9_1,-0.9,0.9,0.0
2_1_9_2,-0.9,0.9,0.0
2_1_9_3,-0.9,0.9,0.0
2_1_9_4,-0.9,0.9,0.0
2_1_9_5,-0.9,0.9,0.0
3_1_9_0,-0.9,0.9,0.0
3_1_9_1,-0.9,0.9,0.0
3_1_9_2,-0.9,0.9,0.0
3_1_9_3,-0.9,0.9,0.0
3_1_9_4,-0.9,0.9,0.0
3_1_9_5,-0.9,0.9,0.0
4_1_9_0,-0.9,0.9,0.0
4_1_9_1,-0.9,0.9,0.0
4_1_9_2,-0.9,0.9,0.0
4_1_9_3,-0.9,0.9,0.0
4_1_9_4,-0.9,0.9,0.0
4_1_9_5,-0.9,0.9,0.0
0_1_10_0,-0.9,1.0,0.0
0_1_10_1,-0.9,1.0,0.0
0_1_10_2,-0.9,1.0,0.0
0_1_10_3,-0.9,1.0,0.0
0_1_10_4,-0.9,1.0,0.0
0_1_10_5,-0.9,1.0,0.0
1_1_10_0,-0.9,1.0,0.0
1_1_10_1,-0.9,1.0,0.0
1_1_10_2,-0.9,1.0,0.0
1_1_10_3,-0.9,1.0,0.0
1_1_10_4,-0.9,1.0,0.0
1_1_10_5,-0.9,1.0,0.0
2_1_10_0,-0.9,1.0,0.0
2_1_10_1,-0.9,1.0,0.0
2_1_10_2,-0.9,1.0,0.0
2_1_10_3,-0.9,1.0,0.0
2_1_10_4,-0.9,1.0,0.0
2_1_10_5,-0.9,1.0,0.0
3_1_10_0,-0.9,1.0,0.0
3_1_10_1,-0.9,1.0,0.0
3_1_10_2,-0.9,1.0,0.0
3_1_10_3,-0.9,1.0,0.0
3_1_10_4,-0.9,1.0,0.0
3_1_10_5,-0.9,1.0,0.0
4_1_10_0,-0.9,1.0,0.0
4_1_10_1,-0.9,1.0,0.0
4_1_10_2,-0.9,1.0,0.0
4_1_10_3,-0.9,1.0,0.0
4_1_10_4,-0.9,1.0,0.0
4_1_10_5,-0.9,1.0,0.0
0_2_0_0,-0.8,0.0,0.0
0_2_0_1,-0.8,0.0,0.0
0_2_0_2,-0.8,0.0,0.0
0_2_0_3,-0.8,0.0,0.0027509337877038584
0_2_0_4,-0.8,0.0,0.00955402845583396
0_2_0_5,-0.8,0.0,0.0
1_2_0_0,-0.8,0.0,0.0
1_2_0_1,-0.8,0.0,0.0
1_2_0_2,-0.8,0.0,0.0
1_2_0_3,-0.8,0.0,0.0
1_2_0_4,-0.8,0.0,0.00955402845583396
1_2_0_5,-0.8,0.0,0.0
2_2_0_0,-0.8,0.0,0.0
2_2_0_1,-0.8,0.0,0.0
2_2_0_2,-0.8,0.0,0.0
2_2_0_3,-0.8,0.0,0.0
2_2_0_4,-0.8,0.0,0.00955402845583396
2_2_0_5,-0.8,0.0,0.00955402845583396
3_2_0_0,-0.8,0.0,0.0
3_2_0_1,-0.8,0.0,0.0
3_2_0_2,-0.8,0.0,0.0
3_2_0_3,-0.8,0.0,0.0
3_2_0_4,-0.8,0.0,0.0027509337877038584
3_2_0_5,-0.8,0.0,0.0027509337877038584
4_2_0_0,-0.8,0.0,0.0
4_2_0_1,-0.8,0.0,0.0
4_2_0_2,-0.8,0.0,0.0
4_2_0_3,-0.8,0.0,0.0
4_2_0_4,-0.8,0.0,0.0027509337877038584
4_2_0_5,-0.8,0.0,0.00955402845583396
0_2_1_0,-0.8,0.1,0.0
0_2_1_1,-0.8,0.1,0.0
0_2_1_2,-0.8,0.1,0.0
0_2_1_3,-0.8,0.1,0.0027509337877038584
0_2_1_4,-0.8,0.1,0.00955402845583396
0_2_1_5,-0.8,0.1,0.0
1_2_1_0,-0.8,0.1,0.0
1_2_1_1,-0.8,0.1,0.0
1_2_1_2,-0.8,0.1,0.0
1_2_1_3,-0.8,0.1,0.0
1_2_1_4,-0.8,0.1,0.00955402845583396
1_2_1_5,-0.8,0.1,0.0
2_2_1_0,-0.8,0.1,0.0
2_2_1_1,-0.8,0.1,0.0
2_2_1_2,-0.8,0.1,0.0
2_2_1_3,-0.8,0.1,0.0
2_2_1_4,-0.8,0.1,0.00955402845583396
2_2_1_5,-0.8,0.1,0.00955402845583396
3_2_1_0,-0.8,0.1,0.0
3_2_1_1,-0.8,0.1,0.0
3_2_1_2,-0.8,0.1,0.0
3_2_1_3,-0.8,0.1,0.0
3_2_1_4,-0.8,0.1,0.0027509337877038584
3_2_1_5,-0.8,0.1,0.0027509337877038584
4_2_1_0,-0.8,0.1,0.0
4_2_1_1,-0.8,0.1,0.0
4_2_1_2,-0.8,0.1,0.0
4_2_1_3,-0.8,0.1,0.0
4_2_1_4,-0.8,0.1,0.0027509337877038584
4_2_1_5,-0.8,0.1,0.0090303103415609
0_2_2_0,-0.8,0.2,0.0
0_2_2_1,-0.8,0.2,0.0
0_2_2_2,-0.8,0.2,0.0
0_2_2_3,-0.8,0.2,0.0027509337877038584
0_2_2_4,-0.8,0.2,0.00955402845583396
0_2_2_5,-0.8,0.2,0.0
1_2_2_0,-0.8,0.2,0.0
1_2_2_1,-0.8,0.2,0.0
1_2_2_2,-0.8,0.2,0.0
1_2_2_3,-0.8,0.2,0.0
1_2_2_4,-0.8,0.2,0.00955402845583396
1_2_2_5,-0.8,0.2,0.0
2_2_2_0,-0.8,0.2,0.0
2_2_2_1,-0.8,0.2,0.0
2_2_2_2,-0.8,0.2,0.0
2_2_2_3,-0.8,0.2,0.0
2_2_2_4,-0.8,0.2,0.00955402845583396
2_2_2_5,-0.8,0.2,0.00955402845583396
3_2_2_0,-0.8,0.2,0.0
3_2_2_1,-0.8,0.2,0.0
3_2_2_2,-0.8,0.2,0.0
3_2_2_3,-0.8,0.2,0.0
3_2_2_4,-0.8,0.2,0.0027509337877038584
3_2_2_5,-0.8,0.2,0.0027509337877038584
4_2_2_0,-0.8,0.2,0.0
4_2_2_1,-0.8,0.2,0.0
4_2_2_2,-0.8,0.2,0.0
4_2_2_3,-0.8,0.2,0.0
4_2_2_4,-0.8,0.2,0.0027509337877038584
4_2_2_5,-0.8,0.2,0.008994837676033532
0_2_3_0,-0.8,0.3,0.0
0_2_3_1,-0.8,0.3,0.0
0_2_3_2,-0.8,0.3,0.0
0_2_3_3,-0.8,0.3,0.0027509337877038584
0_2_3_4,-0.8,0.3,0.00955402845583396
0_2_3_5,-0.8,0.3,0.0
1_2_3_0,-0.8,0.3,0.0
1_2_3_1,-0.8,0.3,0.0
1_2_3_2,-0.8,0.3,0.0
1_2_3_3,-0.8,0.3,0.0
1_2_3_4,-0.8,0.3,0.00955402845583396
1_2_3_5,-0.8,0.3,0.0
2_2_3_0,-0.8,0.3,0.0
2_2_3_1,-0.8,0.3,0.0
2_2_3_2,-0.8,0.3,0.0
2_2_3_3,-0.8,0.3,0.0
2_2_3_4,-0.8,0.3,0.00955402845583396
2_2_3_5,-0.8,0.3,0.00955402845583396
3_2_3_0,-0.8,0.3,0.0
3_2_3_1,-0.8,0.3,0.0
3_2_3_2,-0.8,0.3,0.0
3_2_3_3,-0.8,0.3,0.0
3_2_3_4,-0.8,0.3,0.0027509337877038584
3_2_3_5,-0.8,0.3,0.0027509337877038584
4_2_3_0,-0.8,0.3,0.0
4_2_3_1,-0.8,0.3,0.0
4_2_3_2,-0.8,0.3,0.0
4_2_3_3,-0.8,0.3,0.0
4_2_3_4,-0.8,0.3,0.0042615468492634544
4_2_3_5,-0.8,0.3,0.008940534217675157
0_2_4_0,-0.8,0.4,0.0
0_2_4_1,-0.8,0.4,0.0
0_2_4_2,-0.8,0.4,0.0
0_2_4_3,-0.8,0.4,0.0027509337877038584
0_2_4_4,-0.8,0.4,0.00955402845583396
0_2_4_5,-0.8,0.4,0.0
1_2_4_0,-0.8,0.4,0.0
1_2_4_1,-0.8,0.4,0.0
1_2_4_2,-0.8,0.4,0.0
1_2_4_3,-0.8,0.4,0.0
1_2_4_4,-0.8,0.4,0.00955402845583396
1_2_4_5,-0.8,0.4,0.0
2_2_4_0,-0.8,0.4,0.0
2_2_4_1,-0.8,0.4,0.0
2_2_4_2,-0.8,0.4,0.0
2_2_4_3,-0.8,0.4,0.0
2_2_4_4,-0.8,0.4,0.00955402845583396
2_2_4_5,-0.8,0.4,0.00955402845583396
3_2_4_0,-0.8,0.4,0.0
3_2_4_1,-0.8,0.4,0.0
3_2_4_2,-0.8,0.4,0.0
3_2_4_3,-0.8,0.4,0.0
3_2_4_4,-0.8,0.4,0.0027509337877038584
3_2_4_5,-0.8,0.4,0.0027509337877038584
4_2_4_0,-0.8,0.4,0.0
4_2_4_1,-0.8,0.4,0.0
4_2_4_2,-0.8,0.4,0.0
4_2_4_3,-0.8,0.4,0.0
4_2_4_4,-0.8,0.4,0.0042615468492634544
4_2_4_5,-0.8,0.4,0.008940534217675157
0_2_5_0,-0.8,0.5,0.0
0_2_5_1,-0.8,0.5,0.0
0_2_5_2,-0.8,0.5,0.0
0_2_5_3,-0.8,0.5,0.0027509337877038584
0_2_5_4,-0.8,0.5,0.0090303103415609
0_2_5_5,-0.8,0.5,0.0
1_2_5_0,-0.8,0.5,0.0
1_2_5_1,-0.8,0.5,0.0
1_2_5_2,-0.8,0.5,0.0
1_2_5_3,-0.8,0.5,0.0
1_2_5_4,-0.8,0.5,0.0090303103415609
1_2_5_5,-0.8,0.5,0.0
2_2_5_0,-0.8,0.5,0.0
2_2_5_1,-0.8,0.5,0.0
2_2_5_2,-0.8,0.5,0.0
2_2_5_3,-0.8,0.5,0.0
2_2_5_4,-0.8,0.5,0.009087885734677142
2_2_5_5,-0.8,0.5,0.009026734523654198
3_2_5_0,-0.8,0.5,0.0
3_2_5_1,-0.8,0.5,0.0
3_2_5_2,-0.8,0.5,0.0
3_2_5_3,-0.8,0.5,0.0
3_2_5_4,-0.8,0.5,0.0027509337877038584
3_2_5_5,-0.8,0.5,0.004221299894867086
4_2_5_0,-0.8,0.5,0.0
4_2_5_1,-0.8,0.5,0.0
4_2_5_2,-0.8,0.5,0.0
4_2_5_3,-0.8,0.5,0.0
4_2_5_4,-0.8,0.5,0.004253509271851686
4_2_5_5,-0.8,0.5,0.00908315381391629
0_2_6_0,-0.8,0.6,0.0
0_2_6_1,-0.8,0.6,0.0
0_2_6_2,-0.8,0.6,0.0
0_2_6_3,-0.8,0.6,0.0027509337877038584
0_2_6_4,-0.8,0.6,0.0090303103415609
0_2_6_5,-0.8,0.6,0.0
1_2_6_0,-0.8,0.6,0.0
1_2_6_1,-0.8,0.6,0.0
1_2_6_2,-0.8,0.6,0.0
1_2_6_3,-0.8,0.6,0.0
1_2_6_4,-0.8,0.6,0.0090303103415609
1_2_6_5,-0.8,0.6,0.0
2_2_6_0,-0.8,0.6,0.0
2_2_6_1,-0.8,0.6,0.0
2_2_6_2,-0.8,0.6,0.0
2_2_6_3,-0.8,0.6,0.0
2_2_6_4,-0.8,0.6,0.008978989095692572
2_2_6_5,-0.8,0.6,0.009333611885223575
3_2_6_0,-0.8,0.6,0.0
3_2_6_1,-0.8,0.6,0.0
3_2_6_2,-0.8,0.6,0.0
3_2_6_3,-0.8,0.6,0.0
3_2_6_4,-0.8,0.6,0.0027509337877038584
3_2_6_5,-0.8,0.6,0.004213233792478282
4_2_6_0,-0.8,0.6,0.0
4_2_6_1,-0.8,0.6,0.0
4_2_6_2,-0.8,0.6,0.0
4_2_6_3,-0.8,0.6,0.0
4_2_6_4,-0.8,0.6,0.004670127706004002
4_2_6_5,-0.8,0.6,0.008860975041067937
0_2_7_0,-0.8,0.7,0.0
0_2_7_1,-0.8,0.7,0.0
0_2_7_2,-0.8,0.7,0.0
0_2_7_3,-0.8,0.7,0.0027509337877038584
0_2_7_4,-0.8,0.7,0.008965677890168621
0_2_7_5,-0.8,0.7,0.0
1_2_7_0,-0.8,0.7,0.0
1_2_7_1,-0.8,0.7,0.0
1_2_7_2,-0.8,0.7,0.0
1_2_7_3,-0.8,0.7,0.0
1_2_7_4,-0.8,0.7,0.0090125911586768
1_2_7_5,-0.8,0.7,0.0
2_2_7_0,-0.8,0.7,0.0
2_2_7_1,-0.8,0.7,0.0
2_2_7_2,-0.8,0.7,0.0
2_2_7_3,-0.8,0.7,0.0
2_2_7_4,-0.8,0.7,0.019917261544069403
2_2_7_5,-0.8,0.7,0.03278667395132368
3_2_7_0,-0.8,0.7,0.0
3_2_7_1,-0.8,0.7,0.0
3_2_7_2,-0.8,0.7,0.0
3_2_7_3,-0.8,0.7,0.0
3_2_7_4,-0.8,0.7,0.0027509337877038584
3_2_7_5,-0.8,0.7,0.004734994800996395
4_2_7_0,-0.8,0.7,0.0
4_2_7_1,-0.8,0.7,0.0
4_2_7_2,-0.8,0.7,0.0
4_2_7_3,-0.8,0.7,0.0
4_2_7_4,-0.8,0.7,0.0042900707960547855
4_2_7_5,-0.8,0.7,0.009035967223216396
0_2_8_0,-0.8,0.8,0.0
0_2_8_1,-0.8,0.8,0.0
0_2_8_2,-0.8,0.8,0.0
0_2_8_3,-0.8,0.8,0.0027509337877038584
0_2_8_4,-0.8,0.8,0.010713246254105257
0_2_8_5,-0.8,0.8,0.0
1_2_8_0,-0.8,0.8,0.0
1_2_8_1,-0.8,0.8,0.0
1_2_8_2,-0.8,0.8,0.0
1_2_8_3,-0.8,0.8,0.0
1_2_8_4,-0.8,0.8,0.0090125911586768
1_2_8_5,-0.8,0.8,0.0
2_2_8_0,-0.8,0.8,0.0
2_2_8_1,-0.8,0.8,0.0
2_2_8_2,-0.8,0.8,0.0
2_2_8_3,-0.8,0.8,0.0
2_2_8_4,-0.8,0.8,0.010713246254105257
2_2_8_5,-0.8,0.8,0.029988646660010138
3_2_8_0,-0.8,0.8,0.0
3_2_8_1,-0.8,0.8,0.0
3_2_8_2,-0.8,0.8,0.0
3_2_8_3,-0.8,0.8,0.0
3_2_8_4,-0.8,0.8,0.0027509337877038584
3_2_8_5,-0.8,0.8,0.015523959682768146
4_2_8_0,-0.8,0.8,0.0
4_2_8_1,-0.8,0.8,0.0
4_2_8_2,-0.8,0.8,0.0
4_2_8_3,-0.8,0.8,0.0
4_2_8_4,-0.8,0.8,0.01051836166272084
4_2_8_5,-0.8,0.8,0.03935622477827373
0_2_9_0,-0.8,0.9,0.0
0_2_9_1,-0.8,0.9,0.0
0_2_9_2,-0.8,0.9,0.0
0_2_9_3,-0.8,0.9,0.0027509337877038584
0_2_9_4,-0.8,0.9,0.010713246254105257
0_2_9_5,-0.8,0.9,0.0
1_2_9_0,-0.8,0.9,0.0
1_2_9_1,-0.8,0.9,0.0
1_2_9_2,-0.8,0.9,0.0
1_2_9_3,-0.8,0.9,0.0
1_2_9_4,-0.8,0.9,0.0090125911586768
1_2_9_5,-0.8,0.9,0.0
2_2_9_0,-0.8,0.9,0.0
2_2_9_1,-0.8,0.9,0.0
2_2_9_2,-0.8,0.9,0.0
2_2_9_3,-0.8,0.9,0.0
2_2_9_4,-0.8,0.9,0.010713246254105257
2_2_9_5,-0.8,0.9,0.029988646660010138
3_2_9_0,-0.8,0.9,0.0
3_2_9_1,-0.8,0.9,0.0
3_2_9_2,-0.8,0.9,0.0
3_2_9_3,-0.8,0.9,0.0
3_2_9_4,-0.8,0.9,0.0027509337877038584
3_2_9_5,-0.8,0.9,0.010452240633310112
4_2_9_0,-0.8,0.9,0.0
4_2_9_1,-0.8,0.9,0.0
4_2_9_2,-0.8,0.9,0.0
4_2_9_3,-0.8,0.9,0.0
4_2_9_4,-0.8,0.9,0.01051836166272084
4_2_9_5,-0.8,0.9,0.029667169352151523
0_2_10_0,-0.8,1.0,0.0
0_2_10_1,-0.8,1.0,0.0
0_2_10_2,-0.8,1.0,0.0
0_2_10_3,-0.8,1.0,0.0027509337877038584
0_2_10_4,-0.8,1.0,0.010713246254105257
0_2_10_5,-0.8,1.0,0.0
1_2_10_0,-0.8,1.0,0.0
1_2_10_1,-0.8,1.0,0.0
1_2_10_2,-0.8,1.0,0.0
1_2_10_3,-0.8,1.0,0.0
1_2_10_4,-0.8,1.0,0.04693654281350639
1_2_10_5,-0.8,1.0,0.0
2_2_10_0,-0.8,1.0,0.0
2_2_10_1,-0.8,1.0,0.0
2_2_10_2,-0.8,1.0,0.0
2_2_10_3,-0.8,1.0,0.0
2_2_10_4,-0.8,1.0,0.010713246254105257
2_2_10_5,-0.8,1.0,0.029988646660010138
3_2_10_0,-0.8,1.0,0.0
3_2_10_1,-0.8,1.0,0.0
3_2_10_2,-0.8,1.0,0.0
3_2_10_3,-0.8,1.0,0.0
3_2_10_4,-0.8,1.0,0.0027509337877038584
3_2_10_5,-0.8,1.0,0.010452240633310112
4_2_10_0,-0.8,1.0,0.0
4_2_10_1,-0.8,1.0,0.0
4_2_10_2,-0.8,1.0,0.0
4_2_10_3,-0.8,1.0,0.0
4_2_10_4,-0.8,1.0,0.01051836166272084
4_2_10_5,-0.8,1.0,0.029667169352151523
0_3_0_0,-0.7,0.0,0.0
0_3_0_1,-0.7,0.0,0.0
0_3_0_2,-0.7,0.0,0.0
0_3_0_3,-0.7,0.0,0.014851707277163144
0_3_0_4,-0.7,0.0,0.0182427607670167
0_3_0_5,-0.7,0.0,0.00955402845583396
1_3_0_0,-0.7,0.0,0.0
1_3_0_1,-0.7,0.0,0.0
1_3_0_2,-0.7,0.0,0.0
1_3_0_3,-0.7,0.0,0.0027509337877038584
1_3_0_4,-0.7,0.0,0.016992875586199722
1_3_0_5,-0.7,0.0,0.03321266462877486
2_3_0_0,-0.7,0.0,0.0
2_3_0_1,-0.7,0.0,0.0
2_3_0_2,-0.7,0.0,0.0
2_3_0_3,-0.7,0.0,0.00955402845583396
2_3_0_4,-0.7,0.0,0.018343447910489554
2_3_0_5,-0.7,0.0,0.011257929465305672
3_3_0_0,-0.7,0.0,0.0
3_3_0_1,-0.7,0.0,0.0
3_3_0_2,-0.7,0.0,0.0
3_3_0_3,-0.7,0.0,0.014788831527567811
3_3_0_4,-0.7,0.0,0.007240359511160833
3_3_0_5,-0.7,0.0,0.009930927211195158
4_3_0_0,-0.7,0.0,0.0
4_3_0_1,-0.7,0.0,0.0
4_3_0_2,-0.7,0.0,0.00955402845583396
4_3_0_3,-0.7,0.0,0.0027509337877038584
4_3_0_4,-0.7,0.0,0.006301279101033391
4_3_0_5,-0.7,0.0,0.014940881145959328
0_3_1_0,-0.7,0.1,0.0
0_3_1_1,-0.7,0.1,0.0
0_3_1_2,-0.7,0.1,0.0
0_3_1_3,-0.7,0.1,0.014851707277163144
0_3_1_4,-0.7,0.1,0.019912145591547952
0_3_1_5,-0.7,0.1,0.00955402845583396
1_3_1_0,-0.7,0.1,0.0
1_3_1_1,-0.7,0.1,0.0
1_3_1_2,-0.7,0.1,0.0
1_3_1_3,-0.7,0.1,0.0027509337877038584
1_3_1_4,-0.7,0.1,0.016992875586199722
1_3_1_5,-0.7,0.1,0.03321266462877486
2_3_1_0,-0.7,0.1,0.0
2_3_1_1,-0.7,0.1,0.0
2_3_1_2,-0.7,0.1,0.0
2_3_1_3,-0.7,0.1,0.00955402845583396
2_3_1_4,-0.7,0.1,0.018343447910489554
2_3_1_5,-0.7,0.1,0.011257929465305672
3_3_1_0,-0.7,0.1,0.0
3_3_1_1,-0.7,0.1,0.0
3_3_1_2,-0.7,0.1,0.0
3_3_1_3,-0.7,0.1,0.014788831527567811
3_3_1_4,-0.7,0.1,0.007240359511160833
3_3_1_5,-0.7,0.1,0.009930927211195158
4_3_1_0,-0.7,0.1,0.0
4_3_1_1,-0.7,0.1,0.0
4_3_1_2,-0.7,0.1,0.00955402845583396
4_3_1_3,-0.7,0.1,0.0027509337877038584
4_3_1_4,-0.7,0.1,0.006296921256134499
4_3_1_5,-0.7,0.1,0.014940881145959328
0_3_2_0,-0.7,0.2,0.0
0_3_2_1,-0.7,0.2,0.0
0_3_2_2,-0.7,0.2,0.0
0_3_2_3,-0.7,0.2,0.014851707277163144
0_3_2_4,-0.7,0.2,0.019912145591547952
0_3_2_5,-0.7,0.2,0.00955402845583396
1_3_2_0,-0.7,0.2,0.0
1_3_2_1,-0.7,0.2,0.0
1_3_2_2,-0.7,0.2,0.0
1_3_2_3,-0.7,0.2,0.0027509337877038584
1_3_2_4,-0.7,0.2,0.016992875586199722
1_3_2_5,-0.7,0.2,0.03321266462877486
2_3_2_0,-0.7,0.2,0.0
2_3_2_1,-0.7,0.2,0.0
2_3_2_2,-0.7,0.2,0.0
2_3_2_3,-0.7,0.2,0.00955402845583396
2_3_2_4,-0.7,0.2,0.018343447910489554
2_3_2_5,-0.7,0.2,0.011257929465305672
3_3_2_0,-0.7,0.2,0.0
3_3_2_1,-0.7,0.2,0.0
3_3_2_2,-0.7,0.2,0.0
3_3_2_3,-0.7,0.2,0.014772212695872526
3_3_2_4,-0.7,0.2,0.007240359511160833
3_3_2_5,-0.7,0.2,0.009075356977874989
4_3_2_0,-0.7,0.2,0.0
4_3_2_1,-0.7,0.2,0.0
4_3_2_2,-0.7,0.2,0.00955402845583396
4_3_2_3,-0.7,0.2,0.0027509337877038584
4_3_2_4,-0.7,0.2,0.005223925522655971
4_3_2_5,-0.7,0.2,0.012419923313741693
0_3_3_0,-0.7,0.3,0.0
0_3_3_1,-0.7,0.3,0.0
0_3_3_2,-0.7,0.3,0.0
0_3_3_3,-0.7,0.3,0.014851707277163144
0_3_3_4,-0.7,0.3,0.019912145591547952
0_3_3_5,-0.7,0.3,0.00955402845583396
1_3_3_0,-0.7,0.3,0.0
1_3_3_1,-0.7,0.3,0.0
1_3_3_2,-0.7,0.3,0.0
1_3_3_3,-0.7,0.3,0.0027509337877038584
1_3_3_4,-0.7,0.3,0.016992875586199722
1_3_3_5,-0.7,0.3,0.03321266462877486
2_3_3_0,-0.7,0.3,0.0
2_3_3_1,-0.7,0.3,0.0
2_3_3_2,-0.7,0.3,0.0
2_3_3_3,-0.7,0.3,0.00955402845583396
2_3_3_4,-0.7,0.3,0.021265859079773457
2_3_3_5,-0.7,0.3,0.011576397370379863
3_3_3_0,-0.7,0.3,0.0
3_3_3_1,-0.7,0.3,0.0
3_3_3_2,-0.7,0.3,0.0
3_3_3_3,-0.7,0.3,0.013645661324157869
3_3_3_4,-0.7,0.3,0.00732238482853594
3_3_3_5,-0.7,0.3,0.009681767117470694
4_3_3_0,-0.7,0.3,0.0
4_3_3_1,-0.7,0.3,0.0
4_3_3_2,-0.7,0.3,0.00955402845583396
4_3_3_3,-0.7,0.3,0.0027509337877038584
4_3_3_4,-0.7,0.3,0.006334628524909314
4_3_3_5,-0.7,0.3,0.015171884556448115
0_3_4_0,-0.7,0.4,0.0
0_3_4_1,-0.7,0.4,0.0
0_3_4_2,-0.7,0.4,0.0
0_3_4_3,-0.7,0.4,0.014851707277163144
0_3_4_4,-0.7,0.4,0.019912145591547952
0_3_4_5,-0.7,0.4,0.00955402845583396
1_3_4_0,-0.7,0.4,0.0
1_3_4_1,-0.7,0.4,0.0
1_3_4_2,-0.7,0.4,0.0
1_3_4_3,-0.7,0.4,0.0027509337877038584
1_3_4_4,-0.7,0.4,0.01650118466064494
1_3_4_5,-0.7,0.4,0.03321266462877486
2_3_4_0,-0.7,0.4,0.0
2_3_4_1,-0.7,0.4,0.0
2_3_4_2,-0.7,0.4,0.0
2_3_4_3,-0.7,0.4,0.00955402845583396
2_3_4_4,-0.7,0.4,0.018711392026466944
2_3_4_5,-0.7,0.4,0.015540275621164315
3_3_4_0,-0.7,0.4,0.0
3_3_4_1,-0.7,0.4,0.0
3_3_4_2,-0.7,0.4,0.0
3_3_4_3,-0.7,0.4,0.013637375884624103
3_3_4_4,-0.7,0.4,0.00732238482853594
3_3_4_5,-0.7,0.4,0.009691018297069268
4_3_4_0,-0.7,0.4,0.0
4_3_4_1,-0.7,0.4,0.0
4_3_4_2,-0.7,0.4,0.00955402845583396
4_3_4_3,-0.7,0.4,0.0027509337877038584
4_3_4_4,-0.7,0.4,0.006334628524909314
4_3_4_5,-0.7,0.4,0.014749411581284932
0_3_5_0,-0.7,0.5,0.0
0_3_5_1,-0.7,0.5,0.0
0_3_5_2,-0.7,0.5,0.0
0_3_5_3,-0.7,0.5,0.014851707277163144
0_3_5_4,-0.7,0.5,0.020209752374912553
0_3_5_5,-0.7,0.5,0.009494001665736562
1_3_5_0,-0.7,0.5,0.0
1_3_5_1,-0.7,0.5,0.0
1_3_5_2,-0.7,0.5,0.0
1_3_5_3,-0.7,0.5,0.0027509337877038584
1_3_5_4,-0.7,0.5,0.017025417542813337
1_3_5_5,-0.7,0.5,0.026366544142563685
2_3_5_0,-0.7,0.5,0.0
2_3_5_1,-0.7,0.5,0.0
2_3_5_2,-0.7,0.5,0.0
2_3_5_3,-0.7,0.5,0.00955402845583396
2_3_5_4,-0.7,0.5,0.02050847585714756
2_3_5_5,-0.7,0.5,0.015444128907506084
3_3_5_0,-0.7,0.5,0.0
3_3_5_1,-0.7,0.5,0.0
3_3_5_2,-0.7,0.5,0.0
3_3_5_3,-0.7,0.5,0.01453745760170521
3_3_5_4,-0.7,0.5,0.00732238482853594
3_3_5_5,-0.7,0.5,0.007970785253393658
4_3_5_0,-0.7,0.5,0.0
4_3_5_1,-0.7,0.5,0.0
4_3_5_2,-0.7,0.5,0.00955402845583396
4_3_5_3,-0.7,0.5,0.0027509337877038584
4_3_5_4,-0.7,0.5,0.00527186687773607
4_3_5_5,-0.7,0.5,0.014788931290815108
0_3_6_0,-0.7,0.6,0.0
0_3_6_1,-0.7,0.6,0.0
0_3_6_2,-0.7,0.6,0.0
0_3_6_3,-0.7,0.6,0.014851707277163144
0_3_6_4,-0.7,0.6,0.01550698552166496
0_3_6_5,-0.7,0.6,0.008958384473388812
1_3_6_0,-0.7,0.6,0.0
1_3_6_1,-0.7,0.6,0.0
1_3_6_2,-0.7,0.6,0.0
1_3_6_3,-0.7,0.6,0.0027509337877038584
1_3_6_4,-0.7,0.6,0.017025417542813337
1_3_6_5,-0.7,0.6,0.026366544142563685
2_3_6_0,-0.7,0.6,0.0
2_3_6_1,-0.7,0.6,0.0
2_3_6_2,-0.7,0.6,0.0
2_3_6_3,-0.7,0.6,0.00955402845583396
2_3_6_4,-0.7,0.6,0.01677171003618269
2_3_6_5,-0.7,0.6,0.015660283643265993
3_3_6_0,-0.7,0.6,0.0
3_3_6_1,-0.7,0.6,0.0
3_3_6_2,-0.7,0.6,0.0
3_3_6_3,-0.7,0.6,0.013619060327722466
3_3_6_4,-0.7,0.6,0.00732238482853594
3_3_6_5,-0.7,0.6,0.009223329888040295
4_3_6_0,-0.7,0.6,0.0
4_3_6_1,-0.7,0.6,0.0
4_3_6_2,-0.7,0.6,0.00955402845583396
4_3_6_3,-0.7,0.6,0.0027509337877038584
4_3_6_4,-0.7,0.6,0.006433339625696705
4_3_6_5,-0.7,0.6,0.015458926826544964
0_3_7_0,-0.7,0.7,0.0
0_3_7_1,-0.7,0.7,0.0
0_3_7_2,-0.7,0.7,0.0
0_3_7_3,-0.7,0.7,0.014851707277163144
0_3_7_4,-0.7,0.7,0.04200677534244719
0_3_7_5,-0.7,0.7,0.00950698062419825
1_3_7_0,-0.7,0.7,0.0
1_3_7_1,-0.7,0.7,0.0
1_3_7_2,-0.7,0.7,0.0
1_3_7_3,-0.7,0.7,0.0027509337877038584
1_3_7_4,-0.7,0.7,0.015498498477558327
1_3_7_5,-0.7,0.7,0.026366544142563685
2_3_7_0,-0.7,0.7,0.0
2_3_7_1,-0.7,0.7,0.0
2_3_7_2,-0.7,0.7,0.0
2_3_7_3,-0.7,0.7,0.00955402845583396
2_3_7_4,-0.7,0.7,0.021909361863580827
2_3_7_5,-0.7,0.7,0.02369639326138344
3_3_7_0,-0.7,0.7,0.0
3_3_7_1,-0.7,0.7,0.0
3_3_7_2,-0.7,0.7,0.0
3_3_7_3,-0.7,0.7,0.012992682630367462
3_3_7_4,-0.7,0.7,0.008244551393395217
3_3_7_5,-0.7,0.7,0.00925913326513628
4_3_7_0,-0.7,0.7,0.0
4_3_7_1,-0.7,0.7,0.0
4_3_7_2,-0.7,0.7,0.00955402845583396
4_3_7_3,-0.7,0.7,0.0027509337877038584
4_3_7_4,-0.7,0.7,0.006435146224664638
4_3_7_5,-0.7,0.7,0.024113805135953275
0_3_8_0,-0.7,0.8,0.0
0_3_8_1,-0.7,0.8,0.0
0_3_8_2,-0.7,0.8,0.0
0_3_8_3,-0.7,0.8,0.014851707277163144
0_3_8_4,-0.7,0.8,0.0645626876272885
0_3_8_5,-0.7,0.8,0.023354163096008705
1_3_8_0,-0.7,0.8,0.0
1_3_8_1,-0.7,0.8,0.0
1_3_8_2,-0.7,0.8,0.0
1_3_8_3,-0.7,0.8,0.0027509337877038584
1_3_8_4,-0.7,0.8,0.04261890474380334
1_3_8_5,-0.7,0.8,0.02993111845919841
2_3_8_0,-0.7,0.8,0.0
2_3_8_1,-0.7,0.8,0.0
2_3_8_2,-0.7,0.8,0.0
2_3_8_3,-0.7,0.8,0.00955402845583396
2_3_8_4,-0.7,0.8,0.0530227203834428
2_3_8_5,-0.7,0.8,0.03362182031508817
3_3_8_0,-0.7,0.8,0.0
3_3_8_1,-0.7,0.8,0.0
3_3_8_2,-0.7,0.8,0.0
3_3_8_3,-0.7,0.8,0.016720868403920924
3_3_8_4,-0.7,0.8,0.008244551393395217
3_3_8_5,-0.7,0.8,0.027323910340888408
4_3_8_0,-0.7,0.8,0.0
4_3_8_1,-0.7,0.8,0.0
4_3_8_2,-0.7,0.8,0.00955402845583396
4_3_8_3,-0.7,0.8,0.0027509337877038584
4_3_8_4,-0.7,0.8,0.01
4_3_8_5,-0.7,0.8,0.025600757805433215
0_3_9_0,-0.7,0.9,0.0
0_3_9_1,-0.7,0.9,0.0
0_3_9_2,-0.7,0.9,0.0
0_3_9_3,-0.7,0.9,0.014851707277163144
0_3_9_4,-0.7,0.9,0.06499445180562724
0_3_9_5,-0.7,0.9,0.027503836002928647
1_3_9_0,-0.7,0.9,0.0
1_3_9_1,-0.7,0.9,0.0
1_3_9_2,-0.7,0.9,0.0
1_3_9_3,-0.7,0.9,0.0027509337877038584
1_3_9_4,-0.7,0.9,0.03977736937319182
1_3_9_5,-0.7,0.9,0.03010927124998604
2_3_9_0,-0.7,0.9,0.0
2_3_9_1,-0.7,0.9,0.0
2_3_9_2,-0.7,0.9,0.0
2_3_9_3,-0.7,0.9,0.00955402845583396
2_3_9_4,-0.7,0.9,0.08531026391392113
2_3_9_5,-0.7,0.9,0.04659811706741699
3_3_9_0,-0.7,0.9,0.0
3_3_9_1,-0.7,0.9,0.0
3_3_9_2,-0.7,0.9,0.0
3_3_9_3,-0.7,0.9,0.016708273821617214
3_3_9_4,-0.7,0.9,0.009283366204754789
3_3_9_5,-0.7,0.9,0.02026054502456473
4_3_9_0,-0.7,0.9,0.0
4_3_9_1,-0.7,0.9,0.0
4_3_9_2,-0.7,0.9,0.00955402845583396
4_3_9_3,-0.7,0.9,0.0027509337877038584
4_3_9_4,-0.7,0.9,0.01
4_3_9_5,-0.7,0.9,0.04383865754497164
0_3_10_0,-0.7,1.0,0.0
0_3_10_1,-0.7,1.0,0.0
0_3_10_2,-0.7,1.0,0.0
0_3_10_3,-0.7,1.0,0.014851707277163144
0_3_10_4,-0.7,1.0,0.06470604526054138
0_3_10_5,-0.7,1.0,0.027503836002928647
1_3_10_0,-0.7,1.0,0.0
1_3_10_1,-0.7,1.0,0.0
1_3_10_2,-0.7,1.0,0.0
1_3_10_3,-0.7,1.0,0.010585492218219729
1_3_10_4,-0.7,1.0,0.05141966531826043
1_3_10_5,-0.7,1.0,0.05492250380973153
2_3_10_0,-0.7,1.0,0.0
2_3_10_1,-0.7,1.0,0.0
2_3_10_2,-0.7,1.0,0.0
2_3_10_3,-0.7,1.0,0.00955402845583396
2_3_10_4,-0.7,1.0,0.08466663723920653
2_3_10_5,-0.7,1.0,0.04659811706741699
3_3_10_0,-0.7,1.0,0.0
3_3_10_1,-0.7,1.0,0.0
3_3_10_2,-0.7,1.0,0.0
3_3_10_3,-0.7,1.0,0.016708273821617214
3_3_10_4,-0.7,1.0,0.009283366204754789
3_3_10_5,-0.7,1.0,0.02026054502456473
4_3_10_0,-0.7,1.0,0.0
4_3_10_1,-0.7,1.0,0.0
4_3_10_2,-0.7,1.0,0.00955402845583396
4_3_10_3,-0.7,1.0,0.0027509337877038584
4_3_10_4,-0.7,1.0,0.01
4_3_10_5,-0.7,1.0,0.04299716695634914
0_4_0_0,-0.6,0.0,0.0
0_4_0_1,-0.6,0.0,0.0027509337877038584
0_4_0_2,-0.6,0.0,0.0027509337877038584
0_4_0_3,-0.6,0.0,0.018317961360843904
0_4_0_4,-0.6,0.0,0.026343772164954565
0_4_0_5,-0.6,0.0,0.02550877537295815
1_4_0_0,-0.6,0.0,0.0
1_4_0_1,-0.6,0.0,0.0027509337877038584
1_4_0_2,-0.6,0.0,0.0
1_4_0_3,-0.6,0.0,0.011383564125690582
1_4_0_4,-0.6,0.0,0.029179720371078126
1_4_0_5,-0.6,0.0,0.03500360464291648
2_4_0_0,-0.6,0.0,0.0
2_4_0_1,-0.6,0.0,0.00955402845583396
2_4_0_2,-0.6,0.0,0.0027509337877038584
2_4_0_3,-0.6,0.0,0.02032377385114203
2_4_0_4,-0.6,0.0,0.0242418188036798
2_4_0_5,-0.6,0.0,0.022070010103462812
3_4_0_0,-0.6,0.0,0.0
3_4_0_1,-0.6,0.0,0.0
3_4_0_2,-0.6,0.0,0.014851707277163144
3_4_0_3,-0.6,0.0,0.025372706121367022
3_4_0_4,-0.6,0.0,0.018144416701461972
3_4_0_5,-0.6,0.0,0.0282287081259249
4_4_0_0,-0.6,0.0,0.0
4_4_0_1,-0.6,0.0,0.0
4_4_0_2,-0.6,0.0,0.023973966653660507
4_4_0_3,-0.6,0.0,0.028882927103764503
4_4_0_4,-0.6,0.0,0.02389986328944306
4_4_0_5,-0.6,0.0,0.03274146562659277
0_4_1_0,-0.6,0.1,0.0
0_4_1_1,-0.6,0.1,0.0027509337877038584
0_4_1_2,-0.6,0.1,0.0027509337877038584
0_4_1_3,-0.6,0.1,0.018317961360843904
0_4_1_4,-0.6,0.1,0.030181698529633216
0_4_1_5,-0.6,0.1,0.026458081605306067
1_4_1_0,-0.6,0.1,0.0
1_4_1_1,-0.6,0.1,0.0027509337877038584
1_4_1_2,-0.6,0.1,0.0
1_4_1_3,-0.6,0.1,0.011383564125690582
1_4_1_4,-0.6,0.1,0.029573055742503074
1_4_1_5,-0.6,0.1,0.035049250299058476
2_4_1_0,-0.6,0.1,0.0
2_4_1_1,-0.6,0.1,0.00955402845583396
2_4_1_2,-0.6,0.1,0.0027509337877038584
2_4_1_3,-0.6,0.1,0.02032377385114203
2_4_1_4,-0.6,0.1,0.024313217822703716
2_4_1_5,-0.6,0.1,0.02190037313693747
3_4_1_0,-0.6,0.1,0.0
3_4_1_1,-0.6,0.1,0.0
3_4_1_2,-0.6,0.1,0.014851707277163144
3_4_1_3,-0.6,0.1,0.026217447987706647
3_4_1_4,-0.6,0.1,0.018144416701461972
3_4_1_5,-0.6,0.1,0.0282287081259249
4_4_1_0,-0.6,0.1,0.0
4_4_1_1,-0.6,0.1,0.0
4_4_1_2,-0.6,0.1,0.023973966653660507
4_4_1_3,-0.6,0.1,0.02837052394614903
4_4_1_4,-0.6,0.1,0.02387832055261733
4_4_1_5,-0.6,0.1,0.030302637235964363
0_4_2_0,-0.6,0.2,0.0
0_4_2_1,-0.6,0.2,0.0027509337877038584
0_4_2_2,-0.6,0.2,0.0027509337877038584
0_4_2_3,-0.6,0.2,0.018317961360843904
0_4_2_4,-0.6,0.2,0.03083028699270887
0_4_2_5,-0.6,0.2,0.026458081605306067
1_4_2_0,-0.6,0.2,0.0
1_4_2_1,-0.6,0.2,0.0027509337877038584
1_4_2_2,-0.6,0.2,0.0
1_4_2_3,-0.6,0.2,0.011383564125690582
1_4_2_4,-0.6,0.2,0.029573055742503074
1_4_2_5,-0.6,0.2,0.035049250299058476
2_4_2_0,-0.6,0.2,0.0
2_4_2_1,-0.6,0.2,0.00955402845583396
2_4_2_2,-0.6,0.2,0.0027509337877038584
2_4_2_3,-0.6,0.2,0.02032377385114203
2_4_2_4,-0.6,0.2,0.024927634186253864
2_4_2_5,-0.6,0.2,0.022400685958998398
3_4_2_0,-0.6,0.2,0.0
3_4_2_1,-0.6,0.2,0.0
3_4_2_2,-0.6,0.2,0.014851707277163144
3_4_2_3,-0.6,0.2,0.026217447987706647
3_4_2_4,-0.6,0.2,0.018145694409537103
3_4_2_5,-0.6,0.2,0.027922532910535314
4_4_2_0,-0.6,0.2,0.0
4_4_2_1,-0.6,0.2,0.0
4_4_2_2,-0.6,0.2,0.023973966653660507
4_4_2_3,-0.6,0.2,0.028337943730708998
4_4_2_4,-0.6,0.2,0.023832574121097943
4_4_2_5,-0.6,0.2,0.028264067108467003
0_4_3_0,-0.6,0.3,0.0
0_4_3_1,-0.6,0.3,0.0027509337877038584
0_4_3_2,-0.6,0.3,0.0027509337877038584
0_4_3_3,-0.6,0.3,0.018317961360843904
0_4_3_4,-0.6,0.3,0.028480148391631002
0_4_3_5,-0.6,0.3,0.027430739698382743
1_4_3_0,-0.6,0.3,0.0
1_4_3_1,-0.6,0.3,0.0027509337877038584
1_4_3_2,-0.6,0.3,0.0
1_4_3_3,-0.6,0.3,0.011383564125690582
1_4_3_4,-0.6,0.3,0.026374645198389265
1_4_3_5,-0.6,0.3,0.03347395309280373
2_4_3_0,-0.6,0.3,0.0
2_4_3_1,-0.6,0.3,0.00955402845583396
2_4_3_2,-0.6,0.3,0.0027509337877038584
2_4_3_3,-0.6,0.3,0.021031458744916305
2_4_3_4,-0.6,0.3,0.02603931805221353
2_4_3_5,-0.6,0.3,0.022853810777684527
3_4_3_0,-0.6,0.3,0.0
3_4_3_1,-0.6,0.3,0.0
3_4_3_2,-0.6,0.3,0.014851707277163144
3_4_3_3,-0.6,0.3,0.028739964099732902
3_4_3_4,-0.6,0.3,0.0184936200340598
3_4_3_5,-0.6,0.3,0.029383561289854303
4_4_3_0,-0.6,0.3,0.0
4_4_3_1,-0.6,0.3,0.0
4_4_3_2,-0.6,0.3,0.023973966653660507
4_4_3_3,-0.6,0.3,0.02807895726696324
4_4_3_4,-0.6,0.3,0.023832574121097943
4_4_3_5,-0.6,0.3,0.027343854693387633
0_4_4_0,-0.6,0.4,0.0
0_4_4_1,-0.6,0.4,0.0027509337877038584
0_4_4_2,-0.6,0.4,0.0027509337877038584
0_4_4_3,-0.6,0.4,0.018317961360843904
0_4_4_4,-0.6,0.4,0.02716790358633359
0_4_4_5,-0.6,0.4,0.02707908083678815
1_4_4_0,-0.6,0.4,0.0
1_4_4_1,-0.6,0.4,0.0027509337877038584
1_4_4_2,-0.6,0.4,0.0
1_4_4_3,-0.6,0.4,0.011383564125690582
1_4_4_4,-0.6,0.4,0.024147895991329108
1_4_4_5,-0.6,0.4,0.032375209152507675
2_4_4_0,-0.6,0.4,0.0
2_4_4_1,-0.6,0.4,0.00955402845583396
2_4_4_2,-0.6,0.4,0.0027509337877038584
2_4_4_3,-0.6,0.4,0.021900320968874617
2_4_4_4,-0.6,0.4,0.024904706538212886
2_4_4_5,-0.6,0.4,0.02218767805490204
3_4_4_0,-0.6,0.4,0.0
3_4_4_1,-0.6,0.4,0.0
3_4_4_2,-0.6,0.4,0.014851707277163144
3_4_4_3,-0.6,0.4,0.027131824462244585
3_4_4_4,-0.6,0.4,0.018463564848170463
3_4_4_5,-0.6,0.4,0.027247601371624144
4_4_4_0,-0.6,0.4,0.0
4_4_4_1,-0.6,0.4,0.0
4_4_4_2,-0.6,0.4,0.023973966653660507
4_4_4_3,-0.6,0.4,0.027553627751317925
4_4_4_4,-0.6,0.4,0.02386588611056181
4_4_4_5,-0.6,0.4,0.0276536621303251
0_4_5_0,-0.6,0.5,0.0
0_4_5_1,-0.6,0.5,0.0027509337877038584
0_4_5_2,-0.6,0.5,0.0027509337877038584
0_4_5_3,-0.6,0.5,0.018317961360843904
0_4_5_4,-0.6,0.5,0.02774195851627905
0_4_5_5,-0.6,0.5,0.02584903631617167
1_4_5_0,-0.6,0.5,0.0
1_4_5_1,-0.6,0.5,0.0027509337877038584
1_4_5_2,-0.6,0.5,0.0
1_4_5_3,-0.6,0.5,0.013964380947611203
1_4_5_4,-0.6,0.5,0.024740961091417518
1_4_5_5,-0.6,0.5,0.025688864724928706
2_4_5_0,-0.6,0.5,0.0
2_4_5_1,-0.6,0.5,0.00955402845583396
2_4_5_2,-0.6,0.5,0.0027509337877038584
2_4_5_3,-0.6,0.5,0.023922911156571528
2_4_5_4,-0.6,0.5,0.024453281675137245
2_4_5_5,-0.6,0.5,0.020837579548921337
3_4_5_0,-0.6,0.5,0.0
3_4_5_1,-0.6,0.5,0.0
3_4_5_2,-0.6,0.5,0.014851707277163144
3_4_5_3,-0.6,0.5,0.02327015482680314
3_4_5_4,-0.6,0.5,0.01852834790750309
3_4_5_5,-0.6,0.5,0.02816764589820135
4_4_5_0,-0.6,0.5,0.0
4_4_5_1,-0.6,0.5,0.0
4_4_5_2,-0.6,0.5,0.024694513309061993
4_4_5_3,-0.6,0.5,0.027420579992705807
4_4_5_4,-0.6,0.5,0.02376253080826294
4_4_5_5,-0.6,0.5,0.030203628737931212
0_4_6_0,-0.6,0.6,0.0
0_4_6_1,-0.6,0.6,0.0027509337877038584
0_4_6_2,-0.6,0.6,0.0027509337877038584
0_4_6_3,-0.6,0.6,0.018317961360843904
0_4_6_4,-0.6,0.6,0.02503293949121108
0_4_6_5,-0.6,0.6,0.024798756425650468
1_4_6_0,-0.6,0.6,0.0
1_4_6_1,-0.6,0.6,0.0027509337877038584
1_4_6_2,-0.6,0.6,0.0
1_4_6_3,-0.6,0.6,0.012795136647077744
1_4_6_4,-0.6,0.6,0.01322732444839087
1_4_6_5,-0.6,0.6,0.011454207303195137
2_4_6_0,-0.6,0.6,0.0
2_4_6_1,-0.6,0.6,0.00955402845583396
2_4_6_2,-0.6,0.6,0.0027509337877038584
2_4_6_3,-0.6,0.6,0.02086166603428913
2_4_6_4,-0.6,0.6,0.026513060961392658
2_4_6_5,-0.6,0.6,0.024279985824578753
3_4_6_0,-0.6,0.6,0.0
3_4_6_1,-0.6,0.6,0.0
3_4_6_2,-0.6,0.6,0.014851707277163144
3_4_6_3,-0.6,0.6,0.019394967733854986
3_4_6_4,-0.6,0.6,0.01831430811296028
3_4_6_5,-0.6,0.6,0.02605760445653763
4_4_6_0,-0.6,0.6,0.0
4_4_6_1,-0.6,0.6,0.0
4_4_6_2,-0.6,0.6,0.024694513309061993
4_4_6_3,-0.6,0.6,0.027220671344513628
4_4_6_4,-0.6,0.6,0.024156512837898478
4_4_6_5,-0.6,0.6,0.024332942878113047
0_4_7_0,-0.6,0.7,0.0
0_4_7_1,-0.6,0.7,0.0027509337877038584
0_4_7_2,-0.6,0.7,0.0027509337877038584
0_4_7_3,-0.6,0.7,0.018317961360843904
0_4_7_4,-0.6,0.7,0.060358597057207745
0_4_7_5,-0.6,0.7,0.0304165990223483
1_4_7_0,-0.6,0.7,0.0
1_4_7_1,-0.6,0.7,0.0027509337877038584
1_4_7_2,-0.6,0.7,0.0
1_4_7_3,-0.6,0.7,0.012742932969378153
1_4_7_4,-0.6,0.7,0.022776608541835892
1_4_7_5,-0.6,0.7,0.014195577113149596
2_4_7_0,-0.6,0.7,0.0
2_4_7_1,-0.6,0.7,0.00955402845583396
2_4_7_2,-0.6,0.7,0.0027509337877038584
2_4_7_3,-0.6,0.7,0.013458698635130575
2_4_7_4,-0.6,0.7,0.03970380345789812
2_4_7_5,-0.6,0.7,0.02052242537118981
3_4_7_0,-0.6,0.7,0.0
3_4_7_1,-0.6,0.7,0.0
3_4_7_2,-0.6,0.7,0.014851707277163144
3_4_7_3,-0.6,0.7,0.008906732382561218
3_4_7_4,-0.6,0.7,0.018144853491964996
3_4_7_5,-0.6,0.7,0.023886346934530095
4_4_7_0,-0.6,0.7,0.0
4_4_7_1,-0.6,0.7,0.0
4_4_7_2,-0.6,0.7,0.024694513309061993
4_4_7_3,-0.6,0.7,0.019906833561717616
4_4_7_4,-0.6,0.7,0.024156512837898478
4_4_7_5,-0.6,0.7,0.031057762635240432
0_4_8_0,-0.6,0.8,0.0
0_4_8_1,-0.6,0.8,0.0027509337877038584
0_4_8_2,-0.6,0.8,0.0027509337877038584
0_4_8_3,-0.6,0.8,0.018317961360843904
0_4_8_4,-0.6,0.8,0.08164011332394797
0_4_8_5,-0.6,0.8,0.08759526868019536
1_4_8_0,-0.6,0.8,0.0
1_4_8_1,-0.6,0.8,0.0027509337877038584
1_4_8_2,-0.6,0.8,0.0
1_4_8_3,-0.6,0.8,0.01240884502517011
1_4_8_4,-0.6,0.8,0.08091082492490483
1_4_8_5,-0.6,0.8,0.10304367946634976
2_4_8_0,-0.6,0.8,0.0
2_4_8_1,-0.6,0.8,0.00955402845583396
2_4_8_2,-0.6,0.8,0.0027509337877038584
2_4_8_3,-0.6,0.8,0.058052157999782875
2_4_8_4,-0.6,0.8,0.07173619196115388
2_4_8_5,-0.6,0.8,0.054526023955354413
3_4_8_0,-0.6,0.8,0.0
3_4_8_1,-0.6,0.8,0.0
3_4_8_2,-0.6,0.8,0.014851707277163144
3_4_8_3,-0.6,0.8,0.11736228899472835
3_4_8_4,-0.6,0.8,0.020191679840533827
3_4_8_5,-0.6,0.8,0.08659889786277557
4_4_8_0,-0.6,0.8,0.0
4_4_8_1,-0.6,0.8,0.0
4_4_8_2,-0.6,0.8,0.024694513309061993
4_4_8_3,-0.6,0.8,0.06172207107602904
4_4_8_4,-0.6,0.8,0.028681751296716098
4_4_8_5,-0.6,0.8,0.08275409821184662
0_4_9_0,-0.6,0.9,0.0
0_4_9_1,-0.6,0.9,0.0027509337877038584
0_4_9_2,-0.6,0.9,0.0027509337877038584
0_4_9_3,-0.6,0.9,0.018317961360843904
0_4_9_4,-0.6,0.9,0.10248055321866195
0_4_9_5,-0.6,0.9,0.11612334754036807
1_4_9_0,-0.6,0.9,0.0
1_4_9_1,-0.6,0.9,0.0027509337877038584
1_4_9_2,-0.6,0.9,0.0
1_4_9_3,-0.6,0.9,0.014854352195750757
1_4_9_4,-0.6,0.9,0.12326157311684817
1_4_9_5,-0.6,0.9,0.1903187470745149
2_4_9_0,-0.6,0.9,0.0
2_4_9_1,-0.6,0.9,0.00955402845583396
2_4_9_2,-0.6,0.9,0.0027509337877038584
2_4_9_3,-0.6,0.9,0.07317935151529757
2_4_9_4,-0.6,0.9,0.07976822946034406
2_4_9_5,-0.6,0.9,0.07440126949696911
3_4_9_0,-0.6,0.9,0.0
3_4_9_1,-0.6,0.9,0.0
3_4_9_2,-0.6,0.9,0.014851707277163144
3_4_9_3,-0.6,0.9,0.1335504717006488
3_4_9_4,-0.6,0.9,0.07605673281837888
3_4_9_5,-0.6,0.9,0.17676782913079037
4_4_9_0,-0.6,0.9,0.0
4_4_9_1,-0.6,0.9,0.0
4_4_9_2,-0.6,0.9,0.024694513309061993
4_4_9_3,-0.6,0.9,0.06423004224242598
4_4_9_4,-0.6,0.9,0.06374679563004977
4_4_9_5,-0.6,0.9,0.08117132510880368
0_4_10_0,-0.6,1.0,0.0
0_4_10_1,-0.6,1.0,0.0027509337877038584
0_4_10_2,-0.6,1.0,0.0027509337877038584
0_4_10_3,-0.6,1.0,0.018317961360843904
0_4_10_4,-0.6,1.0,0.10281105300138574
0_4_10_5,-0.6,1.0,0.11497225378522026
1_4_10_0,-0.6,1.0,0.0
1_4_10_1,-0.6,1.0,0.0027509337877038584
1_4_10_2,-0.6,1.0,0.0
1_4_10_3,-0.6,1.0,0.01571674192772444
1_4_10_4,-0.6,1.0,0.12217549725479986
1_4_10_5,-0.6,1.0,0.22444072308031923
2_4_10_0,-0.6,1.0,0.0
2_4_10_1,-0.6,1.0,0.00955402845583396
2_4_10_2,-0.6,1.0,0.0027509337877038584
2_4_10_3,-0.6,1.0,0.08342676846043885
2_4_10_4,-0.6,1.0,0.08010303629827992
2_4_10_5,-0.6,1.0,0.08471599985519633
3_4_10_0,-0.6,1.0,0.0
3_4_10_1,-0.6,1.0,0.0
3_4_10_2,-0.6,1.0,0.014851707277163144
3_4_10_3,-0.6,1.0,0.13410563947908852
3_4_10_4,-0.6,1.0,0.07520641466254221
3_4_10_5,-0.6,1.0,0.1844119336782531
4_4_10_0,-0.6,1.0,0.0
4_4_10_1,-0.6,1.0,0.0
4_4_10_2,-0.6,1.0,0.024694513309061993
4_4_10_3,-0.6,1.0,0.06406482900502505
4_4_10_4,-0.6,1.0,0.06394577147709424
4_4_10_5,-0.6,1.0,0.08108894524078233
0_5_0_0,-0.5,0.0,0.0
0_5_0_1,-0.5,0.0,0.00955402845583396
0_5_0_2,-0.5,0.0,0.02032377385114203
0_5_0_3,-0.5,0.0,0.034976207850716146
0_5_0_4,-0.5,0.0,0.04179337214927967
0_5_0_5,-0.5,0.0,0.03332673376408108
1_5_0_0,-0.5,0.0,0.0
1_5_0_1,-0.5,0.0,0.00955402845583396
1_5_0_2,-0.5,0.0,0.03321266462877486
1_5_0_3,-0.5,0.0,0.03216016944875696
1_5_0_4,-0.5,0.0,0.03573988409385704
1_5_0_5,-0.5,0.0,0.02474641271728992
2_5_0_0,-0.5,0.0,0.0
2_5_0_1,-0.5,0.0,0.007240359511160833
2_5_0_2,-0.5,0.0,0.028882927103764503
2_5_0_3,-0.5,0.0,0.021534069294015544
2_5_0_4,-0.5,0.0,0.03218678659076174
2_5_0_5,-0.5,0.0,0.028703637795287885
3_5_0_0,-0.5,0.0,0.0
3_5_0_1,-0.5,0.0,0.0
3_5_0_2,-0.5,0.0,0.04113738825593632
3_5_0_3,-0.5,0.0,0.035048962038893995
3_5_0_4,-0.5,0.0,0.030468170341114965
3_5_0_5,-0.5,0.0,0.0337996542527217
4_5_0_0,-0.5,0.0,0.0
4_5_0_1,-0.5,0.0,0.0027509337877038584
4_5_0_2,-0.5,0.0,0.03473875841840281
4_5_0_3,-0.5,0.0,0.027468916293437718
4_5_0_4,-0.5,0.0,0.03191632864011226
4_5_0_5,-0.5,0.0,0.03439103538180897
0_5_1_0,-0.5,0.1,0.0
0_5_1_1,-0.5,0.1,0.00955402845583396
0_5_1_2,-0.5,0.1,0.02032377385114203
0_5_1_3,-0.5,0.1,0.034976207850716146
0_5_1_4,-0.5,0.1,0.03759013168390643
0_5_1_5,-0.5,0.1,0.03305036773461623
1_5_1_0,-0.5,0.1,0.0
1_5_1_1,-0.5,0.1,0.00955402845583396
1_5_1_2,-0.5,0.1,0.03321266462877486
1_5_1_3,-0.5,0.1,0.03204783223568953
1_5_1_4,-0.5,0.1,0.03432554439498398
1_5_1_5,-0.5,0.1,0.031409667152465105
2_5_1_0,-0.5,0.1,0.0
2_5_1_1,-0.5,0.1,0.007240359511160833
2_5_1_2,-0.5,0.1,0.028882927103764503
2_5_1_3,-0.5,0.1,0.021534069294015544
2_5_1_4,-0.5,0.1,0.0324764900468497
2_5_1_5,-0.5,0.1,0.030232536037630212
3_5_1_0,-0.5,0.1,0.0
3_5_1_1,-0.5,0.1,0.0
3_5_1_2,-0.5,0.1,0.04113738825593632
3_5_1_3,-0.5,0.1,0.035048962038893995
3_5_1_4,-0.5,0.1,0.030530405445607867
3_5_1_5,-0.5,0.1,0.033558999882624736
4_5_1_0,-0.5,0.1,0.0
4_5_1_1,-0.5,0.1,0.0027509337877038584
4_5_1_2,-0.5,0.1,0.03473875841840281
4_5_1_3,-0.5,0.1,0.027468916293437718
4_5_1_4,-0.5,0.1,0.03191632864011226
4_5_1_5,-0.5,0.1,0.03289162996570475
0_5_2_0,-0.5,0.2,0.0
0_5_2_1,-0.5,0.2,0.00955402845583396
0_5_2_2,-0.5,0.2,0.02032377385114203
0_5_2_3,-0.5,0.2,0.034976207850716146
0_5_2_4,-0.5,0.2,0.036075969991703524
0_5_2_5,-0.5,0.2,0.03222592247261431
1_5_2_0,-0.5,0.2,0.0
1_5_2_1,-0.5,0.2,0.00955402845583396
1_5_2_2,-0.5,0.2,0.03321266462877486
1_5_2_3,-0.5,0.2,0.03204783223568953
1_5_2_4,-0.5,0.2,0.03467340893896043
1_5_2_5,-0.5,0.2,0.024421805029600136
2_5_2_0,-0.5,0.2,0.0
2_5_2_1,-0.5,0.2,0.007240359511160833
2_5_2_2,-0.5,0.2,0.028882927103764503
2_5_2_3,-0.5,0.2,0.021534069294015544
2_5_2_4,-0.5,0.2,0.029207669248826156
2_5_2_5,-0.5,0.2,0.030160733589049058
3_5_2_0,-0.5,0.2,0.0
3_5_2_1,-0.5,0.2,0.0
3_5_2_2,-0.5,0.2,0.04113738825593632
3_5_2_3,-0.5,0.2,0.034138142090665825
3_5_2_4,-0.5,0.2,0.0298127495096129
3_5_2_5,-0.5,0.2,0.0255828076603602
4_5_2_0,-0.5,0.2,0.0
4_5_2_1,-0.5,0.2,0.0027509337877038584
4_5_2_2,-0.5,0.2,0.03571573276610356
4_5_2_3,-0.5,0.2,0.030129729824437138
4_5_2_4,-0.5,0.2,0.03111247605167167
4_5_2_5,-0.5,0.2,0.03284826961804891
0_5_3_0,-0.5,0.3,0.0
0_5_3_1,-0.5,0.3,0.00955402845583396
0_5_3_2,-0.5,0.3,0.02032377385114203
0_5_3_3,-0.5,0.3,0.034976207850716146
0_5_3_4,-0.5,0.3,0.034432248855642104
0_5_3_5,-0.5,0.3,0.028442405595868275
1_5_3_0,-0.5,0.3,0.0
1_5_3_1,-0.5,0.3,0.00955402845583396
1_5_3_2,-0.5,0.3,0.03321266462877486
1_5_3_3,-0.5,0.3,0.03202114563472286
1_5_3_4,-0.5,0.3,0.035278608051491744
1_5_3_5,-0.5,0.3,0.027066632049763343
2_5_3_0,-0.5,0.3,0.0
2_5_3_1,-0.5,0.3,0.007240359511160833
2_5_3_2,-0.5,0.3,0.028882927103764503
2_5_3_3,-0.5,0.3,0.021506316225207555
2_5_3_4,-0.5,0.3,0.030796966613943166
2_5_3_5,-0.5,0.3,0.032838069906768845
3_5_3_0,-0.5,0.3,0.0
3_5_3_1,-0.5,0.3,0.0
3_5_3_2,-0.5,0.3,0.04108705893227654
3_5_3_3,-0.5,0.3,0.033277729774885974
3_5_3_4,-0.5,0.3,0.02926529245730782
3_5_3_5,-0.5,0.3,0.01732910128385733
4_5_3_0,-0.5,0.3,0.0
4_5_3_1,-0.5,0.3,0.0027509337877038584
4_5_3_2,-0.5,0.3,0.03571573276610356
4_5_3_3,-0.5,0.3,0.030129729824437138
4_5_3_4,-0.5,0.3,0.030884046401754826
4_5_3_5,-0.5,0.3,0.0311317021065793
0_5_4_0,-0.5,0.4,0.0
0_5_4_1,-0.5,0.4,0.00955402845583396
0_5_4_2,-0.5,0.4,0.02032377385114203
0_5_4_3,-0.5,0.4,0.034280942637545025
0_5_4_4,-0.5,0.4,0.029185003007757317
0_5_4_5,-0.5,0.4,0.018280449109996617
1_5_4_0,-0.5,0.4,0.0
1_5_4_1,-0.5,0.4,0.00955402845583396
1_5_4_2,-0.5,0.4,0.03321266462877486
1_5_4_3,-0.5,0.4,0.03185041770457492
1_5_4_4,-0.5,0.4,0.031334824753358276
1_5_4_5,-0.5,0.4,0.0163592805935764
2_5_4_0,-0.5,0.4,0.0
2_5_4_1,-0.5,0.4,0.007240359511160833
2_5_4_2,-0.5,0.4,0.028882927103764503
2_5_4_3,-0.5,0.4,0.017063302238995992
2_5_4_4,-0.5,0.4,0.0349906378313469
2_5_4_5,-0.5,0.4,0.03221515327443093
3_5_4_0,-0.5,0.4,0.0
3_5_4_1,-0.5,0.4,0.0
3_5_4_2,-0.5,0.4,0.040687866208647956
3_5_4_3,-0.5,0.4,0.032407316355931984
3_5_4_4,-0.5,0.4,0.025750550792811425
3_5_4_5,-0.5,0.4,0.01764819419688139
4_5_4_0,-0.5,0.4,0.0
4_5_4_1,-0.5,0.4,0.0027509337877038584
4_5_4_2,-0.5,0.4,0.03616955555748805
4_5_4_3,-0.5,0.4,0.031018839111075447
4_5_4_4,-0.5,0.4,0.030288031585831248
4_5_4_5,-0.5,0.4,0.03283048738705604
0_5_5_0,-0.5,0.5,0.0
0_5_5_1,-0.5,0.5,0.00955402845583396
0_5_5_2,-0.5,0.5,0.02032377385114203
0_5_5_3,-0.5,0.5,0.035090282997958994
0_5_5_4,-0.5,0.5,0.026402860066210065
0_5_5_5,-0.5,0.5,0.021891700023301493
1_5_5_0,-0.5,0.5,0.0
1_5_5_1,-0.5,0.5,0.00955402845583396
1_5_5_2,-0.5,0.5,0.03321266462877486
1_5_5_3,-0.5,0.5,0.03283026407239319
1_5_5_4,-0.5,0.5,0.031216955177878997
1_5_5_5,-0.5,0.5,0.01928409878208783
2_5_5_0,-0.5,0.5,0.0
2_5_5_1,-0.5,0.5,0.007240359511160833
2_5_5_2,-0.5,0.5,0.028882927103764503
2_5_5_3,-0.5,0.5,0.019048102267794905
2_5_5_4,-0.5,0.5,0.022812205583414687
2_5_5_5,-0.5,0.5,0.027329764263520146
3_5_5_0,-0.5,0.5,0.0
3_5_5_1,-0.5,0.5,0.0
3_5_5_2,-0.5,0.5,0.040687866208647956
3_5_5_3,-0.5,0.5,0.017895805960819938
3_5_5_4,-0.5,0.5,0.0250205109598351
3_5_5_5,-0.5,0.5,0.01688122481990828
4_5_5_0,-0.5,0.5,0.0
4_5_5_1,-0.5,0.5,0.0027509337877038584
4_5_5_2,-0.5,0.5,0.03592974793471043
4_5_5_3,-0.5,0.5,0.025489701466117627
4_5_5_4,-0.5,0.5,0.029576641101329938
4_5_5_5,-0.5,0.5,0.03181909188052143
0_5_6_0,-0.5,0.6,0.0
0_5_6_1,-0.5,0.6,0.00955402845583396
0_5_6_2,-0.5,0.6,0.022125384931737133
0_5_6_3,-0.5,0.6,0.035090282997958994
0_5_6_4,-0.5,0.6,0.019646249208148295
0_5_6_5,-0.5,0.6,0.025199747045628582
1_5_6_0,-0.5,0.6,0.0
1_5_6_1,-0.5,0.6,0.00955402845583396
1_5_6_2,-0.5,0.6,0.03287278816473898
1_5_6_3,-0.5,0.6,0.0325454478872953
1_5_6_4,-0.5,0.6,0.0023872481330059515
1_5_6_5,-0.5,0.6,0.021330520262650515
2_5_6_0,-0.5,0.6,0.0
2_5_6_1,-0.5,0.6,0.007240359511160833
2_5_6_2,-0.5,0.6,0.028850992609242114
2_5_6_3,-0.5,0.6,0.0172756950920993
2_5_6_4,-0.5,0.6,0.01723462020601121
2_5_6_5,-0.5,0.6,0.02904645604416691
3_5_6_0,-0.5,0.6,0.0
3_5_6_1,-0.5,0.6,0.0
3_5_6_2,-0.5,0.6,0.040687866208647956
3_5_6_3,-0.5,0.6,0.016051936731236234
3_5_6_4,-0.5,0.6,0.01958657972833323
3_5_6_5,-0.5,0.6,0.03028944283709656
4_5_6_0,-0.5,0.6,0.0
4_5_6_1,-0.5,0.6,0.0027509337877038584
4_5_6_2,-0.5,0.6,0.029388353211400785
4_5_6_3,-0.5,0.6,0.01858273197716078
4_5_6_4,-0.5,0.6,0.02619970324842065
4_5_6_5,-0.5,0.6,0.027063748145981552
0_5_7_0,-0.5,0.7,0.0
0_5_7_1,-0.5,0.7,0.00955402845583396
0_5_7_2,-0.5,0.7,0.022125384931737133
0_5_7_3,-0.5,0.7,0.03228047954275542
0_5_7_4,-0.5,0.7,0.019830516935126552
0_5_7_5,-0.5,0.7,0.041356390277063816
1_5_7_0,-0.5,0.7,0.0
1_5_7_1,-0.5,0.7,0.00955402845583396
1_5_7_2,-0.5,0.7,0.031914819011962414
1_5_7_3,-0.5,0.7,0.04340385686693419
1_5_7_4,-0.5,0.7,0.019577646642753226
1_5_7_5,-0.5,0.7,0.013517364939676021
2_5_7_0,-0.5,0.7,0.0
2_5_7_1,-0.5,0.7,0.007240359511160833
2_5_7_2,-0.5,0.7,0.028850992609242114
2_5_7_3,-0.5,0.7,0.01901902516661262
2_5_7_4,-0.5,0.7,0.018139992185736552
2_5_7_5,-0.5,0.7,0.04876842560611621
3_5_7_0,-0.5,0.7,0.0
3_5_7_1,-0.5,0.7,0.0
3_5_7_2,-0.5,0.7,0.03988459643349665
3_5_7_3,-0.5,0.7,0.022270668674410476
3_5_7_4,-0.5,0.7,0.026589906773367266
3_5_7_5,-0.5,0.7,0.020037398950805897
4_5_7_0,-0.5,0.7,0.0
4_5_7_1,-0.5,0.7,0.0027509337877038584
4_5_7_2,-0.5,0.7,0.01750075875235509
4_5_7_3,-0.5,0.7,0.03143698236244626
4_5_7_4,-0.5,0.7,0.026340449889985074
4_5_7_5,-0.5,0.7,0.0353769670667635
0_5_8_0,-0.5,0.8,0.0
0_5_8_1,-0.5,0.8,0.00955402845583396
0_5_8_2,-0.5,0.8,0.022125384931737133
0_5_8_3,-0.5,0.8,0.07346341618146121
0_5_8_4,-0.5,0.8,0.1398418402997246
0_5_8_5,-0.5,0.8,0.08973944795023062
1_5_8_0,-0.5,0.8,0.0
1_5_8_1,-0.5,0.8,0.00955402845583396
1_5_8_2,-0.5,0.8,0.03129244192006854
1_5_8_3,-0.5,0.8,0.05883748331361038
1_5_8_4,-0.5,0.8,0.0901173646732879
1_5_8_5,-0.5,0.8,0.22993999256215042
2_5_8_0,-0.5,0.8,0.0
2_5_8_1,-0.5,0.8,0.007240359511160833
2_5_8_2,-0.5,0.8,0.028850992609242114
2_5_8_3,-0.5,0.8,0.08512674252862122
2_5_8_4,-0.5,0.8,0.08776371624744529
2_5_8_5,-0.5,0.8,0.10164038574371026
3_5_8_0,-0.5,0.8,0.0
3_5_8_1,-0.5,0.8,0.0
3_5_8_2,-0.5,0.8,0.03988459643349665
3_5_8_3,-0.5,0.8,0.1917255677432438
3_5_8_4,-0.5,0.8,0.0903320303375605
3_5_8_5,-0.5,0.8,0.22419395805708314
4_5_8_0,-0.5,0.8,0.0
4_5_8_1,-0.5,0.8,0.0027509337877038584
4_5_8_2,-0.5,0.8,0.20188651154180254
4_5_8_3,-0.5,0.8,0.07184689382169397
4_5_8_4,-0.5,0.8,0.11077096631790578
4_5_8_5,-0.5,0.8,0.1490085205957843
0_5_9_0,-0.5,0.9,0.0
0_5_9_1,-0.5,0.9,0.00955402845583396
0_5_9_2,-0.5,0.9,0.022125384931737133
0_5_9_3,-0.5,0.9,0.13620963248090706
0_5_9_4,-0.5,0.9,0.2855824916182364
0_5_9_5,-0.5,0.9,0.17490996693614724
1_5_9_0,-0.5,0.9,0.0
1_5_9_1,-0.5,0.9,0.00955402845583396
1_5_9_2,-0.5,0.9,0.10325143704808952
1_5_9_3,-0.5,0.9,0.08095801527576385
1_5_9_4,-0.5,0.9,0.1639657482071251
1_5_9_5,-0.5,0.9,0.2676993576724884
2_5_9_0,-0.5,0.9,0.0
2_5_9_1,-0.5,0.9,0.007240359511160833
2_5_9_2,-0.5,0.9,0.028850992609242114
2_5_9_3,-0.5,0.9,0.08347401622193676
2_5_9_4,-0.5,0.9,0.08864551994234307
2_5_9_5,-0.5,0.9,0.12386961867218893
3_5_9_0,-0.5,0.9,0.0
3_5_9_1,-0.5,0.9,0.0
3_5_9_2,-0.5,0.9,0.039833173357122
3_5_9_3,-0.5,0.9,0.18185675834785878
3_5_9_4,-0.5,0.9,0.12315267267779684
3_5_9_5,-0.5,0.9,0.3357289530315014
4_5_9_0,-0.5,0.9,0.0
4_5_9_1,-0.5,0.9,0.0027509337877038584
4_5_9_2,-0.5,0.9,0.2151996107238792
4_5_9_3,-0.5,0.9,0.06937258337339733
4_5_9_4,-0.5,0.9,0.14320532555436605
4_5_9_5,-0.5,0.9,0.17528634232821694
0_5_10_0,-0.5,1.0,0.0
0_5_10_1,-0.5,1.0,0.00955402845583396
0_5_10_2,-0.5,1.0,0.022125384931737133
0_5_10_3,-0.5,1.0,0.13707747670060616
0_5_10_4,-0.5,1.0,0.28244709184166694
0_5_10_5,-0.5,1.0,0.1737325249154318
1_5_10_0,-0.5,1.0,0.0
1_5_10_1,-0.5,1.0,0.00955402845583396
1_5_10_2,-0.5,1.0,0.10160801118945224
1_5_10_3,-0.5,1.0,0.08501443139602888
1_5_10_4,-0.5,1.0,0.2124941095862456
1_5_10_5,-0.5,1.0,0.3235865972677208
2_5_10_0,-0.5,1.0,0.0
2_5_10_1,-0.5,1.0,0.007240359511160833
2_5_10_2,-0.5,1.0,0.028850992609242114
2_5_10_3,-0.5,1.0,0.08242990182631679
2_5_10_4,-0.5,1.0,0.14573282574872126
2_5_10_5,-0.5,1.0,0.1327565211363727
3_5_10_0,-0.5,1.0,0.0
3_5_10_1,-0.5,1.0,0.0
3_5_10_2,-0.5,1.0,0.1033343453073115
3_5_10_3,-0.5,1.0,0.18239828986241996
3_5_10_4,-0.5,1.0,0.15259576291473548
3_5_10_5,-0.5,1.0,0.38098502455243805
4_5_10_0,-0.5,1.0,0.0
4_5_10_1,-0.5,1.0,0.0027509337877038584
4_5_10_2,-0.5,1.0,0.2121121341273705
4_5_10_3,-0.5,1.0,0.07025575916607446
4_5_10_4,-0.5,1.0,0.1990167169909699
4_5_10_5,-0.5,1.0,0.23914302036960333
0_6_0_0,-0.4,0.0,0.0
0_6_0_1,-0.4,0.0,0.027093955058209215
0_6_0_2,-0.4,0.0,0.032199812781881124
0_6_0_3,-0.4,0.0,0.03906146512604339
0_6_0_4,-0.4,0.0,0.002268707708807027
0_6_0_5,-0.4,0.0,0.03489781186778332
1_6_0_0,-0.4,0.0,0.0
1_6_0_1,-0.4,0.0,0.031435272579505694
1_6_0_2,-0.4,0.0,0.021640427426404048
1_6_0_3,-0.4,0.0,0.028342139312253822
1_6_0_4,-0.4,0.0,0.005375420943634523
1_6_0_5,-0.4,0.0,0.024146761002895395
2_6_0_0,-0.4,0.0,0.0
2_6_0_1,-0.4,0.0,0.029467752190798863
2_6_0_2,-0.4,0.0,0.02718022094600219
2_6_0_3,-0.4,0.0,0.03742622592717071
2_6_0_4,-0.4,0.0,0.030795852915802537
2_6_0_5,-0.4,0.0,0.03629981693535762
3_6_0_0,-0.4,0.0,0.0
3_6_0_1,-0.4,0.0,0.00955402845583396
3_6_0_2,-0.4,0.0,0.036989855144424655
3_6_0_3,-0.4,0.0,0.0361523807607595
3_6_0_4,-0.4,0.0,0.036505448073674854
3_6_0_5,-0.4,0.0,0.029766920325089975
4_6_0_0,-0.4,0.0,0.0
4_6_0_1,-0.4,0.0,0.019673094779368336
4_6_0_2,-0.4,0.0,0.03393164168870497
4_6_0_3,-0.4,0.0,0.0324083803390131
4_6_0_4,-0.4,0.0,0.04243088428795461
4_6_0_5,-0.4,0.0,0.036151627667076365
0_6_1_0,-0.4,0.1,0.0
0_6_1_1,-0.4,0.1,0.027093955058209215
0_6_1_2,-0.4,0.1,0.032199812781881124
0_6_1_3,-0.4,0.1,0.03677900468367806
0_6_1_4,-0.4,0.1,0.0026217636383763696
0_6_1_5,-0.4,0.1,0.0301915837960015
1_6_1_0,-0.4,0.1,0.0
1_6_1_1,-0.4,0.1,0.031435272579505694
1_6_1_2,-0.4,0.1,0.0208014573197389
1_6_1_3,-0.4,0.1,0.027765681643792464
1_6_1_4,-0.4,0.1,0.004569668751026317
1_6_1_5,-0.4,0.1,0.019111666680647257
2_6_1_0,-0.4,0.1,0.0
2_6_1_1,-0.4,0.1,0.029467752190798863
2_6_1_2,-0.4,0.1,0.02718022094600219
2_6_1_3,-0.4,0.1,0.03486141413896715
2_6_1_4,-0.4,0.1,0.03026244290582213
2_6_1_5,-0.4,0.1,0.03841975926493601
3_6_1_0,-0.4,0.1,0.0
3_6_1_1,-0.4,0.1,0.00955402845583396
3_6_1_2,-0.4,0.1,0.03699805144443333
3_6_1_3,-0.4,0.1,0.03575299815315921
3_6_1_4,-0.4,0.1,0.03455551280468015
3_6_1_5,-0.4,0.1,0.025901796339522918
4_6_1_0,-0.4,0.1,0.0
4_6_1_1,-0.4,0.1,0.019673094779368336
4_6_1_2,-0.4,0.1,0.03393164168870497
4_6_1_3,-0.4,0.1,0.03376569675716796
4_6_1_4,-0.4,0.1,0.042301995325283094
4_6_1_5,-0.4,0.1,0.0345839165224542
0_6_2_0,-0.4,0.2,0.0
0_6_2_1,-0.4,0.2,0.027093955058209215
0_6_2_2,-0.4,0.2,0.032199812781881124
0_6_2_3,-0.4,0.2,0.033227807788363116
0_6_2_4,-0.4,0.2,0.0031471370866376063
0_6_2_5,-0.4,0.2,0.024141020356861904
1_6_2_0,-0.4,0.2,0.0
1_6_2_1,-0.4,0.2,0.031435272579505694
1_6_2_2,-0.4,0.2,0.0208014573197389
1_6_2_3,-0.4,0.2,0.026569485558087542
1_6_2_4,-0.4,0.2,0.00405174378491753
1_6_2_5,-0.4,0.2,0.020961829134742968
2_6_2_0,-0.4,0.2,0.0
2_6_2_1,-0.4,0.2,0.029467752190798863
2_6_2_2,-0.4,0.2,0.027778560644491374
2_6_2_3,-0.4,0.2,0.034755188982034245
2_6_2_4,-0.4,0.2,0.03246986319413468
2_6_2_5,-0.4,0.2,0.03467625217401623
3_6_2_0,-0.4,0.2,0.0
3_6_2_1,-0.4,0.2,0.00955402845583396
3_6_2_2,-0.4,0.2,0.03699805144443333
3_6_2_3,-0.4,0.2,0.035613636656895306
3_6_2_4,-0.4,0.2,0.034548978994087966
3_6_2_5,-0.4,0.2,0.02557633435722572
4_6_2_0,-0.4,0.2,0.0
4_6_2_1,-0.4,0.2,0.019673094779368336
4_6_2_2,-0.4,0.2,0.03393164168870497
4_6_2_3,-0.4,0.2,0.03600625608350744
4_6_2_4,-0.4,0.2,0.03862782263359979
4_6_2_5,-0.4,0.2,0.035657651793506245
0_6_3_0,-0.4,0.3,0.0
0_6_3_1,-0.4,0.3,0.027093955058209215
0_6_3_2,-0.4,0.3,0.032281270518917084
0_6_3_3,-0.4,0.3,0.034904553041850174
0_6_3_4,-0.4,0.3,0.00320478138646139
0_6_3_5,-0.4,0.3,0.02708617824697086
1_6_3_0,-0.4,0.3,0.0
1_6_3_1,-0.4,0.3,0.031435272579505694
1_6_3_2,-0.4,0.3,0.0208014573197389
1_6_3_3,-0.4,0.3,0.023863911033898316
1_6_3_4,-0.4,0.3,0.004848523858617784
1_6_3_5,-0.4,0.3,0.021456019975356823
2_6_3_0,-0.4,0.3,0.0
2_6_3_1,-0.4,0.3,0.029467752190798863
2_6_3_2,-0.4,0.3,0.028111933937153177
2_6_3_3,-0.4,0.3,0.028215662878916248
2_6_3_4,-0.4,0.3,0.015597631922205635
2_6_3_5,-0.4,0.3,0.028325102301267068
3_6_3_0,-0.4,0.3,0.0
3_6_3_1,-0.4,0.3,0.00955402845583396
3_6_3_2,-0.4,0.3,0.035717929453139584
3_6_3_3,-0.4,0.3,0.03290143187142232
3_6_3_4,-0.4,0.3,0.0219832459418965
3_6_3_5,-0.4,0.3,0.019405199510197785
4_6_3_0,-0.4,0.3,0.0
4_6_3_1,-0.4,0.3,0.019673094779368336
4_6_3_2,-0.4,0.3,0.03188491185526036
4_6_3_3,-0.4,0.3,0.03372319350972908
4_6_3_4,-0.4,0.3,0.0355457448143614
4_6_3_5,-0.4,0.3,0.026426261052947094
0_6_4_0,-0.4,0.4,0.0
0_6_4_1,-0.4,0.4,0.027093955058209215
0_6_4_2,-0.4,0.4,0.032281270518917084
0_6_4_3,-0.4,0.4,0.020512856040762313
0_6_4_4,-0.4,0.4,0.003650490541247573
0_6_4_5,-0.4,0.4,0.023386400725556724
1_6_4_0,-0.4,0.4,0.0
1_6_4_1,-0.4,0.4,0.031435272579505694
1_6_4_2,-0.4,0.4,0.01793525756945295
1_6_4_3,-0.4,0.4,0.020559175515348083
1_6_4_4,-0.4,0.4,0.0036307243624629317
1_6_4_5,-0.4,0.4,0.020297071230991906
2_6_4_0,-0.4,0.4,0.0
2_6_4_1,-0.4,0.4,0.029467752190798863
2_6_4_2,-0.4,0.4,0.028111933937153177
2_6_4_3,-0.4,0.4,0.027918865978364012
2_6_4_4,-0.4,0.4,0.010301817674877822
2_6_4_5,-0.4,0.4,0.030223244199675717
3_6_4_0,-0.4,0.4,0.0
3_6_4_1,-0.4,0.4,0.00955402845583396
3_6_4_2,-0.4,0.4,0.031600281246114324
3_6_4_3,-0.4,0.4,0.018467452568952988
3_6_4_4,-0.4,0.4,0.01757913064183825
3_6_4_5,-0.4,0.4,0.01885277498855849
4_6_4_0,-0.4,0.4,0.0
4_6_4_1,-0.4,0.4,0.019673094779368336
4_6_4_2,-0.4,0.4,0.024765357298160155
4_6_4_3,-0.4,0.4,0.03053311620320104
4_6_4_4,-0.4,0.4,0.03240751596939656
4_6_4_5,-0.4,0.4,0.029290362965072248
0_6_5_0,-0.4,0.5,0.0
0_6_5_1,-0.4,0.5,0.027093955058209215
0_6_5_2,-0.4,0.5,0.03190962806216632
0_6_5_3,-0.4,0.5,0.01980777506202152
0_6_5_4,-0.4,0.5,0.005546361578874552
0_6_5_5,-0.4,0.5,0.020173795898382477
1_6_5_0,-0.4,0.5,0.0
1_6_5_1,-0.4,0.5,0.031618044952412584
1_6_5_2,-0.4,0.5,0.006485709544336031
1_6_5_3,-0.4,0.5,0.019457281159385734
1_6_5_4,-0.4,0.5,0.004819781223877616
1_6_5_5,-0.4,0.5,0.018000425214809546
2_6_5_0,-0.4,0.5,0.0
2_6_5_1,-0.4,0.5,0.029467752190798863
2_6_5_2,-0.4,0.5,0.025087189123613768
2_6_5_3,-0.4,0.5,0.015673174216500906
2_6_5_4,-0.4,0.5,0.012044358677892003
2_6_5_5,-0.4,0.5,0.023406206619702084
3_6_5_0,-0.4,0.5,0.0
3_6_5_1,-0.4,0.5,0.00955402845583396
3_6_5_2,-0.4,0.5,0.027159823979926626
3_6_5_3,-0.4,0.5,0.019685486305931754
3_6_5_4,-0.4,0.5,0.013829004556104113
3_6_5_5,-0.4,0.5,0.021919428581652235
4_6_5_0,-0.4,0.5,0.0
4_6_5_1,-0.4,0.5,0.019673094779368336
4_6_5_2,-0.4,0.5,0.024347051851781234
4_6_5_3,-0.4,0.5,0.025568850017599926
4_6_5_4,-0.4,0.5,0.029114467797263184
4_6_5_5,-0.4,0.5,0.019636788980425136
0_6_6_0,-0.4,0.6,0.0
0_6_6_1,-0.4,0.6,0.027093955058209215
0_6_6_2,-0.4,0.6,0.03138379525338641
0_6_6_3,-0.4,0.6,0.01949855686075386
0_6_6_4,-0.4,0.6,0.003387308701841611
0_6_6_5,-0.4,0.6,0.015111355604450568
1_6_6_0,-0.4,0.6,0.0
1_6_6_1,-0.4,0.6,0.03177947699702203
1_6_6_2,-0.4,0.6,0.004367027268705176
1_6_6_3,-0.4,0.6,0.023715453450891676
1_6_6_4,-0.4,0.6,0.003220705829141442
1_6_6_5,-0.4,0.6,0.007245605160052765
2_6_6_0,-0.4,0.6,0.0
2_6_6_1,-0.4,0.6,0.029467752190798863
2_6_6_2,-0.4,0.6,0.013915166240123102
2_6_6_3,-0.4,0.6,0.018364218392731082
2_6_6_4,-0.4,0.6,0.007093970881795794
2_6_6_5,-0.4,0.6,0.02101515729584992
3_6_6_0,-0.4,0.6,0.0
3_6_6_1,-0.4,0.6,0.00955402845583396
3_6_6_2,-0.4,0.6,0.015966667997166305
3_6_6_3,-0.4,0.6,0.016507278822833846
3_6_6_4,-0.4,0.6,0.013894349072085102
3_6_6_5,-0.4,0.6,0.010875497004383125
4_6_6_0,-0.4,0.6,0.0
4_6_6_1,-0.4,0.6,0.019673094779368336
4_6_6_2,-0.4,0.6,0.024955358044970673
4_6_6_3,-0.4,0.6,0.02076447436722556
4_6_6_4,-0.4,0.6,0.03698502307654269
4_6_6_5,-0.4,0.6,0.0327046928291988
0_6_7_0,-0.4,0.7,0.0
0_6_7_1,-0.4,0.7,0.027093955058209215
0_6_7_2,-0.4,0.7,0.028773987874322254
0_6_7_3,-0.4,0.7,0.036867398086437464
0_6_7_4,-0.4,0.7,0.02014666514570508
0_6_7_5,-0.4,0.7,0.04764097067183859
1_6_7_0,-0.4,0.7,0.0
1_6_7_1,-0.4,0.7,0.031764309098240996
1_6_7_2,-0.4,0.7,0.004993228448794415
1_6_7_3,-0.4,0.7,0.07065017886798808
1_6_7_4,-0.4,0.7,0.016550426408285048
1_6_7_5,-0.4,0.7,0.021570103123865852
2_6_7_0,-0.4,0.7,0.0
2_6_7_1,-0.4,0.7,0.02963469524920349
2_6_7_2,-0.4,0.7,0.007372706305504193
2_6_7_3,-0.4,0.7,0.009331237699854429
2_6_7_4,-0.4,0.7,0.02116001199212501
2_6_7_5,-0.4,0.7,0.05935719077118749
3_6_7_0,-0.4,0.7,0.0
3_6_7_1,-0.4,0.7,0.00955402845583396
3_6_7_2,-0.4,0.7,0.016505642971276838
3_6_7_3,-0.4,0.7,0.032335042562089834
3_6_7_4,-0.4,0.7,0.017106591747506054
3_6_7_5,-0.4,0.7,0.06362158322747961
4_6_7_0,-0.4,0.7,0.0
4_6_7_1,-0.4,0.7,0.019673094779368336
4_6_7_2,-0.4,0.7,0.04031675206516092
4_6_7_3,-0.4,0.7,0.022136480562571864
4_6_7_4,-0.4,0.7,0.01311681474217218
4_6_7_5,-0.4,0.7,0.04368148305026668
0_6_8_0,-0.4,0.8,0.0
0_6_8_1,-0.4,0.8,0.027093955058209215
0_6_8_2,-0.4,0.8,0.09922627539783792
0_6_8_3,-0.4,0.8,0.13282193586058744
0_6_8_4,-0.4,0.8,0.235639938100202
0_6_8_5,-0.4,0.8,0.27091934779307997
1_6_8_0,-0.4,0.8,0.0
1_6_8_1,-0.4,0.8,0.031687166756568755
1_6_8_2,-0.4,0.8,0.20150681070191154
1_6_8_3,-0.4,0.8,0.21890410878380828
1_6_8_4,-0.4,0.8,0.21185299516642508
1_6_8_5,-0.4,0.8,0.28350067403750623
2_6_8_0,-0.4,0.8,0.0
2_6_8_1,-0.4,0.8,0.02963469524920349
2_6_8_2,-0.4,0.8,0.0994573150784746
2_6_8_3,-0.4,0.8,0.13921031787892804
2_6_8_4,-0.4,0.8,0.08244640426502393
2_6_8_5,-0.4,0.8,0.12614442989090238
3_6_8_0,-0.4,0.8,0.0
3_6_8_1,-0.4,0.8,0.00955402845583396
3_6_8_2,-0.4,0.8,0.20076517032792146
3_6_8_3,-0.4,0.8,0.25105204601206627
3_6_8_4,-0.4,0.8,0.15686945255987145
3_6_8_5,-0.4,0.8,0.25217675514522636
4_6_8_0,-0.4,0.8,0.0
4_6_8_1,-0.4,0.8,0.019673094779368336
4_6_8_2,-0.4,0.8,0.20339465688542024
4_6_8_3,-0.4,0.8,0.13357914492179163
4_6_8_4,-0.4,0.8,0.24252111657839653
4_6_8_5,-0.4,0.8,0.25836716184162895
0_6_9_0,-0.4,0.9,0.0
0_6_9_1,-0.4,0.9,0.028340148733124956
0_6_9_2,-0.4,0.9,0.20702463272107263
0_6_9_3,-0.4,0.9,0.1351992451967076
0_6_9_4,-0.4,0.9,0.3226080169268694
0_6_9_5,-0.4,0.9,0.2825963164954489
1_6_9_0,-0.4,0.9,0.0
1_6_9_1,-0.4,0.9,0.03160083562714154
1_6_9_2,-0.4,0.9,0.41763739641978725
1_6_9_3,-0.4,0.9,0.5357566056576327
1_6_9_4,-0.4,0.9,0.21007383865161167
1_6_9_5,-0.4,0.9,0.35605175011983853
2_6_9_0,-0.4,0.9,0.0
2_6_9_1,-0.4,0.9,0.02963469524920349
2_6_9_2,-0.4,0.9,0.10507503999916426
2_6_9_3,-0.4,0.9,0.15041078246273723
2_6_9_4,-0.4,0.9,0.1445608740298941
2_6_9_5,-0.4,0.9,0.1917796074574364
3_6_9_0,-0.4,0.9,0.0
3_6_9_1,-0.4,0.9,0.00955402845583396
3_6_9_2,-0.4,0.9,0.211364045304829
3_6_9_3,-0.4,0.9,0.2511416510005831
3_6_9_4,-0.4,0.9,0.32622392622191265
3_6_9_5,-0.4,0.9,0.38555938826782676
4_6_9_0,-0.4,0.9,0.0
4_6_9_1,-0.4,0.9,0.019673094779368336
4_6_9_2,-0.4,0.9,0.2048925175944612
4_6_9_3,-0.4,0.9,0.265339773617644
4_6_9_4,-0.4,0.9,0.30075540834402714
4_6_9_5,-0.4,0.9,0.3243503919221781
0_6_10_0,-0.4,1.0,0.0
0_6_10_1,-0.4,1.0,0.028340148733124956
0_6_10_2,-0.4,1.0,0.20657191580374548
0_6_10_3,-0.4,1.0,0.20659500089642674
0_6_10_4,-0.4,1.0,0.3325674861489799
0_6_10_5,-0.4,1.0,0.2826034341541459
1_6_10_0,-0.4,1.0,0.0
1_6_10_1,-0.4,1.0,0.20130458627842138
1_6_10_2,-0.4,1.0,0.40940519561039745
1_6_10_3,-0.4,1.0,0.5337184025944017
1_6_10_4,-0.4,1.0,0.21120124607872495
1_6_10_5,-0.4,1.0,0.4148905711398584
2_6_10_0,-0.4,1.0,0.0
2_6_10_1,-0.4,1.0,0.02963469524920349
2_6_10_2,-0.4,1.0,0.10358647090952217
2_6_10_3,-0.4,1.0,0.22415240310020046
2_6_10_4,-0.4,1.0,0.14359397595683643
2_6_10_5,-0.4,1.0,0.22280095833978478
3_6_10_0,-0.4,1.0,0.0
3_6_10_1,-0.4,1.0,0.00955402845583396
3_6_10_2,-0.4,1.0,0.313075914477069
3_6_10_3,-0.4,1.0,0.3387125872963299
3_6_10_4,-0.4,1.0,0.31684357240068783
3_6_10_5,-0.4,1.0,0.40955844464616453
4_6_10_0,-0.4,1.0,0.0
4_6_10_1,-0.4,1.0,0.019673094779368336
4_6_10_2,-0.4,1.0,0.3060504593150073
4_6_10_3,-0.4,1.0,0.27576709249660514
4_6_10_4,-0.4,1.0,0.2983364089763702
4_6_10_5,-0.4,1.0,0.3227035307395902
0_7_0_0,-0.3,0.0,0.050612728784773464
0_7_0_1,-0.3,0.0,0.02871070007994885
0_7_0_2,-0.3,0.0,0.02910675182555497
0_7_0_3,-0.3,0.0,0.032366916753596285
0_7_0_4,-0.3,0.0,0.0009448680200780083
0_7_0_5,-0.3,0.0,0.0032047227252380963
1_7_0_0,-0.3,0.0,0.0
1_7_0_1,-0.3,0.0,0.006963818459786733
1_7_0_2,-0.3,0.0,3.741389385170044e-05
1_7_0_3,-0.3,0.0,0.0009490804174488419
1_7_0_4,-0.3,0.0,0.00021370279612338135
1_7_0_5,-0.3,0.0,0.005404357691434476
2_7_0_0,-0.3,0.0,0.03321266462877486
2_7_0_1,-0.3,0.0,0.02804689400512011
2_7_0_2,-0.3,0.0,0.03592177398137351
2_7_0_3,-0.3,0.0,0.021218499709341948
2_7_0_4,-0.3,0.0,0.002058511321255652
2_7_0_5,-0.3,0.0,0.03110799343575669
3_7_0_0,-0.3,0.0,0.019673094779368336
3_7_0_1,-0.3,0.0,0.050612728784773464
3_7_0_2,-0.3,0.0,0.0009419260091353276
3_7_0_3,-0.3,0.0,0.020855172108704755
3_7_0_4,-0.3,0.0,0.022036864182998772
3_7_0_5,-0.3,0.0,0.0039345627041288715
4_7_0_0,-0.3,0.0,0.00955402845583396
4_7_0_1,-0.3,0.0,0.031435272579505694
4_7_0_2,-0.3,0.0,2.398083666951802e-05
4_7_0_3,-0.3,0.0,0.022654404864073035
4_7_0_4,-0.3,0.0,0.021502401096334077
4_7_0_5,-0.3,0.0,0.02767744469173561
0_7_1_0,-0.3,0.1,0.050612728784773464
0_7_1_1,-0.3,0.1,0.02871070007994885
0_7_1_2,-0.3,0.1,0.023104280523217974
0_7_1_3,-0.3,0.1,0.030728643150993606
0_7_1_4,-0.3,0.1,0.0008042278748578339
0_7_1_5,-0.3,0.1,0.0033870827819101066
1_7_1_0,-0.3,0.1,0.0
1_7_1_1,-0.3,0.1,0.009652938666206708
1_7_1_2,-0.3,0.1,5.403371814509965e-05
1_7_1_3,-0.3,0.1,0.0007860276132665976
1_7_1_4,-0.3,0.1,0.0002587869777060667
1_7_1_5,-0.3,0.1,0.006267887639996811
2_7_1_0,-0.3,0.1,0.03321266462877486
2_7_1_1,-0.3,0.1,0.02804689400512011
2_7_1_2,-0.3,0.1,0.03188083511389195
2_7_1_3,-0.3,0.1,0.021663345032270333
2_7_1_4,-0.3,0.1,0.0034494431445447407
2_7_1_5,-0.3,0.1,0.02080827014610936
3_7_1_0,-0.3,0.1,0.019673094779368336
3_7_1_1,-0.3,0.1,0.050612728784773464
3_7_1_2,-0.3,0.1,0.0009589825467176582
3_7_1_3,-0.3,0.1,0.021008084977560102
3_7_1_4,-0.3,0.1,0.021944836698035274
3_7_1_5,-0.3,0.1,0.00323582385284205
4_7_1_0,-0.3,0.1,0.00955402845583396
4_7_1_1,-0.3,0.1,0.031435272579505694
4_7_1_2,-0.3,0.1,5.201966413285369e-05
4_7_1_3,-0.3,0.1,0.026628632838683122
4_7_1_4,-0.3,0.1,0.023891466311525122
4_7_1_5,-0.3,0.1,0.030127917009204586
0_7_2_0,-0.3,0.2,0.050612728784773464
0_7_2_1,-0.3,0.2,0.02871070007994885
0_7_2_2,-0.3,0.2,0.02193696035175126
0_7_2_3,-0.3,0.2,0.025934344430742468
0_7_2_4,-0.3,0.2,0.0010261737750010833
0_7_2_5,-0.3,0.2,0.003523334909064476
1_7_2_0,-0.3,0.2,0.0
1_7_2_1,-0.3,0.2,0.009652938666206708
1_7_2_2,-0.3,0.2,8.868446230334024e-05
1_7_2_3,-0.3,0.2,0.0014307522693624741
1_7_2_4,-0.3,0.2,0.0008095995896869317
1_7_2_5,-0.3,0.2,0.004313453070836708
2_7_2_0,-0.3,0.2,0.03321266462877486
2_7_2_1,-0.3,0.2,0.022068441695971837
2_7_2_2,-0.3,0.2,0.02597403750284724
2_7_2_3,-0.3,0.2,0.02149478583898725
2_7_2_4,-0.3,0.2,0.0028257197898431956
2_7_2_5,-0.3,0.2,0.01972045111817958
3_7_2_0,-0.3,0.2,0.019673094779368336
3_7_2_1,-0.3,0.2,0.050612728784773464
3_7_2_2,-0.3,0.2,0.001477796851111422
3_7_2_3,-0.3,0.2,0.022119668367979888
3_7_2_4,-0.3,0.2,0.023008394226579132
3_7_2_5,-0.3,0.2,0.002612593921538377
4_7_2_0,-0.3,0.2,0.00955402845583396
4_7_2_1,-0.3,0.2,0.031435272579505694
4_7_2_2,-0.3,0.2,5.9389683782163605e-05
4_7_2_3,-0.3,0.2,0.020724268469752935
4_7_2_4,-0.3,0.2,0.02214624254348742
4_7_2_5,-0.3,0.2,0.02172780170394284
0_7_3_0,-0.3,0.3,0.050612728784773464
0_7_3_1,-0.3,0.3,0.02871070007994885
0_7_3_2,-0.3,0.3,0.014704620486207047
0_7_3_3,-0.3,0.3,0.024386721823850897
0_7_3_4,-0.3,0.3,0.0007625571744403006
0_7_3_5,-0.3,0.3,0.0033596559898034194
1_7_3_0,-0.3,0.3,0.0
1_7_3_1,-0.3,0.3,0.011643154034930544
1_7_3_2,-0.3,0.3,0.00012585835441265747
1_7_3_3,-0.3,0.3,0.0007806086230316503
1_7_3_4,-0.3,0.3,0.00032849983558338883
1_7_3_5,-0.3,0.3,0.005162570785416242
2_7_3_0,-0.3,0.3,0.03321266462877486
2_7_3_1,-0.3,0.3,0.013742452866284411
2_7_3_2,-0.3,0.3,0.019149717028788447
2_7_3_3,-0.3,0.3,0.004139917546024212
2_7_3_4,-0.3,0.3,0.0024168793200105686
2_7_3_5,-0.3,0.3,0.014175065754469042
3_7_3_0,-0.3,0.3,0.019673094779368336
3_7_3_1,-0.3,0.3,0.050612728784773464
3_7_3_2,-0.3,0.3,0.002504134366111785
3_7_3_3,-0.3,0.3,0.020832240867499623
3_7_3_4,-0.3,0.3,0.022159680665180533
3_7_3_5,-0.3,0.3,0.004646267862395416
4_7_3_0,-0.3,0.3,0.00955402845583396
4_7_3_1,-0.3,0.3,0.031435272579505694
4_7_3_2,-0.3,0.3,0.00012071595847533343
4_7_3_3,-0.3,0.3,0.02254987727596286
4_7_3_4,-0.3,0.3,0.015571974059291277
4_7_3_5,-0.3,0.3,0.02656011074995824
0_7_4_0,-0.3,0.4,0.050612728784773464
0_7_4_1,-0.3,0.4,0.014938404626998742
0_7_4_2,-0.3,0.4,0.01533117590642498
0_7_4_3,-0.3,0.4,0.02350140884867474
0_7_4_4,-0.3,0.4,0.0013709686365682137
0_7_4_5,-0.3,0.4,0.0033415163865153385
1_7_4_0,-0.3,0.4,0.0
1_7_4_1,-0.3,0.4,0.01258983031629896
1_7_4_2,-0.3,0.4,0.0001647968265363035
1_7_4_3,-0.3,0.4,0.0020972953249518253
1_7_4_4,-0.3,0.4,0.0012959326310157772
1_7_4_5,-0.3,0.4,0.0031950159726379193
2_7_4_0,-0.3,0.4,0.03321266462877486
2_7_4_1,-0.3,0.4,0.007130545982103575
2_7_4_2,-0.3,0.4,0.019729721074257762
2_7_4_3,-0.3,0.4,0.008167152918029679
2_7_4_4,-0.3,0.4,0.0032026471955647427
2_7_4_5,-0.3,0.4,0.010129044076331925
3_7_4_0,-0.3,0.4,0.019673094779368336
3_7_4_1,-0.3,0.4,0.050612728784773464
3_7_4_2,-0.3,0.4,0.0030737087890574054
3_7_4_3,-0.3,0.4,0.0201151629468711
3_7_4_4,-0.3,0.4,0.009584491307048427
3_7_4_5,-0.3,0.4,0.0032071117721714955
4_7_4_0,-0.3,0.4,0.00955402845583396
4_7_4_1,-0.3,0.4,0.031618044952412584
4_7_4_2,-0.3,0.4,0.00039320544826122484
4_7_4_3,-0.3,0.4,0.018377370036815294
4_7_4_4,-0.3,0.4,0.016675659306487546
4_7_4_5,-0.3,0.4,0.032806690809487206
0_7_5_0,-0.3,0.5,0.050612728784773464
0_7_5_1,-0.3,0.5,0.006398965956581484
0_7_5_2,-0.3,0.5,0.015767653136277825
0_7_5_3,-0.3,0.5,0.02385501273021881
0_7_5_4,-0.3,0.5,0.0014127582411526264
0_7_5_5,-0.3,0.5,0.002513601894513394
1_7_5_0,-0.3,0.5,0.0
1_7_5_1,-0.3,0.5,0.01238732305738276
1_7_5_2,-0.3,0.5,0.00017048058891761515
1_7_5_3,-0.3,0.5,0.0019070535644045087
1_7_5_4,-0.3,0.5,0.00508917984323214
1_7_5_5,-0.3,0.5,0.007074448335276249
2_7_5_0,-0.3,0.5,0.03321266462877486
2_7_5_1,-0.3,0.5,0.008054781965281341
2_7_5_2,-0.3,0.5,0.019523359942693455
2_7_5_3,-0.3,0.5,0.004333765695003993
2_7_5_4,-0.3,0.5,0.005476875411875404
2_7_5_5,-0.3,0.5,0.014501404317773161
3_7_5_0,-0.3,0.5,0.019673094779368336
3_7_5_1,-0.3,0.5,0.050612728784773464
3_7_5_2,-0.3,0.5,0.005528496887855407
3_7_5_3,-0.3,0.5,0.013986058536870979
3_7_5_4,-0.3,0.5,0.009880460973274805
3_7_5_5,-0.3,0.5,0.005633100552885312
4_7_5_0,-0.3,0.5,0.00955402845583396
4_7_5_1,-0.3,0.5,0.0309576238193614
4_7_5_2,-0.3,0.5,0.000176886094661376
4_7_5_3,-0.3,0.5,0.030793233098228477
4_7_5_4,-0.3,0.5,0.008751521817068075
4_7_5_5,-0.3,0.5,0.015305326963747588
0_7_6_0,-0.3,0.6,0.050612728784773464
0_7_6_1,-0.3,0.6,0.006648297897727537
0_7_6_2,-0.3,0.6,0.01625188398581183
0_7_6_3,-0.3,0.6,0.004291909593784078
0_7_6_4,-0.3,0.6,0.006064095598606088
0_7_6_5,-0.3,0.6,0.004528906133846788
1_7_6_0,-0.3,0.6,0.0
1_7_6_1,-0.3,0.6,0.014067148691040678
1_7_6_2,-0.3,0.6,0.00011275245561198443
1_7_6_3,-0.3,0.6,0.0019444572626854506
1_7_6_4,-0.3,0.6,0.0023670617270761377
1_7_6_5,-0.3,0.6,0.0010151485562872892
2_7_6_0,-0.3,0.6,0.03321266462877486
2_7_6_1,-0.3,0.6,0.006188123453698138
2_7_6_2,-0.3,0.6,0.020258703965898833
2_7_6_3,-0.3,0.6,0.010962104100599012
2_7_6_4,-0.3,0.6,0.004968150529499952
2_7_6_5,-0.3,0.6,0.021073172468690983
3_7_6_0,-0.3,0.6,0.019673094779368336
3_7_6_1,-0.3,0.6,0.04813985656659901
3_7_6_2,-0.3,0.6,0.003522639091651359
3_7_6_3,-0.3,0.6,0.0017511617244859838
3_7_6_4,-0.3,0.6,0.012792372258139142
3_7_6_5,-0.3,0.6,0.004762438780421572
4_7_6_0,-0.3,0.6,0.00955402845583396
4_7_6_1,-0.3,0.6,0.03058487019224305
4_7_6_2,-0.3,0.6,5.931065860366071e-05
4_7_6_3,-0.3,0.6,0.008731551979172308
4_7_6_4,-0.3,0.6,0.03355477565776357
4_7_6_5,-0.3,0.6,0.006215226704195594
0_7_7_0,-0.3,0.7,0.050612728784773464
0_7_7_1,-0.3,0.7,0.007347418192144441
0_7_7_2,-0.3,0.7,0.016373766151243495
0_7_7_3,-0.3,0.7,0.011584276036111138
0_7_7_4,-0.3,0.7,0.030762110075053188
0_7_7_5,-0.3,0.7,0.019596440806197178
1_7_7_0,-0.3,0.7,0.0
1_7_7_1,-0.3,0.7,0.014343947546712168
1_7_7_2,-0.3,0.7,0.0003346596315284169
1_7_7_3,-0.3,0.7,0.0129864396553538
1_7_7_4,-0.3,0.7,0.0523991521266088
1_7_7_5,-0.3,0.7,0.029163344465772907
2_7_7_0,-0.3,0.7,0.03321266462877486
2_7_7_1,-0.3,0.7,0.006532216680947788
2_7_7_2,-0.3,0.7,0.020394898283088797
2_7_7_3,-0.3,0.7,0.009157229126662565
2_7_7_4,-0.3,0.7,0.005276743873153555
2_7_7_5,-0.3,0.7,0.01109545442710886
3_7_7_0,-0.3,0.7,0.019673094779368336
3_7_7_1,-0.3,0.7,0.04813985656659901
3_7_7_2,-0.3,0.7,0.003690819610956082
3_7_7_3,-0.3,0.7,0.04224307461421808
3_7_7_4,-0.3,0.7,0.015807116135712233
3_7_7_5,-0.3,0.7,0.08742682908729063
4_7_7_0,-0.3,0.7,0.00955402845583396
4_7_7_1,-0.3,0.7,0.01927408925338174
4_7_7_2,-0.3,0.7,0.013283640857724125
4_7_7_3,-0.3,0.7,0.05848765984159145
4_7_7_4,-0.3,0.7,0.018202091769146153
4_7_7_5,-0.3,0.7,0.07320931179318796
0_7_8_0,-0.3,0.8,0.050612728784773464
0_7_8_1,-0.3,0.8,0.21004441684725242
0_7_8_2,-0.3,0.8,0.20565453859177169
0_7_8_3,-0.3,0.8,0.26268937173482554
0_7_8_4,-0.3,0.8,0.3923857806131399
0_7_8_5,-0.3,0.8,0.33624244121821123
1_7_8_0,-0.3,0.8,0.0
1_7_8_1,-0.3,0.8,0.43825755358775687
1_7_8_2,-0.3,0.8,0.619000602036187
1_7_8_3,-0.3,0.8,0.4728779100640057
1_7_8_4,-0.3,0.8,0.2757497861012928
1_7_8_5,-0.3,0.8,0.3911295371443504
2_7_8_0,-0.3,0.8,0.03321266462877486
2_7_8_1,-0.3,0.8,0.37923836872883665
2_7_8_2,-0.3,0.8,0.19867475555183
2_7_8_3,-0.3,0.8,0.30100128976744905
2_7_8_4,-0.3,0.8,0.23351050950838925
2_7_8_5,-0.3,0.8,0.2486505997961892
3_7_8_0,-0.3,0.8,0.019673094779368336
3_7_8_1,-0.3,0.8,0.04813985656659901
3_7_8_2,-0.3,0.8,0.3104264513935374
3_7_8_3,-0.3,0.8,0.3828412364192568
3_7_8_4,-0.3,0.8,0.40535189533815097
3_7_8_5,-0.3,0.8,0.4385276283104128
4_7_8_0,-0.3,0.8,0.00955402845583396
4_7_8_1,-0.3,0.8,0.20052721896465917
4_7_8_2,-0.3,0.8,0.5050675288246337
4_7_8_3,-0.3,0.8,0.36306562420518024
4_7_8_4,-0.3,0.8,0.33529426714123395
4_7_8_5,-0.3,0.8,0.3890823351859823
0_7_9_0,-0.3,0.9,0.050612728784773464
0_7_9_1,-0.3,0.9,0.2057254790328912
0_7_9_2,-0.3,0.9,0.31006194200100995
0_7_9_3,-0.3,0.9,0.4092991828036249
0_7_9_4,-0.3,0.9,0.417522952408084
0_7_9_5,-0.3,0.9,0.3855322926819368
1_7_9_0,-0.3,0.9,0.0
1_7_9_1,-0.3,0.9,0.6142129999211872
1_7_9_2,-0.3,0.9,0.6250143576472532
1_7_9_3,-0.3,0.9,0.5995922145615351
1_7_9_4,-0.3,0.9,0.33462971480665826
1_7_9_5,-0.3,0.9,0.480936770649197
2_7_9_0,-0.3,0.9,0.03321266462877486
2_7_9_1,-0.3,0.9,0.4143277098362821
2_7_9_2,-0.3,0.9,0.30364774755702656
2_7_9_3,-0.3,0.9,0.37374557181265883
2_7_9_4,-0.3,0.9,0.37887289731069307
2_7_9_5,-0.3,0.9,0.3037144328993693
3_7_9_0,-0.3,0.9,0.019673094779368336
3_7_9_1,-0.3,0.9,0.21265570749897206
3_7_9_2,-0.3,0.9,0.4332989633026382
3_7_9_3,-0.3,0.9,0.4669410973187307
3_7_9_4,-0.3,0.9,0.425505380661112
3_7_9_5,-0.3,0.9,0.4488597481256644
4_7_9_0,-0.3,0.9,0.00955402845583396
4_7_9_1,-0.3,0.9,0.20936669052717546
4_7_9_2,-0.3,0.9,0.6194858963184741
4_7_9_3,-0.3,0.9,0.46903021897140723
4_7_9_4,-0.3,0.9,0.43605258130369806
4_7_9_5,-0.3,0.9,0.4025957327681957
0_7_10_0,-0.3,1.0,0.050612728784773464
0_7_10_1,-0.3,1.0,0.2039865415584683
0_7_10_2,-0.3,1.0,0.30880975872812233
0_7_10_3,-0.3,1.0,0.5493136063896391
0_7_10_4,-0.3,1.0,0.469704955226432
0_7_10_5,-0.3,1.0,0.428750786775486
1_7_10_0,-0.3,1.0,0.0
1_7_10_1,-0.3,1.0,0.607396637770193
1_7_10_2,-0.3,1.0,0.6285446933238347
1_7_10_3,-0.3,1.0,0.5938684927234635
1_7_10_4,-0.3,1.0,0.38733981813411655
1_7_10_5,-0.3,1.0,0.48004323760875295
2_7_10_0,-0.3,1.0,0.03321266462877486
2_7_10_1,-0.3,1.0,0.41539690146554314
2_7_10_2,-0.3,1.0,0.41716134115042114
2_7_10_3,-0.3,1.0,0.44143896220900103
2_7_10_4,-0.3,1.0,0.42182889077396246
2_7_10_5,-0.3,1.0,0.32086828790091243
3_7_10_0,-0.3,1.0,0.019673094779368336
3_7_10_1,-0.3,1.0,0.20681160862058723
3_7_10_2,-0.3,1.0,0.41016762129560325
3_7_10_3,-0.3,1.0,0.4605374346950095
3_7_10_4,-0.3,1.0,0.4624694685659238
3_7_10_5,-0.3,1.0,0.44195550958094026
4_7_10_0,-0.3,1.0,0.00955402845583396
4_7_10_1,-0.3,1.0,0.20139449906853513
4_7_10_2,-0.3,1.0,0.6098192479170582
4_7_10_3,-0.3,1.0,0.4689368727874014
4_7_10_4,-0.3,1.0,0.5697787537812007
4_7_10_5,-0.3,1.0,0.44002593428375164
0_8_0_0,-0.2,0.0,0.00010061197685097003
0_8_0_1,-0.2,0.0,5.825315736125497e-07
0_8_0_2,-0.2,0.0,0.0008882854462458385
0_8_0_3,-0.2,0.0,5.1914058627503525e-05
0_8_0_4,-0.2,0.0,1.1619035149258482e-05
0_8_0_5,-0.2,0.0,0.0017533238840820263
1_8_0_0,-0.2,0.0,0.054898051453563614
1_8_0_1,-0.2,0.0,1.2194488123103838e-10
1_8_0_2,-0.2,0.0,5.915496543225789e-05
1_8_0_3,-0.2,0.0,0.00022542248837594483
1_8_0_4,-0.2,0.0,9.180923946581175e-05
1_8_0_5,-0.2,0.0,0.00038113729340720183
2_8_0_0,-0.2,0.0,0.0002600584711373246
2_8_0_1,-0.2,0.0,2.2775182351698956e-07
2_8_0_2,-0.2,0.0,0.0014659612856753334
2_8_0_3,-0.2,0.0,0.0006865810307230322
2_8_0_4,-0.2,0.0,0.0009800981920433211
2_8_0_5,-0.2,0.0,0.0015731867404892325
3_8_0_0,-0.2,0.0,0.007739113798899074
3_8_0_1,-0.2,0.0,0.023386012954774046
3_8_0_2,-0.2,0.0,3.0902156986412886e-05
3_8_0_3,-0.2,0.0,0.0028123528640568965
3_8_0_4,-0.2,0.0,0.0014819722902776407
3_8_0_5,-0.2,0.0,5.523653405989567e-06
4_8_0_0,-0.2,0.0,0.0029383636781112952
4_8_0_1,-0.2,0.0,0.0004155869808034946
4_8_0_2,-0.2,0.0,1.920470043394145e-14
4_8_0_3,-0.2,0.0,1.628607460888445e-06
4_8_0_4,-0.2,0.0,0.001108216549331088
4_8_0_5,-0.2,0.0,0.0018421659145308987
0_8_1_0,-0.2,0.1,0.00010061197685097003
0_8_1_1,-0.2,0.1,8.313430488629253e-07
0_8_1_2,-0.2,0.1,0.0010370451782107553
0_8_1_3,-0.2,0.1,8.28049327297773e-05
0_8_1_4,-0.2,0.1,1.564652403440054e-05
0_8_1_5,-0.2,0.1,0.0019064288902945602
1_8_1_0,-0.2,0.1,0.054898051453563614
1_8_1_1,-0.2,0.1,1.252062132952519e-11
1_8_1_2,-0.2,0.1,2.9800553093810795e-05
1_8_1_3,-0.2,0.1,8.30268513694238e-05
1_8_1_4,-0.2,0.1,0.00019341864265966222
1_8_1_5,-0.2,0.1,0.0004905371187462712
2_8_1_0,-0.2,0.1,0.0002600584711373246
2_8_1_1,-0.2,0.1,2.7572202753958617e-07
2_8_1_2,-0.2,0.1,0.001779091852117366
2_8_1_3,-0.2,0.1,0.0010189587116447888
2_8_1_4,-0.2,0.1,0.0007933958080397591
2_8_1_5,-0.2,0.1,0.0020023824923875197
3_8_1_0,-0.2,0.1,0.007739113798899074
3_8_1_1,-0.2,0.1,0.023386012954774046
3_8_1_2,-0.2,0.1,3.3765346064162996e-05
3_8_1_3,-0.2,0.1,0.0040999866599227145
3_8_1_4,-0.2,0.1,0.0014586035975121634
3_8_1_5,-0.2,0.1,6.626883531899883e-06
4_8_1_0,-0.2,0.1,0.0029383636781112952
4_8_1_1,-0.2,0.1,0.0004613143412587085
4_8_1_2,-0.2,0.1,6.089782931852424e-13
4_8_1_3,-0.2,0.1,1.8049690435488995e-06
4_8_1_4,-0.2,0.1,0.001182790392367666
4_8_1_5,-0.2,0.1,0.0030559830606560145
0_8_2_0,-0.2,0.2,0.00010061197685097003
0_8_2_1,-0.2,0.2,8.932021145521478e-07
0_8_2_2,-0.2,0.2,0.0012589605933872275
0_8_2_3,-0.2,0.2,0.0001937388546031166
0_8_2_4,-0.2,0.2,3.647779634787874e-05
0_8_2_5,-0.2,0.2,0.0020746244660196428
1_8_2_0,-0.2,0.2,0.054898051453563614
1_8_2_1,-0.2,0.2,1.1710252156557855e-11
1_8_2_2,-0.2,0.2,2.2953721938805567e-06
1_8_2_3,-0.2,0.2,2.8548860617883213e-07
1_8_2_4,-0.2,0.2,8.451068236729552e-05
1_8_2_5,-0.2,0.2,0.00015757756870950798
2_8_2_0,-0.2,0.2,0.0002600584711373246
2_8_2_1,-0.2,0.2,7.749188414528042e-08
2_8_2_2,-0.2,0.2,0.0018243578406811917
2_8_2_3,-0.2,0.2,0.001370426236499667
2_8_2_4,-0.2,0.2,0.0011881165773343623
2_8_2_5,-0.2,0.2,0.002565135939059413
3_8_2_0,-0.2,0.2,0.007739113798899074
3_8_2_1,-0.2,0.2,0.02322558583396564
3_8_2_2,-0.2,0.2,0.00016080146168692995
3_8_2_3,-0.2,0.2,0.0024984407569240905
3_8_2_4,-0.2,0.2,0.002024909497248694
3_8_2_5,-0.2,0.2,3.85216726639712e-05
4_8_2_0,-0.2,0.2,0.0029383636781112952
4_8_2_1,-0.2,0.2,0.0008263530099123585
4_8_2_2,-0.2,0.2,9.003572624826224e-13
4_8_2_3,-0.2,0.2,1.8878328968429116e-06
4_8_2_4,-0.2,0.2,0.0011769434496264899
4_8_2_5,-0.2,0.2,0.0021044470175703624
0_8_3_0,-0.2,0.3,0.00010061197685097003
0_8_3_1,-0.2,0.3,1.386823433242611e-06
0_8_3_2,-0.2,0.3,0.0022144412253425672
0_8_3_3,-0.2,0.3,3.757163060621472e-05
0_8_3_4,-0.2,0.3,4.7512886371314916e-05
0_8_3_5,-0.2,0.3,0.0016784869525489734
1_8_3_0,-0.2,0.3,0.054898051453563614
1_8_3_1,-0.2,0.3,1.3078914363228704e-10
1_8_3_2,-0.2,0.3,4.531947867689651e-06
1_8_3_3,-0.2,0.3,4.34803090295524e-07
1_8_3_4,-0.2,0.3,0.000822570339602319
1_8_3_5,-0.2,0.3,0.00024074692413656406
2_8_3_0,-0.2,0.3,0.0002600584711373246
2_8_3_1,-0.2,0.3,8.305989733845107e-08
2_8_3_2,-0.2,0.3,0.0004473346492209559
2_8_3_3,-0.2,0.3,0.0014818066509747567
2_8_3_4,-0.2,0.3,0.0011751458438608439
2_8_3_5,-0.2,0.3,0.0031051766801185694
3_8_3_0,-0.2,0.3,0.007739113798899074
3_8_3_1,-0.2,0.3,0.02235294116186834
3_8_3_2,-0.2,0.3,0.00019186602701438623
3_8_3_3,-0.2,0.3,0.002338668761567064
3_8_3_4,-0.2,0.3,0.0026765098768053407
3_8_3_5,-0.2,0.3,3.1818360240075e-05
4_8_3_0,-0.2,0.3,0.0029383636781112952
4_8_3_1,-0.2,0.3,0.0013538366177767395
4_8_3_2,-0.2,0.3,3.69558282941722e-12
4_8_3_3,-0.2,0.3,5.790051099315812e-06
4_8_3_4,-0.2,0.3,0.001240817288264039
4_8_3_5,-0.2,0.3,0.0006646530487276473
0_8_4_0,-0.2,0.4,0.00010023695645011257
0_8_4_1,-0.2,0.4,1.2507598048227934e-06
0_8_4_2,-0.2,0.4,0.0025954373084517467
0_8_4_3,-0.2,0.4,0.00015055523255660838
0_8_4_4,-0.2,0.4,0.00013976416549168544
0_8_4_5,-0.2,0.4,0.0021334443109087115
1_8_4_0,-0.2,0.4,0.054898051453563614
1_8_4_1,-0.2,0.4,2.6886087876283905e-11
1_8_4_2,-0.2,0.4,4.171325197704627e-05
1_8_4_3,-0.2,0.4,1.8772748030879798e-06
1_8_4_4,-0.2,0.4,0.0009103780954104805
1_8_4_5,-0.2,0.4,0.0005436624958477671
2_8_4_0,-0.2,0.4,0.0002571823288178498
2_8_4_1,-0.2,0.4,1.2257182773463269e-06
2_8_4_2,-0.2,0.4,0.00048444560389071355
2_8_4_3,-0.2,0.4,0.001257707112524621
2_8_4_4,-0.2,0.4,0.0012684520616160877
2_8_4_5,-0.2,0.4,0.0020982927847447374
3_8_4_0,-0.2,0.4,0.007739113798899074
3_8_4_1,-0.2,0.4,0.021308884189887464
3_8_4_2,-0.2,0.4,0.00016180360560331185
3_8_4_3,-0.2,0.4,0.0031803032603318045
3_8_4_4,-0.2,0.4,0.0025493161204260834
3_8_4_5,-0.2,0.4,0.0001380656421870924
4_8_4_0,-0.2,0.4,0.0029383636781112952
4_8_4_1,-0.2,0.4,0.0022755175203721875
4_8_4_2,-0.2,0.4,2.83439974441449e-11
4_8_4_3,-0.2,0.4,5.371551575296759e-06
4_8_4_4,-0.2,0.4,0.0010531030788433684
4_8_4_5,-0.2,0.4,0.0006238116111442098
0_8_5_0,-0.2,0.5,1.7748609010707521e-06
0_8_5_1,-0.2,0.5,9.733298789038577e-07
0_8_5_2,-0.2,0.5,0.0025824666159806383
0_8_5_3,-0.2,0.5,0.00027486335122484085
0_8_5_4,-0.2,0.5,0.0006408388710357515
0_8_5_5,-0.2,0.5,0.0015400109888234984
1_8_5_0,-0.2,0.5,0.054898051453563614
1_8_5_1,-0.2,0.5,4.8699255812814004e-11
1_8_5_2,-0.2,0.5,0.00015679944742611702
1_8_5_3,-0.2,0.5,5.871689545578291e-07
1_8_5_4,-0.2,0.5,0.004028086918200006
1_8_5_5,-0.2,0.5,1.1652282128874366e-05
2_8_5_0,-0.2,0.5,0.00012106047771357352
2_8_5_1,-0.2,0.5,1.240171280692519e-06
2_8_5_2,-0.2,0.5,0.0004388345652812359
2_8_5_3,-0.2,0.5,0.0014247480093434284
2_8_5_4,-0.2,0.5,0.004816920915881569
2_8_5_5,-0.2,0.5,0.0020982594127673714
3_8_5_0,-0.2,0.5,0.007739113798899074
3_8_5_1,-0.2,0.5,0.012024754231733518
3_8_5_2,-0.2,0.5,0.0003215788585153289
3_8_5_3,-0.2,0.5,0.001118137458137416
3_8_5_4,-0.2,0.5,0.003034091015531769
3_8_5_5,-0.2,0.5,9.276477787573673e-05
4_8_5_0,-0.2,0.5,0.0029383636781112952
4_8_5_1,-0.2,0.5,0.002459777204298619
4_8_5_2,-0.2,0.5,0.0010390550835156483
4_8_5_3,-0.2,0.5,0.0009564336716803685
4_8_5_4,-0.2,0.5,0.0028944336603631297
4_8_5_5,-0.2,0.5,0.003600648641578938
0_8_6_0,-0.2,0.6,4.760950639838447e-09
0_8_6_1,-0.2,0.6,4.199509855466223e-06
0_8_6_2,-0.2,0.6,0.0024094232553358106
0_8_6_3,-0.2,0.6,2.991788286097763e-05
0_8_6_4,-0.2,0.6,0.00434540426918519
0_8_6_5,-0.2,0.6,0.005545024075571823
1_8_6_0,-0.2,0.6,0.054898051453563614
1_8_6_1,-0.2,0.6,1.7438508829695506e-10
1_8_6_2,-0.2,0.6,2.539821965134541e-06
1_8_6_3,-0.2,0.6,6.6378488668028596e-06
1_8_6_4,-0.2,0.6,0.0023782463550112666
1_8_6_5,-0.2,0.6,0.004605844577884007
2_8_6_0,-0.2,0.6,4.815591362099762e-09
2_8_6_1,-0.2,0.6,1.2256514625208572e-06
2_8_6_2,-0.2,0.6,0.0007674024802644987
2_8_6_3,-0.2,0.6,0.0022797218278879754
2_8_6_4,-0.2,0.6,0.005429970661319156
2_8_6_5,-0.2,0.6,0.0029951272333449547
3_8_6_0,-0.2,0.6,0.00766527779869671
3_8_6_1,-0.2,0.6,0.006037601301274546
3_8_6_2,-0.2,0.6,0.0007054374398135548
3_8_6_3,-0.2,0.6,0.003258307430171901
3_8_6_4,-0.2,0.6,0.003929083328778262
3_8_6_5,-0.2,0.6,0.0002329587318019108
4_8_6_0,-0.2,0.6,0.0029296020008113552
4_8_6_1,-0.2,0.6,0.003806119839732288
4_8_6_2,-0.2,0.6,3.741045796259662e-06
4_8_6_3,-0.2,0.6,0.0023521062164088085
4_8_6_4,-0.2,0.6,0.0017098209580459264
4_8_6_5,-0.2,0.6,0.00033374970416968024
0_8_7_0,-0.2,0.7,3.3420682427842447e-09
0_8_7_1,-0.2,0.7,0.0015398003210317032
0_8_7_2,-0.2,0.7,0.0026509606432727566
0_8_7_3,-0.2,0.7,0.0049037724568524585
0_8_7_4,-0.2,0.7,0.05195085808887995
0_8_7_5,-0.2,0.7,0.020665761074433957
1_8_7_0,-0.2,0.7,0.054898051453563614
1_8_7_1,-0.2,0.7,0.00029605482340356833
1_8_7_2,-0.2,0.7,0.0025973598951086548
1_8_7_3,-0.2,0.7,0.00837547901681024
1_8_7_4,-0.2,0.7,0.04968516718344325
1_8_7_5,-0.2,0.7,0.03279757374030452
2_8_7_0,-0.2,0.7,4.197309476371879e-09
2_8_7_1,-0.2,0.7,1.6765912625496937e-06
2_8_7_2,-0.2,0.7,0.0005462289188296968
2_8_7_3,-0.2,0.7,0.012853386400005863
2_8_7_4,-0.2,0.7,0.03840537611339571
2_8_7_5,-0.2,0.7,0.030021955827576153
3_8_7_0,-0.2,0.7,0.004840555931656953
3_8_7_1,-0.2,0.7,0.005155521741805524
3_8_7_2,-0.2,0.7,0.01829098509351714
3_8_7_3,-0.2,0.7,0.0815574825998976
3_8_7_4,-0.2,0.7,0.05923312397263859
3_8_7_5,-0.2,0.7,0.11002977940084561
4_8_7_0,-0.2,0.7,0.000976825719929908
4_8_7_1,-0.2,0.7,0.003467955023958353
4_8_7_2,-0.2,0.7,0.02868918419358297
4_8_7_3,-0.2,0.7,0.021822118003078806
4_8_7_4,-0.2,0.7,0.05132896392811212
4_8_7_5,-0.2,0.7,0.058203138575391423
0_8_8_0,-0.2,0.8,0.9653765364557635
0_8_8_1,-0.2,0.8,0.6263633852082979
0_8_8_2,-0.2,0.8,0.5143925415898821
0_8_8_3,-0.2,0.8,0.5293098783781804
0_8_8_4,-0.2,0.8,0.43994718280576
0_8_8_5,-0.2,0.8,0.3998638187828057
1_8_8_0,-0.2,0.8,0.054898051453563614
1_8_8_1,-0.2,0.8,0.8235624010787098
1_8_8_2,-0.2,0.8,0.6224394187448493
1_8_8_3,-0.2,0.8,0.519472482015521
1_8_8_4,-0.2,0.8,0.2797823416984356
1_8_8_5,-0.2,0.8,0.48320421514763495
2_8_8_0,-0.2,0.8,0.9608803058669521
2_8_8_1,-0.2,0.8,0.45266400968139187
2_8_8_2,-0.2,0.8,0.6138113175662547
2_8_8_3,-0.2,0.8,0.4378981384387427
2_8_8_4,-0.2,0.8,0.32245833507307714
2_8_8_5,-0.2,0.8,0.3167786910138642
3_8_8_0,-0.2,0.8,0.9868059063487644
3_8_8_1,-0.2,0.8,0.2097821108851985
3_8_8_2,-0.2,0.8,0.5203021036756957
3_8_8_3,-0.2,0.8,0.5457288055428625
3_8_8_4,-0.2,0.8,0.527353429648557
3_8_8_5,-0.2,0.8,0.44396497840449045
4_8_8_0,-0.2,0.8,0.9900337781422535
4_8_8_1,-0.2,0.8,0.4222217428559191
4_8_8_2,-0.2,0.8,0.7082215493089267
4_8_8_3,-0.2,0.8,0.5402182817444183
4_8_8_4,-0.2,0.8,0.46801360865093494
4_8_8_5,-0.2,0.8,0.39425098905808964
0_8_9_0,-0.2,0.9,0.9999995065693098
0_8_9_1,-0.2,0.9,0.6137173727400808
0_8_9_2,-0.2,0.9,0.519578031180262
0_8_9_3,-0.2,0.9,0.6834264696743959
0_8_9_4,-0.2,0.9,0.5990249474277631
0_8_9_5,-0.2,0.9,0.5153062759416457
1_8_9_0,-0.2,0.9,0.054898051453563614
1_8_9_1,-0.2,0.9,0.8251630005459548
1_8_9_2,-0.2,0.9,0.7228760530206139
1_8_9_3,-0.2,0.9,0.579297492874645
1_8_9_4,-0.2,0.9,0.3755262178526879
1_8_9_5,-0.2,0.9,0.48482449365375935
2_8_9_0,-0.2,0.9,0.9999952264396464
2_8_9_1,-0.2,0.9,0.41701997534767554
2_8_9_2,-0.2,0.9,0.7026746669502344
2_8_9_3,-0.2,0.9,0.559009458015413
2_8_9_4,-0.2,0.9,0.5305983219399808
2_8_9_5,-0.2,0.9,0.49557977660706864
3_8_9_0,-0.2,0.9,0.999999728154642
3_8_9_1,-0.2,0.9,0.20580188388520737
3_8_9_2,-0.2,0.9,0.6252998787902565
3_8_9_3,-0.2,0.9,0.5427239123801813
3_8_9_4,-0.2,0.9,0.5585350491938864
3_8_9_5,-0.2,0.9,0.5419094855917398
4_8_9_0,-0.2,0.9,0.9999962470357735
4_8_9_1,-0.2,0.9,0.41435373381959817
4_8_9_2,-0.2,0.9,0.7078183862772224
4_8_9_3,-0.2,0.9,0.6152565509769168
4_8_9_4,-0.2,0.9,0.6260108597316609
4_8_9_5,-0.2,0.9,0.475668736654128
0_8_10_0,-0.2,1.0,0.999999999999997
0_8_10_1,-0.2,1.0,0.8088403369586676
0_8_10_2,-0.2,1.0,0.5159239424658243
0_8_10_3,-0.2,1.0,0.6863522880856223
0_8_10_4,-0.2,1.0,0.5993826714118624
0_8_10_5,-0.2,1.0,0.5105466464858974
1_8_10_0,-0.2,1.0,0.054898051453563614
1_8_10_1,-0.2,1.0,0.8171444166267942
1_8_10_2,-0.2,1.0,0.7142890451312698
1_8_10_3,-0.2,1.0,0.6535744252279746
1_8_10_4,-0.2,1.0,0.548324915828232
1_8_10_5,-0.2,1.0,0.510788928426678
2_8_10_0,-0.2,1.0,0.9999999999903986
2_8_10_1,-0.2,1.0,0.4280993774535199
2_8_10_2,-0.2,1.0,0.7094381950146534
2_8_10_3,-0.2,1.0,0.6168069251516166
2_8_10_4,-0.2,1.0,0.5227805533402653
2_8_10_5,-0.2,1.0,0.530123594409657
3_8_10_0,-0.2,1.0,0.9999999999993621
3_8_10_1,-0.2,1.0,0.20331260548880323
3_8_10_2,-0.2,1.0,0.6174782827268395
3_8_10_3,-0.2,1.0,0.5357271500384964
3_8_10_4,-0.2,1.0,0.5796408108192133
3_8_10_5,-0.2,1.0,0.5360357567182714
4_8_10_0,-0.2,1.0,0.9999999999905491
4_8_10_1,-0.2,1.0,0.41585203942364657
4_8_10_2,-0.2,1.0,0.7171492997000813
4_8_10_3,-0.2,1.0,0.6153315585501279
4_8_10_4,-0.2,1.0,0.6553404261051617
4_8_10_5,-0.2,1.0,0.47203463343352503
0_9_0_0,-0.1,0.0,2.2906414711205853e-16
0_9_0_1,-0.1,0.0,3.998338515516824e-33
0_9_0_2,-0.1,0.0,2.681454616775614e-26
0_9_0_3,-0.1,0.0,1.9600685131382853e-05
0_9_0_4,-0.1,0.0,6.2290803717227455e-18
0_9_0_5,-0.1,0.0,4.651708122299022e-07
1_9_0_0,-0.1,0.0,5.164810395248942e-06
1_9_0_1,-0.1,0.0,2.6633753905464844e-61
1_9_0_2,-0.1,0.0,1.663243703381104e-42
1_9_0_3,-0.1,0.0,1.6672199469583123e-05
1_9_0_4,-0.1,0.0,6.0589485341643615e-06
1_9_0_5,-0.1,0.0,1.6784844973062337e-16
2_9_0_0,-0.1,0.0,8.993285500334696e-10
2_9_0_1,-0.1,0.0,4.662815046370094e-55
2_9_0_2,-0.1,0.0,3.5353180596301008e-25
2_9_0_3,-0.1,0.0,6.633650145954032e-06
2_9_0_4,-0.1,0.0,0.001137663426807906
2_9_0_5,-0.1,0.0,2.4997922972628065e-05
3_9_0_0,-0.1,0.0,0.0014932899064281709
3_9_0_1,-0.1,0.0,3.3519536873735744e-05
3_9_0_2,-0.1,0.0,1.4894079298481288e-20
3_9_0_3,-0.1,0.0,4.861094481604446e-06
3_9_0_4,-0.1,0.0,0.0003488966649224448
3_9_0_5,-0.1,0.0,1.1917164191031568e-17
4_9_0_0,-0.1,0.0,0.0030065422565407566
4_9_0_1,-0.1,0.0,1.580911043883918e-10
4_9_0_2,-0.1,0.0,5.246724195794362e-43
4_9_0_3,-0.1,0.0,7.411356842976391e-07
4_9_0_4,-0.1,0.0,9.453528666626307e-06
4_9_0_5,-0.1,0.0,8.426400149343467e-06
0_9_1_0,-0.1,0.1,3.0775599697830866e-16
0_9_1_1,-0.1,0.1,4.307092711739746e-33
0_9_1_2,-0.1,0.1,3.85299419534704e-25
0_9_1_3,-0.1,0.1,2.8183659818010502e-05
0_9_1_4,-0.1,0.1,1.195210612672792e-15
0_9_1_5,-0.1,0.1,4.061684828179924e-07
1_9_1_0,-0.1,0.1,5.164810395248942e-06
1_9_1_1,-0.1,0.1,2.496542620398835e-83
1_9_1_2,-0.1,0.1,1.7397792394898035e-38
1_9_1_3,-0.1,0.1,1.1506297571290464e-15
1_9_1_4,-0.1,0.1,0.00013587279281564605
1_9_1_5,-0.1,0.1,3.845044368546774e-13
2_9_1_0,-0.1,0.1,5.635091127995607e-09
2_9_1_1,-0.1,0.1,4.5041664994452216e-55
2_9_1_2,-0.1,0.1,8.620773474067494e-24
2_9_1_3,-0.1,0.1,1.8450003950627336e-05
2_9_1_4,-0.1,0.1,0.0010225036752183512
2_9_1_5,-0.1,0.1,8.154580753160182e-06
3_9_1_0,-0.1,0.1,0.0014932899064281709
3_9_1_1,-0.1,0.1,3.5335906824984535e-05
3_9_1_2,-0.1,0.1,2.2998843973634503e-18
3_9_1_3,-0.1,0.1,7.607451374534512e-06
3_9_1_4,-0.1,0.1,0.0002979337800329086
3_9_1_5,-0.1,0.1,1.4319009592438883e-14
4_9_1_0,-0.1,0.1,0.0030065422565407566
4_9_1_1,-0.1,0.1,1.6318141457275234e-10
4_9_1_2,-0.1,0.1,4.249450573096485e-25
4_9_1_3,-0.1,0.1,8.043332423870763e-10
4_9_1_4,-0.1,0.1,1.2972901714879336e-05
4_9_1_5,-0.1,0.1,1.0283382827865455e-05
0_9_2_0,-0.1,0.2,5.1643794872896173e-51
0_9_2_1,-0.1,0.2,2.6687514492753634e-30
0_9_2_2,-0.1,0.2,3.4486408519250375e-25
0_9_2_3,-0.1,0.2,4.005455110426946e-05
0_9_2_4,-0.1,0.2,1.8336618382375884e-13
0_9_2_5,-0.1,0.2,2.20753864644283e-06
1_9_2_0,-0.1,0.2,5.164810395248942e-06
1_9_2_1,-0.1,0.2,7.835044391145021e-82
1_9_2_2,-0.1,0.2,3.2452522606903977e-48
1_9_2_3,-0.1,0.2,4.190968302598699e-14
1_9_2_4,-0.1,0.2,0.00025120474059372387
1_9_2_5,-0.1,0.2,2.4578998554906332e-12
2_9_2_0,-0.1,0.2,7.639823544001515e-27
2_9_2_1,-0.1,0.2,3.393473075558831e-55
2_9_2_2,-0.1,0.2,1.604688016798321e-26
2_9_2_3,-0.1,0.2,4.4223008476322095e-06
2_9_2_4,-0.1,0.2,0.0010671481539731506
2_9_2_5,-0.1,0.2,1.5279717613813092e-06
3_9_2_0,-0.1,0.2,0.0015288083348508352
3_9_2_1,-0.1,0.2,3.649585824576487e-05
3_9_2_2,-0.1,0.2,1.8484011471908056e-16
3_9_2_3,-0.1,0.2,2.024095598728396e-05
3_9_2_4,-0.1,0.2,0.00023373956638761097
3_9_2_5,-0.1,0.2,2.5134228614077745e-14
4_9_2_0,-0.1,0.2,0.00311589742622514
4_9_2_1,-0.1,0.2,1.83856886461578e-10
4_9_2_2,-0.1,0.2,0.00024161954559208306
4_9_2_3,-0.1,0.2,5.412157786720087e-09
4_9_2_4,-0.1,0.2,2.300906333410311e-05
4_9_2_5,-0.1,0.2,4.153585176114046e-05
0_9_3_0,-0.1,0.3,1.3214192668217454e-61
0_9_3_1,-0.1,0.3,2.401901905310685e-30
0_9_3_2,-0.1,0.3,8.420056594611436e-25
0_9_3_3,-0.1,0.3,2.8545955452273958e-05
0_9_3_4,-0.1,0.3,3.831196837668226e-15
0_9_3_5,-0.1,0.3,2.0417843650294984e-06
1_9_3_0,-0.1,0.3,5.164810395248942e-06
1_9_3_1,-0.1,0.3,7.4063302265492e-58
1_9_3_2,-0.1,0.3,3.783825223662167e-43
1_9_3_3,-0.1,0.3,1.3983076922629777e-13
1_9_3_4,-0.1,0.3,1.034175222194658e-07
1_9_3_5,-0.1,0.3,7.55502561993573e-10
2_9_3_0,-0.1,0.3,2.2972413127678444e-31
2_9_3_1,-0.1,0.3,5.60906228589205e-26
2_9_3_2,-0.1,0.3,2.9574350802486515e-22
2_9_3_3,-0.1,0.3,1.0237921006635337e-05
2_9_3_4,-0.1,0.3,0.0010971711066650564
2_9_3_5,-0.1,0.3,6.086972613662055e-05
3_9_3_0,-0.1,0.3,1.9591219114258614e-05
3_9_3_1,-0.1,0.3,6.007846304690249e-05
3_9_3_2,-0.1,0.3,3.9054791278065155e-14
3_9_3_3,-0.1,0.3,5.1384832935004736e-05
3_9_3_4,-0.1,0.3,0.00020392866784248452
3_9_3_5,-0.1,0.3,1.0356726443620821e-10
4_9_3_0,-0.1,0.3,0.0002728092425029036
4_9_3_1,-0.1,0.3,4.129371863643215e-10
4_9_3_2,-0.1,0.3,3.5806600227071016e-18
4_9_3_3,-0.1,0.3,1.288889676811659e-05
4_9_3_4,-0.1,0.3,2.731731051035028e-05
4_9_3_5,-0.1,0.3,6.599576049519413e-05
0_9_4_0,-0.1,0.4,1.4845917507594848e-46
0_9_4_1,-0.1,0.4,8.879571635121393e-37
0_9_4_2,-0.1,0.4,1.41002662454596e-05
0_9_4_3,-0.1,0.4,7.206897310187767e-05
0_9_4_4,-0.1,0.4,2.429188789607753e-10
0_9_4_5,-0.1,0.4,5.812894092075212e-06
1_9_4_0,-0.1,0.4,4.116233472438232e-06
1_9_4_1,-0.1,0.4,4.697210883909375e-20
1_9_4_2,-0.1,0.4,9.901617273111646e-26
1_9_4_3,-0.1,0.4,4.528733285114088e-12
1_9_4_4,-0.1,0.4,0.0010300489925081308
1_9_4_5,-0.1,0.4,3.0842004366441206e-07
2_9_4_0,-0.1,0.4,1.8165897998910946e-24
2_9_4_1,-0.1,0.4,4.100443119929168e-23
2_9_4_2,-0.1,0.4,9.368941128968502e-17
2_9_4_3,-0.1,0.4,1.748732249435912e-05
2_9_4_4,-0.1,0.4,0.0015869824836022054
2_9_4_5,-0.1,0.4,7.578515907661178e-05
3_9_4_0,-0.1,0.4,7.535149904878543e-08
3_9_4_1,-0.1,0.4,7.214456350122599e-05
3_9_4_2,-0.1,0.4,5.254114032219405e-14
3_9_4_3,-0.1,0.4,5.874641176792153e-05
3_9_4_4,-0.1,0.4,0.00014036565749172373
3_9_4_5,-0.1,0.4,3.3879300038493536e-08
4_9_4_0,-0.1,0.4,1.3838083373870236e-07
4_9_4_1,-0.1,0.4,4.0616363386998343e-10
4_9_4_2,-0.1,0.4,1.7836245964573971e-12
4_9_4_3,-0.1,0.4,0.0002460982713449836
4_9_4_4,-0.1,0.4,3.295176202300577e-05
4_9_4_5,-0.1,0.4,0.00013721417656855747
0_9_5_0,-0.1,0.5,1.8354624493672031e-37
0_9_5_1,-0.1,0.5,2.8631182196366394e-13
0_9_5_2,-0.1,0.5,2.331250640312983e-12
0_9_5_3,-0.1,0.5,2.803343957023781e-09
0_9_5_4,-0.1,0.5,7.907651910464616e-07
0_9_5_5,-0.1,0.5,0.00020874815563489904
1_9_5_0,-0.1,0.5,4.953781009811807e-09
1_9_5_1,-0.1,0.5,7.545181016272779e-13
1_9_5_2,-0.1,0.5,4.3395432497819754e-14
1_9_5_3,-0.1,0.5,3.5461419686515637e-10
1_9_5_4,-0.1,0.5,0.0045082425275379725
1_9_5_5,-0.1,0.5,3.416104043977149e-05
2_9_5_0,-0.1,0.5,5.2781830861634094e-18
2_9_5_1,-0.1,0.5,6.63463999289147e-14
2_9_5_2,-0.1,0.5,1.212948003474132e-11
2_9_5_3,-0.1,0.5,1.8638829791344964e-05
2_9_5_4,-0.1,0.5,0.00047202250030944177
2_9_5_5,-0.1,0.5,8.186119955764793e-05
3_9_5_0,-0.1,0.5,4.202319757341737e-06
3_9_5_1,-0.1,0.5,1.0270259072740139e-05
3_9_5_2,-0.1,0.5,3.674012090873326e-11
3_9_5_3,-0.1,0.5,4.641379056043714e-08
3_9_5_4,-0.1,0.5,0.0005575971005989503
3_9_5_5,-0.1,0.5,6.607123086944789e-06
4_9_5_0,-0.1,0.5,2.934095496655082e-07
4_9_5_1,-0.1,0.5,1.459691631141557e-09
4_9_5_2,-0.1,0.5,3.77707325082112e-09
4_9_5_3,-0.1,0.5,3.6064994734755143e-05
4_9_5_4,-0.1,0.5,0.0019184022015815792
4_9_5_5,-0.1,0.5,4.921054271855604e-05
0_9_6_0,-0.1,0.6,8.918030480279276e-23
0_9_6_1,-0.1,0.6,1.4472310284281792e-06
0_9_6_2,-0.1,0.6,1.4676574291175887e-06
0_9_6_3,-0.1,0.6,1.4362280492690485e-05
0_9_6_4,-0.1,0.6,0.0009672624467888199
0_9_6_5,-0.1,0.6,0.00024440079897450654
1_9_6_0,-0.1,0.6,4.196359371897204e-09
1_9_6_1,-0.1,0.6,2.449668929750859e-08
1_9_6_2,-0.1,0.6,0.0013003357799805716
1_9_6_3,-0.1,0.6,0.00010452399535385175
1_9_6_4,-0.1,0.6,0.003087711512407231
1_9_6_5,-0.1,0.6,0.001446140416270056
2_9_6_0,-0.1,0.6,2.2171324213182175e-15
2_9_6_1,-0.1,0.6,6.286606407819591e-26
2_9_6_2,-0.1,0.6,4.6264037985477363e-07
2_9_6_3,-0.1,0.6,4.507171971603529e-05
2_9_6_4,-0.1,0.6,0.0008627743663019436
2_9_6_5,-0.1,0.6,0.00017405451836911866
3_9_6_0,-0.1,0.6,2.6918542500983046e-05
3_9_6_1,-0.1,0.6,4.20115272991138e-05
3_9_6_2,-0.1,0.6,4.73957054146466e-10
3_9_6_3,-0.1,0.6,0.0006122260243392
3_9_6_4,-0.1,0.6,2.6723403355241407e-05
3_9_6_5,-0.1,0.6,0.001554734946690707
4_9_6_0,-0.1,0.6,9.596917609396974e-05
4_9_6_1,-0.1,0.6,1.6446546762353487e-09
4_9_6_2,-0.1,0.6,3.836684001133701e-05
4_9_6_3,-0.1,0.6,0.0006111737617657477
4_9_6_4,-0.1,0.6,4.856704033487421e-05
4_9_6_5,-0.1,0.6,0.0024647979573351373
0_9_7_0,-0.1,0.7,1.0353953256910354e-18
0_9_7_1,-0.1,0.7,0.0007956741844610267
0_9_7_2,-0.1,0.7,0.012972710633768854
0_9_7_3,-0.1,0.7,0.0120591180537746
0_9_7_4,-0.1,0.7,0.053150689263050915
0_9_7_5,-0.1,0.7,0.02522691796609031
1_9_7_0,-0.1,0.7,4.2383969989810695e-09
1_9_7_1,-0.1,0.7,0.00029569689522137844
1_9_7_2,-0.1,0.7,0.0027179282386608156
1_9_7_3,-0.1,0.7,0.03877068261144368
1_9_7_4,-0.1,0.7,0.03457238083850871
1_9_7_5,-0.1,0.7,0.11185019963553926
2_9_7_0,-0.1,0.7,1.3479381617621367e-11
2_9_7_1,-0.1,0.7,0.00012179128719392111
2_9_7_2,-0.1,0.7,0.0004847470830059114
2_9_7_3,-0.1,0.7,0.014197222284939377
2_9_7_4,-0.1,0.7,0.04190922366883364
2_9_7_5,-0.1,0.7,0.0365392242050323
3_9_7_0,-0.1,0.7,0.0005036202362484409
3_9_7_1,-0.1,0.7,5.1872460206087384e-05
3_9_7_2,-0.1,0.7,0.05279251403210584
3_9_7_3,-0.1,0.7,0.1487178118717547
3_9_7_4,-0.1,0.7,0.15781237365736597
3_9_7_5,-0.1,0.7,0.1392248024889208
4_9_7_0,-0.1,0.7,0.0010296380377868323
4_9_7_1,-0.1,0.7,0.0019310223190619178
4_9_7_2,-0.1,0.7,0.033826903958109056
4_9_7_3,-0.1,0.7,0.0647361594724523
4_9_7_4,-0.1,0.7,0.041835891120535276
4_9_7_5,-0.1,0.7,0.10886106338086451
0_9_8_0,-0.1,0.8,0.999709774065857
0_9_8_1,-0.1,0.8,0.7970159137444067
0_9_8_2,-0.1,0.8,0.5949965706145864
0_9_8_3,-0.1,0.8,0.6521353258218701
0_9_8_4,-0.1,0.8,0.6426708679421277
0_9_8_5,-0.1,0.8,0.5200069450781029
1_9_8_0,-0.1,0.8,0.9731179560671985
1_9_8_1,-0.1,0.8,0.8402601227118877
1_9_8_2,-0.1,0.8,0.8725290181724746
1_9_8_3,-0.1,0.8,0.6449291624223201
1_9_8_4,-0.1,0.8,0.5146560681523222
1_9_8_5,-0.1,0.8,0.4826776807892847
2_9_8_0,-0.1,0.8,0.9997390106846459
2_9_8_1,-0.1,0.8,0.9641181482779417
2_9_8_2,-0.1,0.8,0.7108159742751864
2_9_8_3,-0.1,0.8,0.5755230338022613
2_9_8_4,-0.1,0.8,0.5032277217697998
2_9_8_5,-0.1,0.8,0.4626212859030731
3_9_8_0,-0.1,0.8,0.999504772898093
3_9_8_1,-0.1,0.8,0.6102168457704056
3_9_8_2,-0.1,0.8,0.6259528361713169
3_9_8_3,-0.1,0.8,0.5208227338687643
3_9_8_4,-0.1,0.8,0.6140123902529211
3_9_8_5,-0.1,0.8,0.5700316786260116
4_9_8_0,-0.1,0.8,0.9998695449864888
4_9_8_1,-0.1,0.8,0.6403496268135441
4_9_8_2,-0.1,0.8,0.7267293772863178
4_9_8_3,-0.1,0.8,0.5405924093679328
4_9_8_4,-0.1,0.8,0.6896789426835206
4_9_8_5,-0.1,0.8,0.6402486742571534
0_9_9_0,-0.1,0.9,0.9992004296808915
0_9_9_1,-0.1,0.9,0.7999320206028802
0_9_9_2,-0.1,0.9,0.7046833690560176
0_9_9_3,-0.1,0.9,0.7389199277739229
0_9_9_4,-0.1,0.9,0.7341164143910537
0_9_9_5,-0.1,0.9,0.6607394932119346
1_9_9_0,-0.1,0.9,0.9999988223026703
1_9_9_1,-0.1,0.9,0.8301345816265856
1_9_9_2,-0.1,0.9,0.9088204724736001
1_9_9_3,-0.1,0.9,0.6512525823503105
1_9_9_4,-0.1,0.9,0.6272512560641645
1_9_9_5,-0.1,0.9,0.5509584869492636
2_9_9_0,-0.1,0.9,0.999766894903119
2_9_9_1,-0.1,0.9,0.9999976475873316
2_9_9_2,-0.1,0.9,0.7200189562878372
2_9_9_3,-0.1,0.9,0.6792482152663951
2_9_9_4,-0.1,0.9,0.6499976022576185
2_9_9_5,-0.1,0.9,0.6806093084894203
3_9_9_0,-0.1,0.9,0.9999999995380208
3_9_9_1,-0.1,0.9,0.8012085419669689
3_9_9_2,-0.1,0.9,0.6189226865454419
3_9_9_3,-0.1,0.9,0.534106423033591
3_9_9_4,-0.1,0.9,0.6285065547874403
3_9_9_5,-0.1,0.9,0.6497878776708438
4_9_9_0,-0.1,0.9,0.9998833649162188
4_9_9_1,-0.1,0.9,0.6268437273704769
4_9_9_2,-0.1,0.9,0.7293185611570835
4_9_9_3,-0.1,0.9,0.6726755515040337
4_9_9_4,-0.1,0.9,0.6624414551614332
4_9_9_5,-0.1,0.9,0.6515816918210251
0_9_10_0,-0.1,1.0,1.0
0_9_10_1,-0.1,1.0,0.8017501449440403
0_9_10_2,-0.1,1.0,0.8055742766192231
0_9_10_3,-0.1,1.0,0.8021182585319694
0_9_10_4,-0.1,1.0,0.7421270972759604
0_9_10_5,-0.1,1.0,0.7194256266790274
1_9_10_0,-0.1,1.0,0.9999999133211912
1_9_10_1,-0.1,1.0,0.807565542278557
1_9_10_2,-0.1,1.0,0.9005763283244063
1_9_10_3,-0.1,1.0,0.7079949594021503
1_9_10_4,-0.1,1.0,0.734840583187262
1_9_10_5,-0.1,1.0,0.6472084570166035
2_9_10_0,-0.1,1.0,1.0
2_9_10_1,-0.1,1.0,0.9999999999988292
2_9_10_2,-0.1,1.0,0.7251397900686277
2_9_10_3,-0.1,1.0,0.6742712179462836
2_9_10_4,-0.1,1.0,0.6805189056397738
2_9_10_5,-0.1,1.0,0.7033237341044954
3_9_10_0,-0.1,1.0,0.9999999999999114
3_9_10_1,-0.1,1.0,0.800819592442603
3_9_10_2,-0.1,1.0,0.7097090249391574
3_9_10_3,-0.1,1.0,0.5288066568723642
3_9_10_4,-0.1,1.0,0.6772652748856103
3_9_10_5,-0.1,1.0,0.6435027270914663
4_9_10_0,-0.1,1.0,0.9999993926857621
4_9_10_1,-0.1,1.0,0.8100321398658908
4_9_10_2,-0.1,1.0,0.7313865297446122
4_9_10_3,-0.1,1.0,0.7319731372341852
4_9_10_4,-0.1,1.0,0.7240369247842857
4_9_10_5,-0.1,1.0,0.6407775390362784
0_10_0_0,0.0,0.0,0.0
0_10_0_1,0.0,0.0,5.648229639737808e-62
0_10_0_2,0.0,0.0,4.166318957224887e-48
0_10_0_3,0.0,0.0,4.5323886580377934e-12
0_10_0_4,0.0,0.0,3.345641129985817e-17
0_10_0_5,0.0,0.0,9.340635338257339e-10
1_10_0_0,0.0,0.0,2.815534446477111e-17
1_10_0_1,0.0,0.0,4.141681535111453e-52
1_10_0_2,0.0,0.0,8.502612518372148e-06
1_10_0_3,0.0,0.0,8.062538034494899e-41
1_10_0_4,0.0,0.0,5.849946885957071e-16
1_10_0_5,0.0,0.0,3.960695643117197e-14
2_10_0_0,0.0,0.0,0.0
2_10_0_1,0.0,0.0,7.071766033574463e-48
2_10_0_2,0.0,0.0,7.061065605887121e-07
2_10_0_3,0.0,0.0,9.804603244306082e-19
2_10_0_4,0.0,0.0,8.746028553096129e-17
2_10_0_5,0.0,0.0,2.3399994856429868e-09
3_10_0_0,0.0,0.0,0.0
3_10_0_1,0.0,0.0,6.6379306456534385e-40
3_10_0_2,0.0,0.0,4.822479832422145e-44
3_10_0_3,0.0,0.0,4.480041681972062e-21
3_10_0_4,0.0,0.0,5.5926391459664e-17
3_10_0_5,0.0,0.0,2.86826963475695e-15
4_10_0_0,0.0,0.0,0.0
4_10_0_1,0.0,0.0,3.514320512007431e-46
4_10_0_2,0.0,0.0,3.35051472821239e-33
4_10_0_3,0.0,0.0,3.191054948070941e-11
4_10_0_4,0.0,0.0,3.8663823322977046e-26
4_10_0_5,0.0,0.0,3.848527923540245e-07
0_10_1_0,0.0,0.1,0.0
0_10_1_1,0.0,0.1,4.39362053509883e-58
0_10_1_2,0.0,0.1,1.2770272234308963e-30
0_10_1_3,0.0,0.1,4.116480261344174e-12
0_10_1_4,0.0,0.1,4.4618547459913165e-14
0_10_1_5,0.0,0.1,2.1948068807441986e-09
1_10_1_0,0.0,0.1,6.493606205418513e-07
1_10_1_1,0.0,0.1,5.11649419611885e-35
1_10_1_2,0.0,0.1,2.7312859390227485e-29
1_10_1_3,0.0,0.1,2.7005664758245736e-30
1_10_1_4,0.0,0.1,1.679064156230141e-15
1_10_1_5,0.0,0.1,0.00016321236235449505
2_10_1_0,0.0,0.1,0.0
2_10_1_1,0.0,0.1,2.2523040394365125e-35
2_10_1_2,0.0,0.1,1.3418151978168628e-30
2_10_1_3,0.0,0.1,1.1227215406002421e-18
2_10_1_4,0.0,0.1,3.3712125807757685e-16
2_10_1_5,0.0,0.1,0.00010111894770208057
3_10_1_0,0.0,0.1,0.0
3_10_1_1,0.0,0.1,6.861642156643931e-40
3_10_1_2,0.0,0.1,8.372707985765143e-37
3_10_1_3,0.0,0.1,5.999756672401347e-18
3_10_1_4,0.0,0.1,3.289092802986009e-15
3_10_1_5,0.0,0.1,6.131764501239967e-14
4_10_1_0,0.0,0.1,0.0
4_10_1_1,0.0,0.1,2.641616381383289e-43
4_10_1_2,0.0,0.1,5.966579067609728e-34
4_10_1_3,0.0,0.1,2.0607738341335094e-10
4_10_1_4,0.0,0.1,1.5933388588243064e-21
4_10_1_5,0.0,0.1,6.949274493156347e-08
0_10_2_0,0.0,0.2,2.106412231691362e-29
0_10_2_1,0.0,0.2,4.683042106287569e-67
0_10_2_2,0.0,0.2,3.4449237949913213e-34
0_10_2_3,0.0,0.2,7.843411479696675e-12
0_10_2_4,0.0,0.2,0.00032961820115080744
0_10_2_5,0.0,0.2,2.0994339346842829e-10
1_10_2_0,0.0,0.2,2.094912978757347e-06
1_10_2_1,0.0,0.2,1.469120584973321e-56
1_10_2_2,0.0,0.2,1.2262245881803619e-27
1_10_2_3,0.0,0.2,2.916333917995712e-19
1_10_2_4,0.0,0.2,1.0692322122689072e-12
1_10_2_5,0.0,0.2,6.46832661035184e-11
2_10_2_0,0.0,0.2,0.0
2_10_2_1,0.0,0.2,2.0146199031680034e-28
2_10_2_2,0.0,0.2,3.5889228444779283e-25
2_10_2_3,0.0,0.2,1.333860312213174e-16
2_10_2_4,0.0,0.2,4.2354543813385865e-14
2_10_2_5,0.0,0.2,2.7354768564352736e-08
3_10_2_0,0.0,0.2,0.0
3_10_2_1,0.0,0.2,5.783834816081369e-38
3_10_2_2,0.0,0.2,2.3887553629748548e-32
3_10_2_3,0.0,0.2,1.5861417977260164e-16
3_10_2_4,0.0,0.2,1.4725981176507538e-05
3_10_2_5,0.0,0.2,5.103605131593042e-05
4_10_2_0,0.0,0.2,0.0
4_10_2_1,0.0,0.2,1.9953895480076406e-33
4_10_2_2,0.0,0.2,7.575389861279745e-26
4_10_2_3,0.0,0.2,5.762308592255864e-09
4_10_2_4,0.0,0.2,4.3801014045226576e-20
4_10_2_5,0.0,0.2,6.35370148571196e-07
0_10_3_0,0.0,0.3,2.065367886129444e-28
0_10_3_1,0.0,0.3,1.9973359998302525e-27
0_10_3_2,0.0,0.3,7.57306522358749e-26
0_10_3_3,0.0,0.3,6.291937037103562e-10
0_10_3_4,0.0,0.3,0.00040748358753243263
0_10_3_5,0.0,0.3,3.5135998227206725e-08
1_10_3_0,0.0,0.3,2.094912978757347e-06
1_10_3_1,0.0,0.3,2.7463439637590087e-22
1_10_3_2,0.0,0.3,3.1504800168556977e-19
1_10_3_3,0.0,0.3,4.717521259279356e-19
1_10_3_4,0.0,0.3,0.0002527788985244766
1_10_3_5,0.0,0.3,7.2751922546791166e-09
2_10_3_0,0.0,0.3,9.020426548334e-28
2_10_3_1,0.0,0.3,4.1081811388811826e-22
2_10_3_2,0.0,0.3,1.7561898890334628e-23
2_10_3_3,0.0,0.3,7.434398502338464e-15
2_10_3_4,0.0,0.3,1.545446968649631e-13
2_10_3_5,0.0,0.3,1.482025037470173e-07
3_10_3_0,0.0,0.3,5.625404880816469e-25
3_10_3_1,0.0,0.3,3.748990114758866e-27
3_10_3_2,0.0,0.3,1.4359568699378007e-24
3_10_3_3,0.0,0.3,4.1285543132662296e-11
3_10_3_4,0.0,0.3,0.0004844638968482415
3_10_3_5,0.0,0.3,2.061737987951129e-12
4_10_3_0,0.0,0.3,7.186966061532375e-26
4_10_3_1,0.0,0.3,7.073285008278305e-41
4_10_3_2,0.0,0.3,1.1378070867849902e-20
4_10_3_3,0.0,0.3,2.813822121898269e-09
4_10_3_4,0.0,0.3,1.3186694147137016e-14
4_10_3_5,0.0,0.3,5.202874400676209e-06
0_10_4_0,0.0,0.4,8.630448353808773e-19
0_10_4_1,0.0,0.4,6.462079095152154e-16
0_10_4_2,0.0,0.4,2.0703389815044094e-13
0_10_4_3,0.0,0.4,4.5380886485744025e-08
0_10_4_4,0.0,0.4,5.3129425439929655e-08
0_10_4_5,0.0,0.4,0.0004545417195854735
1_10_4_0,0.0,0.4,2.3000161641105434e-37
1_10_4_1,0.0,0.4,2.845804072301593e-16
1_10_4_2,0.0,0.4,5.823282619775075e-14
1_10_4_3,0.0,0.4,1.5652416414975507e-15
1_10_4_4,0.0,0.4,5.322582314932232e-08
1_10_4_5,0.0,0.4,1.3530551845966613e-06
2_10_4_0,0.0,0.4,1.1298528956399522e-18
2_10_4_1,0.0,0.4,9.792591369574618e-15
2_10_4_2,0.0,0.4,6.018346363891153e-17
2_10_4_3,0.0,0.4,1.495603801037344e-12
2_10_4_4,0.0,0.4,0.0009184804161764202
2_10_4_5,0.0,0.4,3.014069867702767e-06
3_10_4_0,0.0,0.4,3.6548212804035787e-25
3_10_4_1,0.0,0.4,1.721498734691786e-23
3_10_4_2,0.0,0.4,8.981184876235681e-05
3_10_4_3,0.0,0.4,4.080976393003807e-09
3_10_4_4,0.0,0.4,4.411780730466679e-11
3_10_4_5,0.0,0.4,5.188879727731605e-08
4_10_4_0,0.0,0.4,9.836700043094441e-17
4_10_4_1,0.0,0.4,7.548627343523681e-19
4_10_4_2,0.0,0.4,1.782321087335896e-11
4_10_4_3,0.0,0.4,4.580813348966203e-06
4_10_4_4,0.0,0.4,2.4319010575169824e-12
4_10_4_5,0.0,0.4,4.673206037800191e-06
0_10_5_0,0.0,0.5,9.947700063585487e-15
0_10_5_1,0.0,0.5,4.965515836420665e-11
0_10_5_2,0.0,0.5,6.293117326908006e-10
0_10_5_3,0.0,0.5,5.073001396010334e-07
0_10_5_4,0.0,0.5,0.0003267173721581206
0_10_5_5,0.0,0.5,7.018275105315141e-07
1_10_5_0,0.0,0.5,3.21415316203176e-28
1_10_5_1,0.0,0.5,4.668996667590139e-11
1_10_5_2,0.0,0.5,1.028190600084235e-09
1_10_5_3,0.0,0.5,2.020562143904755e-09
1_10_5_4,0.0,0.5,2.5295318024206214e-06
1_10_5_5,0.0,0.5,7.321306333977858e-06
2_10_5_0,0.0,0.5,1.7560727026079733e-13
2_10_5_1,0.0,0.5,1.215549148053882e-10
2_10_5_2,0.0,0.5,1.5524233215033503e-09
2_10_5_3,0.0,0.5,4.966159550984785e-09
2_10_5_4,0.0,0.5,1.757931549535348e-06
2_10_5_5,0.0,0.5,0.0023923332717871943
3_10_5_0,0.0,0.5,1.4402206690613535e-16
3_10_5_1,0.0,0.5,4.6073628654453977e-17
3_10_5_2,0.0,0.5,0.0001006589696399521
3_10_5_3,0.0,0.5,6.173352206453544e-08
3_10_5_4,0.0,0.5,7.810846046795649e-09
3_10_5_5,0.0,0.5,1.350924161884828e-06
4_10_5_0,0.0,0.5,4.336445969571999e-14
4_10_5_1,0.0,0.5,4.043815876954205e-14
4_10_5_2,0.0,0.5,1.3160477834145302e-11
4_10_5_3,0.0,0.5,1.3220716873824279e-06
4_10_5_4,0.0,0.5,5.619047960561563e-11
4_10_5_5,0.0,0.5,3.472065177760268e-05
0_10_6_0,0.0,0.6,2.6763736079110646e-08
0_10_6_1,0.0,0.6,2.6140313935387576e-06
0_10_6_2,0.0,0.6,1.2119264094307765e-05
0_10_6_3,0.0,0.6,3.1332083562184696e-05
0_10_6_4,0.0,0.6,0.0022560830464902096
0_10_6_5,0.0,0.6,0.0005126983330058327
1_10_6_0,0.0,0.6,8.666096902261684e-24
1_10_6_1,0.0,0.6,1.7649574660811298e-06
1_10_6_2,0.0,0.6,1.8657119647072565e-07
1_10_6_3,0.0,0.6,2.3115514772500246e-05
1_10_6_4,0.0,0.6,0.0002107589997011879
1_10_6_5,0.0,0.6,0.0013414702663850035
2_10_6_0,0.0,0.6,2.9069867273825034e-09
2_10_6_1,0.0,0.6,3.5672396025805257e-06
2_10_6_2,0.0,0.6,1.761284227985352e-09
2_10_6_3,0.0,0.6,6.811511160558974e-05
2_10_6_4,0.0,0.6,0.00010702720573128345
2_10_6_5,0.0,0.6,0.00015198232510918013
3_10_6_0,0.0,0.6,3.2279650518896404e-11
3_10_6_1,0.0,0.6,2.486074030501453e-09
3_10_6_2,0.0,0.6,1.5175339325573775e-06
3_10_6_3,0.0,0.6,5.3715861573703965e-06
3_10_6_4,0.0,0.6,0.0033294538187881124
3_10_6_5,0.0,0.6,0.006386597528285139
4_10_6_0,0.0,0.6,1.968556776190172e-08
4_10_6_1,0.0,0.6,5.328856462506956e-06
4_10_6_2,0.0,0.6,2.4907338569188934e-05
4_10_6_3,0.0,0.6,0.003861624308348784
4_10_6_4,0.0,0.6,6.143596701197676e-05
4_10_6_5,0.0,0.6,0.002322927619435882
0_10_7_0,0.0,0.7,0.0001016780490701758
0_10_7_1,0.0,0.7,0.006225752244931122
0_10_7_2,0.0,0.7,0.0028162027513564695
0_10_7_3,0.0,0.7,0.04369987729508451
0_10_7_4,0.0,0.7,0.07197437958131188
0_10_7_5,0.0,0.7,0.08147620544306614
1_10_7_0,0.0,0.7,1.4795049283850678e-20
1_10_7_1,0.0,0.7,0.014160172677131122
1_10_7_2,0.0,0.7,0.0004278354052385464
1_10_7_3,0.0,0.7,0.04604351911473481
1_10_7_4,0.0,0.7,0.07697228542418573
1_10_7_5,0.0,0.7,0.10897514514370368
2_10_7_0,0.0,0.7,0.00026964152888949615
2_10_7_1,0.0,0.7,0.0026108367546555837
2_10_7_2,0.0,0.7,0.011467957509534273
2_10_7_3,0.0,0.7,0.026058816843730476
2_10_7_4,0.0,0.7,0.07383188251380414
2_10_7_5,0.0,0.7,0.04645291852729626
3_10_7_0,0.0,0.7,1.074371245360033e-05
3_10_7_1,0.0,0.7,0.012710991911451818
3_10_7_2,0.0,0.7,0.13937863846819065
3_10_7_3,0.0,0.7,0.15404507609795953
3_10_7_4,0.0,0.7,0.222927695597244
3_10_7_5,0.0,0.7,0.24399069219485248
4_10_7_0,0.0,0.7,0.0006488741170943884
4_10_7_1,0.0,0.7,0.013184612865162593
4_10_7_2,0.0,0.7,0.08000726617731951
4_10_7_3,0.0,0.7,0.06669559176859174
4_10_7_4,0.0,0.7,0.12337900859435263
4_10_7_5,0.0,0.7,0.15707912559999238
0_10_8_0,0.0,0.8,0.9866820866202385
0_10_8_1,0.0,0.8,0.9996537139023134
0_10_8_2,0.0,0.8,0.8049965437861145
0_10_8_3,0.0,0.8,0.7789185304115638
0_10_8_4,0.0,0.8,0.6590144064306607
0_10_8_5,0.0,0.8,0.595962731123527
1_10_8_0,0.0,0.8,0.9997464379553034
1_10_8_1,0.0,0.8,0.9957680905217003
1_10_8_2,0.0,0.8,0.8582215603732372
1_10_8_3,0.0,0.8,0.7132053830537638
1_10_8_4,0.0,0.8,0.6635122181727038
1_10_8_5,0.0,0.8,0.5966175072387487
2_10_8_0,0.0,0.8,0.9956112522509744
2_10_8_1,0.0,0.8,0.9983681528376795
2_10_8_2,0.0,0.8,0.7867134863689762
2_10_8_3,0.0,0.8,0.8031122158726123
2_10_8_4,0.0,0.8,0.7261561236279569
2_10_8_5,0.0,0.8,0.6732929776928934
3_10_8_0,0.0,0.8,0.9999996593876583
3_10_8_1,0.0,0.8,0.9999542044473627
3_10_8_2,0.0,0.8,0.7702443939832921
3_10_8_3,0.0,0.8,0.5316550930341742
3_10_8_4,0.0,0.8,0.7231347221947337
3_10_8_5,0.0,0.8,0.6553986837452974
4_10_8_0,0.0,0.8,0.9997090649698687
4_10_8_1,0.0,0.8,0.9938502904328625
4_10_8_2,0.0,0.8,0.69894454706672
4_10_8_3,0.0,0.8,0.7805900115149561
4_10_8_4,0.0,0.8,0.7038054602664068
4_10_8_5,0.0,0.8,0.6289850281095879
0_10_9_0,0.0,0.9,0.9875107100529354
0_10_9_1,0.0,0.9,0.9999999938676315
0_10_9_2,0.0,0.9,0.9014417350776506
0_10_9_3,0.0,0.9,0.7912294845731199
0_10_9_4,0.0,0.9,0.7467045783270011
0_10_9_5,0.0,0.9,0.7269385226282775
1_10_9_0,0.0,0.9,0.9995760137876998
1_10_9_1,0.0,0.9,0.9999999846792321
1_10_9_2,0.0,0.9,0.9999988127149867
1_10_9_3,0.0,0.9,0.7810379168569512
1_10_9_4,0.0,0.9,0.8087789076070993
1_10_9_5,0.0,0.9,0.6852372165111907
2_10_9_0,0.0,0.9,0.9898393294847391
2_10_9_1,0.0,0.9,0.9999999999996358
2_10_9_2,0.0,0.9,0.9312845798080233
2_10_9_3,0.0,0.9,0.8008887218607113
2_10_9_4,0.0,0.9,0.7838368543053368
2_10_9_5,0.0,0.9,0.7836619081696848
3_10_9_0,0.0,0.9,0.9876410070575529
3_10_9_1,0.0,0.9,0.999999977998532
3_10_9_2,0.0,0.9,0.8994423900654019
3_10_9_3,0.0,0.9,0.5918563652429855
3_10_9_4,0.0,0.9,0.7314439555840687
3_10_9_5,0.0,0.9,0.7667099663303156
4_10_9_0,0.0,0.9,0.9792022179751111
4_10_9_1,0.0,0.9,0.9999999690704194
4_10_9_2,0.0,0.9,0.9068101044766179
4_10_9_3,0.0,0.9,0.7885691905260678
4_10_9_4,0.0,0.9,0.7714302188880099
4_10_9_5,0.0,0.9,0.7317856276798724
0_10_10_0,0.0,1.0,0.9865241702217697
0_10_10_1,0.0,1.0,0.9999999999998963
0_10_10_2,0.0,1.0,0.902351112870376
0_10_10_3,0.0,1.0,0.7910912790349444
0_10_10_4,0.0,1.0,0.7409077788665861
0_10_10_5,0.0,1.0,0.8101446495885909
1_10_10_0,0.0,1.0,1.0
1_10_10_1,0.0,1.0,0.9999999999999655
1_10_10_2,0.0,1.0,0.9999999999996092
1_10_10_3,0.0,1.0,0.7898014758805484
1_10_10_4,0.0,1.0,0.8693604126775384
1_10_10_5,0.0,1.0,0.6854055042228533
2_10_10_0,0.0,1.0,0.9862915726190308
2_10_10_1,0.0,1.0,1.0
2_10_10_2,0.0,1.0,0.9189825569143517
2_10_10_3,0.0,1.0,0.8617323016084772
2_10_10_4,0.0,1.0,0.7856994691711975
2_10_10_5,0.0,1.0,0.7942262824688464
3_10_10_0,0.0,1.0,0.9756584146646989
3_10_10_1,0.0,1.0,0.9999999999999835
3_10_10_2,0.0,1.0,0.9999994689022633
3_10_10_3,0.0,1.0,0.6617809518449723
3_10_10_4,0.0,1.0,0.7593763430457464
3_10_10_5,0.0,1.0,0.7445464949907369
4_10_10_0,0.0,1.0,0.985806679299218
4_10_10_1,0.0,1.0,1.0
4_10_10_2,0.0,1.0,0.9057651675588692
4_10_10_3,0.0,1.0,0.7892882750018134
4_10_10_4,0.0,1.0,0.8090723410599867
4_10_10_5,0.0,1.0,0.7693027851145732
0_11_0_0,0.1,0.0,4.635737452357713e-27
0_11_0_1,0.1,0.0,1.0376500197889443e-42
0_11_0_2,0.1,0.0,1.2012092324060602e-40
0_11_0_3,0.1,0.0,2.3275764979010883e-33
0_11_0_4,0.1,0.0,3.0973264602528734e-05
0_11_0_5,0.1,0.0,1.139585006594917e-19
1_11_0_0,0.1,0.0,0.0
1_11_0_1,0.1,0.0,2.817123064415266e-50
1_11_0_2,0.1,0.0,4.508764111492674e-05
1_11_0_3,0.1,0.0,4.031342755151516e-31
1_11_0_4,0.1,0.0,1.1310749759318094e-05
1_11_0_5,0.1,0.0,5.239317930754994e-14
2_11_0_0,0.1,0.0,1.4117610492061829e-21
2_11_0_1,0.1,0.0,1.8420572582565535e-55
2_11_0_2,0.1,0.0,1.9316604420235743e-58
2_11_0_3,0.1,0.0,6.717092429479217e-25
2_11_0_4,0.1,0.0,1.6783121274596328e-23
2_11_0_5,0.1,0.0,1.4076099479406208e-15
3_11_0_0,0.1,0.0,4.678342226173737e-74
3_11_0_1,0.1,0.0,2.427759592536823e-48
3_11_0_2,0.1,0.0,8.578873477859316e-37
3_11_0_3,0.1,0.0,8.727615276479718e-19
3_11_0_4,0.1,0.0,8.245044398313717e-21
3_11_0_5,0.1,0.0,6.549565573839048e-16
4_11_0_0,0.1,0.0,1.212275916636916e-55
4_11_0_1,0.1,0.0,2.3790610194401617e-43
4_11_0_2,0.1,0.0,2.0987995070631668e-05
4_11_0_3,0.1,0.0,1.9105858292217943e-26
4_11_0_4,0.1,0.0,8.778645874540257e-23
4_11_0_5,0.1,0.0,3.512810186220863e-18
0_11_1_0,0.1,0.1,4.037727718221795e-29
0_11_1_1,0.1,0.1,4.013972615312333e-24
0_11_1_2,0.1,0.1,1.059004485852802e-31
0_11_1_3,0.1,0.1,4.858694200366117e-27
0_11_1_4,0.1,0.1,4.5427132289378124e-15
0_11_1_5,0.1,0.1,1.4516632609477379e-15
1_11_1_0,0.1,0.1,0.0
1_11_1_1,0.1,0.1,4.5080007974520825e-42
1_11_1_2,0.1,0.1,2.12404841612741e-06
1_11_1_3,0.1,0.1,8.169802155242432e-23
1_11_1_4,0.1,0.1,8.472906929421493e-15
1_11_1_5,0.1,0.1,9.452687550947877e-13
2_11_1_0,0.1,0.1,4.676234313153305e-35
2_11_1_1,0.1,0.1,6.951874268864495e-07
2_11_1_2,0.1,0.1,8.189200874835933e-64
2_11_1_3,0.1,0.1,1.947211902242945e-22
2_11_1_4,0.1,0.1,2.729955004735398e-22
2_11_1_5,0.1,0.1,1.2412536913191282e-15
3_11_1_0,0.1,0.1,1.8367003781477858e-33
3_11_1_1,0.1,0.1,1.3582989095774483e-47
3_11_1_2,0.1,0.1,2.495122525441724e-32
3_11_1_3,0.1,0.1,6.300799783623251e-18
3_11_1_4,0.1,0.1,4.425300662572964e-19
3_11_1_5,0.1,0.1,1.8304131910825813e-15
4_11_1_0,0.1,0.1,4.521643258483013e-33
4_11_1_1,0.1,0.1,1.372312036751536e-32
4_11_1_2,0.1,0.1,3.9472874249588654e-26
4_11_1_3,0.1,0.1,2.107698862196318e-17
4_11_1_4,0.1,0.1,2.801153459426455e-18
4_11_1_5,0.1,0.1,7.214606484026946e-14
0_11_2_0,0.1,0.2,2.225402940514558e-65
0_11_2_1,0.1,0.2,2.1009042247387915e-30
0_11_2_2,0.1,0.2,1.547389548894161e-19
0_11_2_3,0.1,0.2,6.285358149899468e-22
0_11_2_4,0.1,0.2,3.182182926912157e-14
0_11_2_5,0.1,0.2,1.6376095408556447e-14
1_11_2_0,0.1,0.2,1.6921490305775363e-30
1_11_2_1,0.1,0.2,7.780417052256006e-28
1_11_2_2,0.1,0.2,4.8947468331433344e-20
1_11_2_3,0.1,0.2,1.246267469437349e-19
1_11_2_4,0.1,0.2,0.0001576483125607631
1_11_2_5,0.1,0.2,7.060342566993608e-05
2_11_2_0,0.1,0.2,5.7332140942487744e-52
2_11_2_1,0.1,0.2,7.976890772416124e-23
2_11_2_2,0.1,0.2,2.1092591603739116e-21
2_11_2_3,0.1,0.2,1.4859201362822306e-17
2_11_2_4,0.1,0.2,7.530858365552022e-18
2_11_2_5,0.1,0.2,1.0900085219645187e-15
3_11_2_0,0.1,0.2,1.8367003781477858e-33
3_11_2_1,0.1,0.2,4.75929673640116e-33
3_11_2_2,0.1,0.2,5.333423303712891e-26
3_11_2_3,0.1,0.2,2.1709756474224588e-17
3_11_2_4,0.1,0.2,2.553823392310284e-17
3_11_2_5,0.1,0.2,1.8373221458298817e-12
4_11_2_0,0.1,0.2,3.026844230398945e-49
4_11_2_1,0.1,0.2,4.097821522834393e-25
4_11_2_2,0.1,0.2,1.4673894323059704e-23
4_11_2_3,0.1,0.2,7.79076585554675e-18
4_11_2_4,0.1,0.2,4.7815242427695625e-15
4_11_2_5,0.1,0.2,6.258384269467106e-06
0_11_3_0,0.1,0.3,9.663933057003009e-26
0_11_3_1,0.1,0.3,6.66867932171802e-23
0_11_3_2,0.1,0.3,1.997072757257383e-24
0_11_3_3,0.1,0.3,2.507656279926669e-15
0_11_3_4,0.1,0.3,2.608504494099723e-10
0_11_3_5,0.1,0.3,4.33054745942787e-12
1_11_3_0,0.1,0.3,1.934082387561652e-26
1_11_3_1,0.1,0.3,3.637224946717155e-46
1_11_3_2,0.1,0.3,3.4314833097447463e-17
1_11_3_3,0.1,0.3,5.992314139873037e-14
1_11_3_4,0.1,0.3,1.4018948161300676e-10
1_11_3_5,0.1,0.3,7.289878109830232e-05
2_11_3_0,0.1,0.3,8.17148326864951e-28
2_11_3_1,0.1,0.3,7.736292401448685e-18
2_11_3_2,0.1,0.3,8.084174453262478e-32
2_11_3_3,0.1,0.3,9.005161957815708e-17
2_11_3_4,0.1,0.3,1.2398944226966767e-15
2_11_3_5,0.1,0.3,5.312459205979429e-13
3_11_3_0,0.1,0.3,2.3749479588922572e-30
3_11_3_1,0.1,0.3,1.5801520380322096e-24
3_11_3_2,0.1,0.3,1.1872469055399955e-19
3_11_3_3,0.1,0.3,2.6660106282221486e-12
3_11_3_4,0.1,0.3,9.476944883903977e-13
3_11_3_5,0.1,0.3,5.10962174278432e-10
4_11_3_0,0.1,0.3,5.785641986736462e-29
4_11_3_1,0.1,0.3,8.562083677733911e-06
4_11_3_2,0.1,0.3,3.332657280589663e-22
4_11_3_3,0.1,0.3,4.874604782922246e-13
4_11_3_4,0.1,0.3,5.109593001527948e-14
4_11_3_5,0.1,0.3,6.376700491801576e-10
0_11_4_0,0.1,0.4,2.0916702425492412e-19
0_11_4_1,0.1,0.4,5.450586611456214e-16
0_11_4_2,0.1,0.4,1.5871560879436674e-13
0_11_4_3,0.1,0.4,1.7040423917966272e-13
0_11_4_4,0.1,0.4,0.00037417203662871523
0_11_4_5,0.1,0.4,2.8286108520185334e-05
1_11_4_0,0.1,0.4,2.413997759486086e-18
1_11_4_1,0.1,0.4,1.4053541682868444e-13
1_11_4_2,0.1,0.4,8.108069148159693e-13
1_11_4_3,0.1,0.4,2.6536009730080084e-09
1_11_4_4,0.1,0.4,5.656219170785784e-08
1_11_4_5,0.1,0.4,1.4436378723239723e-06
2_11_4_0,0.1,0.4,7.549530574165773e-18
2_11_4_1,0.1,0.4,5.319739163639767e-14
2_11_4_2,0.1,0.4,8.957209468097912e-21
2_11_4_3,0.1,0.4,6.574759452057988e-15
2_11_4_4,0.1,0.4,3.6323078612655995e-10
2_11_4_5,0.1,0.4,1.771474458381295e-05
3_11_4_0,0.1,0.4,1.2211421039300125e-18
3_11_4_1,0.1,0.4,2.4755766048140114e-16
3_11_4_2,0.1,0.4,0.00012557370782011445
3_11_4_3,0.1,0.4,2.56399813547258e-10
3_11_4_4,0.1,0.4,9.047766151631617e-10
3_11_4_5,0.1,0.4,2.385870790549997e-08
4_11_4_0,0.1,0.4,2.4462600335636077e-18
4_11_4_1,0.1,0.4,9.299397276957728e-12
4_11_4_2,0.1,0.4,1.1415028955423424e-10
4_11_4_3,0.1,0.4,1.6069721635026107e-09
4_11_4_4,0.1,0.4,5.002779565628965e-10
4_11_4_5,0.1,0.4,1.1317771880992855e-08
0_11_5_0,0.1,0.5,1.1114909227006926e-12
0_11_5_1,0.1,0.5,1.5365156268852863e-12
0_11_5_2,0.1,0.5,5.719144668461137e-14
0_11_5_3,0.1,0.5,1.283000314610313e-09
0_11_5_4,0.1,0.5,0.0007115048760638529
0_11_5_5,0.1,0.5,2.576585953002562e-06
1_11_5_0,0.1,0.5,2.1627659582441892e-13
1_11_5_1,0.1,0.5,6.755112070677289e-12
1_11_5_2,0.1,0.5,2.6796585849738053e-09
1_11_5_3,0.1,0.5,4.396788368462102e-06
1_11_5_4,0.1,0.5,1.1137552262554793e-05
1_11_5_5,0.1,0.5,0.0011522206832575237
2_11_5_0,0.1,0.5,1.0911840099376435e-15
2_11_5_1,0.1,0.5,1.594609623746446e-09
2_11_5_2,0.1,0.5,1.9373972271324483e-10
2_11_5_3,0.1,0.5,3.222519368252985e-08
2_11_5_4,0.1,0.5,9.801220166470546e-08
2_11_5_5,0.1,0.5,7.544916502124558e-07
3_11_5_0,0.1,0.5,5.0486034344144563e-17
3_11_5_1,0.1,0.5,3.951244499793904e-12
3_11_5_2,0.1,0.5,0.0008846789307345396
3_11_5_3,0.1,0.5,2.652578993198942e-07
3_11_5_4,0.1,0.5,3.127186698591798e-07
3_11_5_5,0.1,0.5,6.8248924026997685e-06
4_11_5_0,0.1,0.5,1.0959181311640144e-12
4_11_5_1,0.1,0.5,5.601209407489771e-09
4_11_5_2,0.1,0.5,1.0622347006274153e-07
4_11_5_3,0.1,0.5,0.0004260980421589062
4_11_5_4,0.1,0.5,6.997199706996076e-07
4_11_5_5,0.1,0.5,3.917746595254777e-05
0_11_6_0,0.1,0.6,2.2554778252714293e-08
0_11_6_1,0.1,0.6,0.00013541868940126405
0_11_6_2,0.1,0.6,4.902918757479728e-05
0_11_6_3,0.1,0.6,0.0018022524318642504
0_11_6_4,0.1,0.6,0.0014761210744086567
0_11_6_5,0.1,0.6,0.0019455772065422167
1_11_6_0,0.1,0.6,1.3332012104524706e-07
1_11_6_1,0.1,0.6,1.446641118326233e-09
1_11_6_2,0.1,0.6,0.0001937525683526455
1_11_6_3,0.1,0.6,0.0006766855791786213
1_11_6_4,0.1,0.6,0.001900035347469714
1_11_6_5,0.1,0.6,0.00483543022257053
2_11_6_0,0.1,0.6,6.820178849414602e-09
2_11_6_1,0.1,0.6,8.558905564173916e-05
2_11_6_2,0.1,0.6,2.6801134436946235e-06
2_11_6_3,0.1,0.6,5.405884505588185e-05
2_11_6_4,0.1,0.6,5.117395468013168e-05
2_11_6_5,0.1,0.6,0.00044839691789771427
3_11_6_0,0.1,0.6,1.7222583403634268e-06
3_11_6_1,0.1,0.6,2.947623670150831e-06
3_11_6_2,0.1,0.6,0.003087856995699158
3_11_6_3,0.1,0.6,0.0004917297280268144
3_11_6_4,0.1,0.6,0.00041367619594158417
3_11_6_5,0.1,0.6,0.013345798827238313
4_11_6_0,0.1,0.6,9.069464030618832e-07
4_11_6_1,0.1,0.6,1.1730281659277244e-05
4_11_6_2,0.1,0.6,0.00016891644452003967
4_11_6_3,0.1,0.6,0.002657449788963073
4_11_6_4,0.1,0.6,0.0012767535831239188
4_11_6_5,0.1,0.6,0.01082286762422608
0_11_7_0,0.1,0.7,0.004218100900256494
0_11_7_1,0.1,0.7,0.027347319848904643
0_11_7_2,0.1,0.7,0.04051114402623138
0_11_7_3,0.1,0.7,0.06509947596607381
0_11_7_4,0.1,0.7,0.10195245760153257
0_11_7_5,0.1,0.7,0.12854597391284814
1_11_7_0,0.1,0.7,2.9750425677608903e-11
1_11_7_1,0.1,0.7,0.013902250813633065
1_11_7_2,0.1,0.7,0.087632445987903
1_11_7_3,0.1,0.7,0.05832123199826389
1_11_7_4,0.1,0.7,0.0701690787305624
1_11_7_5,0.1,0.7,0.13689944019586683
2_11_7_0,0.1,0.7,0.0010809726410863612
2_11_7_1,0.1,0.7,0.0006951050811066168
2_11_7_2,0.1,0.7,0.05472357099712534
2_11_7_3,0.1,0.7,0.03895126795364432
2_11_7_4,0.1,0.7,0.09389550404883984
2_11_7_5,0.1,0.7,0.05504232565542371
3_11_7_0,0.1,0.7,0.016021818971893385
3_11_7_1,0.1,0.7,0.022949299117694187
3_11_7_2,0.1,0.7,0.12706555981285034
3_11_7_3,0.1,0.7,0.16899706317610558
3_11_7_4,0.1,0.7,0.1836370168692964
3_11_7_5,0.1,0.7,0.22462280564767412
4_11_7_0,0.1,0.7,0.024543529729345297
4_11_7_1,0.1,0.7,0.028170451862154583
4_11_7_2,0.1,0.7,0.18077481152695057
4_11_7_3,0.1,0.7,0.1978490208357065
4_11_7_4,0.1,0.7,0.25153647569230564
4_11_7_5,0.1,0.7,0.15669842060658512
0_11_8_0,0.1,0.8,0.9721112047583037
0_11_8_1,0.1,0.8,0.9999999546289104
0_11_8_2,0.1,0.8,0.8969938151247556
0_11_8_3,0.1,0.8,0.9573448769935415
0_11_8_4,0.1,0.8,0.73651022599898
0_11_8_5,0.1,0.8,0.8067076720281717
1_11_8_0,0.1,0.8,0.9730529924296848
1_11_8_1,0.1,0.8,0.999490386283081
1_11_8_2,0.1,0.8,0.9854732369290586
1_11_8_3,0.1,0.8,0.7923481393532975
1_11_8_4,0.1,0.8,0.7764505832847872
1_11_8_5,0.1,0.8,0.6473583522195041
2_11_8_0,0.1,0.8,0.9743255489361109
2_11_8_1,0.1,0.8,0.9990759255482498
2_11_8_2,0.1,0.8,0.8862911698934954
2_11_8_3,0.1,0.8,0.9601927758053606
2_11_8_4,0.1,0.8,0.7062805834733795
2_11_8_5,0.1,0.8,0.6812415466022473
3_11_8_0,0.1,0.8,0.9667695667337227
3_11_8_1,0.1,0.8,0.9999990974015865
3_11_8_2,0.1,0.8,0.999291849728878
3_11_8_3,0.1,0.8,0.7215608544077038
3_11_8_4,0.1,0.8,0.7173958942982708
3_11_8_5,0.1,0.8,0.7200423112044381
4_11_8_0,0.1,0.8,0.9650237921492839
4_11_8_1,0.1,0.8,0.9999999477383477
4_11_8_2,0.1,0.8,0.8980644035431873
4_11_8_3,0.1,0.8,0.85320359384958
4_11_8_4,0.1,0.8,0.8347977504085924
4_11_8_5,0.1,0.8,0.8392657192123006
0_11_9_0,0.1,0.9,0.9724672606127553
0_11_9_1,0.1,0.9,0.9999999626269266
0_11_9_2,0.1,0.9,0.9999999658758376
0_11_9_3,0.1,0.9,0.9308657196867852
0_11_9_4,0.1,0.9,0.7912390764935326
0_11_9_5,0.1,0.9,0.8633214261083879
1_11_9_0,0.1,0.9,0.9702046526309389
1_11_9_1,0.1,0.9,0.999971180468615
1_11_9_2,0.1,0.9,0.9999999952488525
1_11_9_3,0.1,0.9,0.9221623764350648
1_11_9_4,0.1,0.9,0.8674577440495599
1_11_9_5,0.1,0.9,0.8142621768840412
2_11_9_0,0.1,0.9,0.9743255489361109
2_11_9_1,0.1,0.9,0.9992074921911367
2_11_9_2,0.1,0.9,0.9034084658761813
2_11_9_3,0.1,0.9,0.9904164761069514
2_11_9_4,0.1,0.9,0.8876107968283293
2_11_9_5,0.1,0.9,0.7892391378347281
3_11_9_0,0.1,0.9,0.9669333752879217
3_11_9_1,0.1,0.9,0.9999999757425224
3_11_9_2,0.1,0.9,0.9999999001786554
3_11_9_3,0.1,0.9,0.7986940584951481
3_11_9_4,0.1,0.9,0.7485302335653762
3_11_9_5,0.1,0.9,0.7440273781746667
4_11_9_0,0.1,0.9,0.9650237921492839
4_11_9_1,0.1,0.9,0.9999999971718608
4_11_9_2,0.1,0.9,0.9997504636148253
4_11_9_3,0.1,0.9,0.8582862495658498
4_11_9_4,0.1,0.9,0.8993828213553717
4_11_9_5,0.1,0.9,0.8298365444405942
0_11_10_0,0.1,1.0,0.9724672606127553
0_11_10_1,0.1,1.0,0.9999999698765117
0_11_10_2,0.1,1.0,0.9999999999262211
0_11_10_3,0.1,1.0,0.9885378342629088
0_11_10_4,0.1,1.0,0.7933972924352248
0_11_10_5,0.1,1.0,0.9015954199874152
1_11_10_0,0.1,1.0,0.9702046526309389
1_11_10_1,0.1,1.0,0.999999978703817
1_11_10_2,0.1,1.0,1.0
1_11_10_3,0.1,1.0,0.9229916393718147
1_11_10_4,0.1,1.0,0.8717956624750608
1_11_10_5,0.1,1.0,0.8205158688410941
2_11_10_0,0.1,1.0,0.9743255489361109
2_11_10_1,0.1,1.0,0.9993412876525872
2_11_10_2,0.1,1.0,0.902161652953449
2_11_10_3,0.1,1.0,0.9900222103319488
2_11_10_4,0.1,1.0,0.8915883540483467
2_11_10_5,0.1,1.0,0.7891075459471383
3_11_10_0,0.1,1.0,0.9669333752879217
3_11_10_1,0.1,1.0,0.9999999987804581
3_11_10_2,0.1,1.0,1.0
3_11_10_3,0.1,1.0,0.8537313157773273
3_11_10_4,0.1,1.0,0.8071837583784103
3_11_10_5,0.1,1.0,0.7508904127621218
4_11_10_0,0.1,1.0,0.9650237921492839
4_11_10_1,0.1,1.0,0.9999999998535998
4_11_10_2,0.1,1.0,0.9999394371508169
4_11_10_3,0.1,1.0,0.9327875334002057
4_11_10_4,0.1,1.0,0.8999005770938531
4_11_10_5,0.1,1.0,0.8822942270758308
0_12_0_0,0.2,0.0,4.789428511923648e-08
0_12_0_1,0.2,0.0,8.091666254771224e-41
0_12_0_2,0.2,0.0,9.762352615282128e-34
0_12_0_3,0.2,0.0,4.427880028402136e-29
0_12_0_4,0.2,0.0,8.654933811136795e-06
0_12_0_5,0.2,0.0,5.393502809637145e-18
1_12_0_0,0.2,0.0,6.8935088780345455e-34
1_12_0_1,0.2,0.0,7.428798859294351e-38
1_12_0_2,0.2,0.0,2.250097247684223e-22
1_12_0_3,0.2,0.0,8.728551431862116e-24
1_12_0_4,0.2,0.0,2.939392690344449e-16
1_12_0_5,0.2,0.0,1.7718299011955758e-15
2_12_0_0,0.2,0.0,1.509534103631313e-10
2_12_0_1,0.2,0.0,9.077292622761805e-47
2_12_0_2,0.2,0.0,8.352746989678033e-47
2_12_0_3,0.2,0.0,8.131382511917739e-25
2_12_0_4,0.2,0.0,1.2882651579616284e-20
2_12_0_5,0.2,0.0,1.43957795622428e-20
3_12_0_0,0.2,0.0,4.807326921425859e-31
3_12_0_1,0.2,0.0,9.130394294593805e-79
3_12_0_2,0.2,0.0,9.973737473595897e-30
3_12_0_3,0.2,0.0,5.774997161899348e-19
3_12_0_4,0.2,0.0,3.213268630531189e-19
3_12_0_5,0.2,0.0,1.0347873930388551e-17
4_12_0_0,0.2,0.0,1.3389368764709252e-30
4_12_0_1,0.2,0.0,2.5132642786787304e-41
4_12_0_2,0.2,0.0,3.320547658982823e-31
4_12_0_3,0.2,0.0,8.768206250101564e-20
4_12_0_4,0.2,0.0,3.279880040815666e-20
4_12_0_5,0.2,0.0,2.0502313834803701e-16
0_12_1_0,0.2,0.1,1.3975030346456126e-09
0_12_1_1,0.2,0.1,7.953955462931663e-32
0_12_1_2,0.2,0.1,8.985812206032306e-26
0_12_1_3,0.2,0.1,3.465944353914711e-21
0_12_1_4,0.2,0.1,3.990513624136006e-05
0_12_1_5,0.2,0.1,1.2502966940290404e-14
1_12_1_0,0.2,0.1,2.8755868686965195e-54
1_12_1_1,0.2,0.1,2.9258025033260044e-34
1_12_1_2,0.2,0.1,9.893544373511916e-25
1_12_1_3,0.2,0.1,2.2358370990094686e-17
1_12_1_4,0.2,0.1,9.091190037867653e-15
1_12_1_5,0.2,0.1,4.599716969472314e-14
2_12_1_0,0.2,0.1,1.7684581380507487e-08
2_12_1_1,0.2,0.1,4.1047034759502655e-08
2_12_1_2,0.2,0.1,2.034317359147211e-30
2_12_1_3,0.2,0.1,6.53633377776827e-19
2_12_1_4,0.2,0.1,6.267479181894923e-19
2_12_1_5,0.2,0.1,1.7999551611021822e-16
3_12_1_0,0.2,0.1,1.2077985226573624e-30
3_12_1_1,0.2,0.1,5.407941146553968e-53
3_12_1_2,0.2,0.1,1.5576086982936117e-27
3_12_1_3,0.2,0.1,2.326447345076767e-17
3_12_1_4,0.2,0.1,3.87593001284171e-18
3_12_1_5,0.2,0.1,3.3555958462098196e-14
4_12_1_0,0.2,0.1,2.776467404073778e-12
4_12_1_1,0.2,0.1,3.157423215559007e-39
4_12_1_2,0.2,0.1,4.751205437663116e-06
4_12_1_3,0.2,0.1,1.403791370643446e-17
4_12_1_4,0.2,0.1,1.0867351252558319e-16
4_12_1_5,0.2,0.1,1.1601339486936027e-13
0_12_2_0,0.2,0.2,2.7388734992595905e-28
0_12_2_1,0.2,0.2,1.1490935015288142e-32
0_12_2_2,0.2,0.2,3.410150896702668e-18
0_12_2_3,0.2,0.2,5.44861024214782e-19
0_12_2_4,0.2,0.2,0.0006633854432900274
0_12_2_5,0.2,0.2,9.990551696494535e-05
1_12_2_0,0.2,0.2,1.3846078559444947e-26
1_12_2_1,0.2,0.2,1.2099209451326153e-29
1_12_2_2,0.2,0.2,5.824523478250099e-19
1_12_2_3,0.2,0.2,3.288004653900118e-13
1_12_2_4,0.2,0.2,2.3394366206964113e-05
1_12_2_5,0.2,0.2,3.182249887758051e-10
2_12_2_0,0.2,0.2,4.107214286683396e-27
2_12_2_1,0.2,0.2,2.7496210650749176e-36
2_12_2_2,0.2,0.2,8.727686478142152e-19
2_12_2_3,0.2,0.2,3.944087326935056e-16
2_12_2_4,0.2,0.2,2.5530835083719848e-17
2_12_2_5,0.2,0.2,1.3869361727113572e-14
3_12_2_0,0.2,0.2,1.2487750303363776e-10
3_12_2_1,0.2,0.2,6.254814540125768e-60
3_12_2_2,0.2,0.2,4.4123247562158615e-26
3_12_2_3,0.2,0.2,2.078813383349799e-06
3_12_2_4,0.2,0.2,6.20686441252376e-16
3_12_2_5,0.2,0.2,3.946160729987429e-13
4_12_2_0,0.2,0.2,1.081057181157521e-26
4_12_2_1,0.2,0.2,1.4609676864616145e-33
4_12_2_2,0.2,0.2,5.441884386189783e-21
4_12_2_3,0.2,0.2,3.83768775561366e-18
4_12_2_4,0.2,0.2,9.37963882933445e-14
4_12_2_5,0.2,0.2,8.524502643056213e-13
0_12_3_0,0.2,0.3,1.751555464052242e-17
0_12_3_1,0.2,0.3,1.199134517666944e-20
0_12_3_2,0.2,0.3,6.388053879680333e-05
0_12_3_3,0.2,0.3,6.612648354198622e-15
0_12_3_4,0.2,0.3,1.5139595043223288e-05
0_12_3_5,0.2,0.3,1.4657673440088816e-11
1_12_3_0,0.2,0.3,1.1578637179742017e-17
1_12_3_1,0.2,0.3,5.8620140436088e-23
1_12_3_2,0.2,0.3,1.3798633086856671e-11
1_12_3_3,0.2,0.3,2.2578843402803023e-11
1_12_3_4,0.2,0.3,6.815961044096655e-10
1_12_3_5,0.2,0.3,2.8408652087247264e-08
2_12_3_0,0.2,0.3,1.593004666741951e-17
2_12_3_1,0.2,0.3,5.8591209630922295e-16
2_12_3_2,0.2,0.3,9.191096219120197e-21
2_12_3_3,0.2,0.3,8.345040097014027e-14
2_12_3_4,0.2,0.3,1.1335620231049928e-10
2_12_3_5,0.2,0.3,2.6111221524381405e-11
3_12_3_0,0.2,0.3,1.4113121305588148e-19
3_12_3_1,0.2,0.3,4.0540479214455234e-24
3_12_3_2,0.2,0.3,1.7055278637661224e-17
3_12_3_3,0.2,0.3,2.1476265831661234e-10
3_12_3_4,0.2,0.3,4.4578460255628356e-12
3_12_3_5,0.2,0.3,0.0004718286919319661
4_12_3_0,0.2,0.3,4.8527379783953456e-17
4_12_3_1,0.2,0.3,8.78332325135855e-25
4_12_3_2,0.2,0.3,6.390180537536831e-18
4_12_3_3,0.2,0.3,6.651794362967983e-05
4_12_3_4,0.2,0.3,4.2756896739554983e-13
4_12_3_5,0.2,0.3,5.06817651135808e-10
0_12_4_0,0.2,0.4,7.454047127084633e-13
0_12_4_1,0.2,0.4,2.6331702209124266e-21
0_12_4_2,0.2,0.4,1.0479663693568721e-11
0_12_4_3,0.2,0.4,2.1583656065772784e-10
0_12_4_4,0.2,0.4,1.510075013991511e-05
0_12_4_5,0.2,0.4,1.6365114172034152e-05
1_12_4_0,0.2,0.4,3.4116515434760016e-16
1_12_4_1,0.2,0.4,1.682269903102183e-12
1_12_4_2,0.2,0.4,7.675952751056244e-13
1_12_4_3,0.2,0.4,5.475475907342076e-10
1_12_4_4,0.2,0.4,3.610247115992681e-07
1_12_4_5,0.2,0.4,9.270787431852691e-06
2_12_4_0,0.2,0.4,9.15852918899165e-12
2_12_4_1,0.2,0.4,3.9819606306045163e-13
2_12_4_2,0.2,0.4,3.3124989937475593e-13
2_12_4_3,0.2,0.4,5.952301647192535e-11
2_12_4_4,0.2,0.4,1.7053118131025305e-08
2_12_4_5,0.2,0.4,7.36416033505864e-09
3_12_4_0,0.2,0.4,1.2170304637839143e-17
3_12_4_1,0.2,0.4,4.648753242879273e-19
3_12_4_2,0.2,0.4,4.437291505821369e-15
3_12_4_3,0.2,0.4,7.398943836868887e-08
3_12_4_4,0.2,0.4,7.818333288987708e-10
3_12_4_5,0.2,0.4,1.9497324743019433e-07
4_12_4_0,0.2,0.4,1.3847973179303633e-14
4_12_4_1,0.2,0.4,3.4287218236618646e-15
4_12_4_2,0.2,0.4,4.959258264447479e-09
4_12_4_3,0.2,0.4,0.00010158844780573708
4_12_4_4,0.2,0.4,1.0248739654721092e-08
4_12_4_5,0.2,0.4,5.525197289491388e-09
0_12_5_0,0.2,0.5,2.0365062381934357e-09
0_12_5_1,0.2,0.5,1.4842655323922727e-15
0_12_5_2,0.2,0.5,5.788422687510355e-10
0_12_5_3,0.2,0.5,8.816394874205644e-07
0_12_5_4,0.2,0.5,0.0003608329747478314
0_12_5_5,0.2,0.5,5.956578502025831e-06
1_12_5_0,0.2,0.5,3.882369562978091e-11
1_12_5_1,0.2,0.5,1.471644251752604e-09
1_12_5_2,0.2,0.5,1.4054191070916474e-07
1_12_5_3,0.2,0.5,0.0005964063693382983
1_12_5_4,0.2,0.5,4.52708966976833e-05
1_12_5_5,0.2,0.5,0.0002052419307717602
2_12_5_0,0.2,0.5,1.6001017769644642e-09
2_12_5_1,0.2,0.5,5.3388356328139993e-11
2_12_5_2,0.2,0.5,3.4880637950455687e-09
2_12_5_3,0.2,0.5,4.512311818662019e-07
2_12_5_4,0.2,0.5,4.9270308747109e-06
2_12_5_5,0.2,0.5,6.996045575931701e-07
3_12_5_0,0.2,0.5,9.070906434854472e-12
3_12_5_1,0.2,0.5,9.859251038561354e-11
3_12_5_2,0.2,0.5,9.410954648314829e-08
3_12_5_3,0.2,0.5,2.4340981210866832e-06
3_12_5_4,0.2,0.5,3.318574068130923e-06
3_12_5_5,0.2,0.5,1.0994201734431799e-05
4_12_5_0,0.2,0.5,9.502762430347374e-09
4_12_5_1,0.2,0.5,1.426955378916524e-13
4_12_5_2,0.2,0.5,7.37664537383104e-07
4_12_5_3,0.2,0.5,6.296572946157046e-07
4_12_5_4,0.2,0.5,4.3364692375332835e-06
4_12_5_5,0.2,0.5,0.0009694251604349773
0_12_6_0,0.2,0.6,3.997273087170038e-05
0_12_6_1,0.2,0.6,8.801677051661359e-08
0_12_6_2,0.2,0.6,4.749373832592529e-05
0_12_6_3,0.2,0.6,0.0007580054184010927
0_12_6_4,0.2,0.6,0.009241508301306621
0_12_6_5,0.2,0.6,0.004669685219426398
1_12_6_0,0.2,0.6,2.2600900723280838e-07
1_12_6_1,0.2,0.6,8.636989024409769e-05
1_12_6_2,0.2,0.6,0.0005222635670474169
1_12_6_3,0.2,0.6,0.0005485478840497203
1_12_6_4,0.2,0.6,0.0021379869858290865
1_12_6_5,0.2,0.6,0.012324960662445667
2_12_6_0,0.2,0.6,1.2075266332587834e-05
2_12_6_1,0.2,0.6,2.6634200676156255e-06
2_12_6_2,0.2,0.6,0.0016357000739650207
2_12_6_3,0.2,0.6,0.0005401297297906189
2_12_6_4,0.2,0.6,0.0002269398266252118
2_12_6_5,0.2,0.6,5.4922890315996275e-05
3_12_6_0,0.2,0.6,1.592425883611086e-06
3_12_6_1,0.2,0.6,3.6413032225995576e-10
3_12_6_2,0.2,0.6,0.0031602604633582986
3_12_6_3,0.2,0.6,0.00821233026649312
3_12_6_4,0.2,0.6,0.002576987630520118
3_12_6_5,0.2,0.6,0.019235192563782977
4_12_6_0,0.2,0.6,6.227735868935743e-06
4_12_6_1,0.2,0.6,7.921818463566314e-08
4_12_6_2,0.2,0.6,0.0028539566268442735
4_12_6_3,0.2,0.6,0.004812634048291908
4_12_6_4,0.2,0.6,0.0013316663941514361
4_12_6_5,0.2,0.6,0.008714737132883128
0_12_7_0,0.2,0.7,0.015620307861367456
0_12_7_1,0.2,0.7,0.025227860368918217
0_12_7_2,0.2,0.7,0.029336099405953213
0_12_7_3,0.2,0.7,0.07680169328989718
0_12_7_4,0.2,0.7,0.10103351857775753
0_12_7_5,0.2,0.7,0.11295673079377938
1_12_7_0,0.2,0.7,0.007156171314508419
1_12_7_1,0.2,0.7,0.031053466719136058
1_12_7_2,0.2,0.7,0.08022402140451114
1_12_7_3,0.2,0.7,0.13429984137771936
1_12_7_4,0.2,0.7,0.09521605758496558
1_12_7_5,0.2,0.7,0.14920713533765462
2_12_7_0,0.2,0.7,0.02060524179321556
2_12_7_1,0.2,0.7,0.03323254241643299
2_12_7_2,0.2,0.7,0.05564914879457985
2_12_7_3,0.2,0.7,0.09234291401781286
2_12_7_4,0.2,0.7,0.12290246166972454
2_12_7_5,0.2,0.7,0.09722759743014858
3_12_7_0,0.2,0.7,0.1327700154966755
3_12_7_1,0.2,0.7,0.03300986599414402
3_12_7_2,0.2,0.7,0.09479634847830694
3_12_7_3,0.2,0.7,0.1883775558852186
3_12_7_4,0.2,0.7,0.22464947532624507
3_12_7_5,0.2,0.7,0.1995458311575699
4_12_7_0,0.2,0.7,0.11101826338874465
4_12_7_1,0.2,0.7,0.13581170337530074
4_12_7_2,0.2,0.7,0.3199880256875487
4_12_7_3,0.2,0.7,0.252510139294726
4_12_7_4,0.2,0.7,0.334067570660171
4_12_7_5,0.2,0.7,0.29332769510781154
0_12_8_0,0.2,0.8,0.9803269052206317
0_12_8_1,0.2,0.8,0.9724234688485597
0_12_8_2,0.2,0.8,0.9977056791993435
0_12_8_3,0.2,0.8,0.9820779970419838
0_12_8_4,0.2,0.8,0.8595741883710023
0_12_8_5,0.2,0.8,0.8832576881462904
1_12_8_0,0.2,0.8,0.9829313135700845
1_12_8_1,0.2,0.8,0.9968067827954239
1_12_8_2,0.2,0.8,0.9999855440287267
1_12_8_3,0.2,0.8,0.8461967992102463
1_12_8_4,0.2,0.8,0.8511158143066515
1_12_8_5,0.2,0.8,0.8316367224754757
2_12_8_0,0.2,0.8,0.9851482927228369
2_12_8_1,0.2,0.8,0.9843042526076313
2_12_8_2,0.2,0.8,0.994525136723525
2_12_8_3,0.2,0.8,0.98295767261761
2_12_8_4,0.2,0.8,0.8246728263993053
2_12_8_5,0.2,0.8,0.7493973115093
3_12_8_0,0.2,0.8,0.9851482927228369
3_12_8_1,0.2,0.8,0.9979528386277463
3_12_8_2,0.2,0.8,0.9895047131985747
3_12_8_3,0.2,0.8,0.92265318636417
3_12_8_4,0.2,0.8,0.8452730813604311
3_12_8_5,0.2,0.8,0.7625170114180282
4_12_8_0,0.2,0.8,0.9803269052206317
4_12_8_1,0.2,0.8,0.9731319093966954
4_12_8_2,0.2,0.8,0.9952248835766982
4_12_8_3,0.2,0.8,0.8569345141676661
4_12_8_4,0.2,0.8,0.8473831845687972
4_12_8_5,0.2,0.8,0.8545034865070618
0_12_9_0,0.2,0.9,0.9803269052206317
0_12_9_1,0.2,0.9,0.9727551443801671
0_12_9_2,0.2,0.9,0.999999999967654
0_12_9_3,0.2,0.9,0.9918809504464277
0_12_9_4,0.2,0.9,0.8896969495104691
0_12_9_5,0.2,0.9,0.9703883489016003
1_12_9_0,0.2,0.9,0.9829313135700845
1_12_9_1,0.2,0.9,0.9974078985262548
1_12_9_2,0.2,0.9,0.999994299628064
1_12_9_3,0.2,0.9,0.930672644925902
1_12_9_4,0.2,0.9,0.9151294070792945
1_12_9_5,0.2,0.9,0.8628924972951492
2_12_9_0,0.2,0.9,0.9851482927228369
2_12_9_1,0.2,0.9,0.9853822148227973
2_12_9_2,0.2,0.9,0.999999923125819
2_12_9_3,0.2,0.9,0.9937401095714411
2_12_9_4,0.2,0.9,0.8825578524123445
2_12_9_5,0.2,0.9,0.8613408951921497
3_12_9_0,0.2,0.9,0.9851482927228369
3_12_9_1,0.2,0.9,0.9979526542099132
3_12_9_2,0.2,0.9,0.9999997373633304
3_12_9_3,0.2,0.9,0.9291461366746879
3_12_9_4,0.2,0.9,0.848906742874998
3_12_9_5,0.2,0.9,0.8523140658713714
4_12_9_0,0.2,0.9,0.9803269052206317
4_12_9_1,0.2,0.9,0.9735306906938483
4_12_9_2,0.2,0.9,0.9999990881911819
4_12_9_3,0.2,0.9,0.996133622428982
4_12_9_4,0.2,0.9,0.9102128789159983
4_12_9_5,0.2,0.9,0.9128150042758634
0_12_10_0,0.2,1.0,0.9803269052206317
0_12_10_1,0.2,1.0,0.973112993581853
0_12_10_2,0.2,1.0,0.9999999999968229
0_12_10_3,0.2,1.0,0.9920646410969335
0_12_10_4,0.2,1.0,0.8895111701932191
0_12_10_5,0.2,1.0,0.9892630076035853
1_12_10_0,0.2,1.0,0.9829313135700845
1_12_10_1,0.2,1.0,0.9978723749838614
1_12_10_2,0.2,1.0,0.9999939713237607
1_12_10_3,0.2,1.0,0.9241970207363648
1_12_10_4,0.2,1.0,0.9107865625823719
1_12_10_5,0.2,1.0,0.8808404014213922
2_12_10_0,0.2,1.0,0.9851482927228369
2_12_10_1,0.2,1.0,0.9862673677999452
2_12_10_2,0.2,1.0,0.9999999999932999
2_12_10_3,0.2,1.0,0.9937060777791799
2_12_10_4,0.2,1.0,0.8921379308554982
2_12_10_5,0.2,1.0,0.8588835713287998
3_12_10_0,0.2,1.0,0.9851482927228369
3_12_10_1,0.2,1.0,0.9985727147837264
3_12_10_2,0.2,1.0,0.9999999303388667
3_12_10_3,0.2,1.0,0.9999999999998325
3_12_10_4,0.2,1.0,0.8588980089827232
3_12_10_5,0.2,1.0,0.8503808137373419
4_12_10_0,0.2,1.0,0.9803269052206317
4_12_10_1,0.2,1.0,0.9740809882975286
4_12_10_2,0.2,1.0,0.9999994300096556
4_12_10_3,0.2,1.0,0.9989992347432938
4_12_10_4,0.2,1.0,0.9694872641898826
4_12_10_5,0.2,1.0,0.9201273528753041
0_13_0_0,0.3,0.0,2.429172518378783e-22
0_13_0_1,0.3,0.0,2.4408896941268957e-29
0_13_0_2,0.3,0.0,1.402787028525499e-31
0_13_0_3,0.3,0.0,4.568735418467386e-24
0_13_0_4,0.3,0.0,5.277768892525295e-05
0_13_0_5,0.3,0.0,1.624024457198466e-15
1_13_0_0,0.3,0.0,2.8306937105691152e-09
1_13_0_1,0.3,0.0,5.7823663826184885e-22
1_13_0_2,0.3,0.0,2.738322152562898e-05
1_13_0_3,0.3,0.0,3.6760368598935795e-19
1_13_0_4,0.3,0.0,3.7510177382240203e-19
1_13_0_5,0.3,0.0,6.230875867569633e-15
2_13_0_0,0.3,0.0,2.1666463714139356e-19
2_13_0_1,0.3,0.0,5.864796821249906e-27
2_13_0_2,0.3,0.0,1.0005998635892151e-32
2_13_0_3,0.3,0.0,2.7468766302206605e-23
2_13_0_4,0.3,0.0,7.2479544576895755e-22
2_13_0_5,0.3,0.0,9.239133529927607e-17
3_13_0_0,0.3,0.0,2.0202311189001416e-13
3_13_0_1,0.3,0.0,2.247934190881504e-46
3_13_0_2,0.3,0.0,1.630830659188022e-23
3_13_0_3,0.3,0.0,6.813705273245233e-19
3_13_0_4,0.3,0.0,7.734276679945634e-19
3_13_0_5,0.3,0.0,1.7265987320915652e-15
4_13_0_0,0.3,0.0,4.862644509382377e-30
4_13_0_1,0.3,0.0,1.3331709572300417e-39
4_13_0_2,0.3,0.0,3.997211612576198e-21
4_13_0_3,0.3,0.0,1.4024544956646875e-20
4_13_0_4,0.3,0.0,1.0108504359221786e-21
4_13_0_5,0.3,0.0,1.438694338184317e-16
0_13_1_0,0.3,0.1,0.00023605438222948217
0_13_1_1,0.3,0.1,6.460736074718819e-24
0_13_1_2,0.3,0.1,4.023640900895475e-25
0_13_1_3,0.3,0.1,1.4245150331648404e-17
0_13_1_4,0.3,0.1,7.047355940829768e-11
0_13_1_5,0.3,0.1,4.979944221200329e-13
1_13_1_0,0.3,0.1,5.280497227424703e-14
1_13_1_1,0.3,0.1,2.485264652874506e-16
1_13_1_2,0.3,0.1,3.8318949600360006e-23
1_13_1_3,0.3,0.1,3.1977885449598447e-15
1_13_1_4,0.3,0.1,8.476552235674031e-17
1_13_1_5,0.3,0.1,2.3827405918230627e-13
2_13_1_0,0.3,0.1,7.467711801727108e-18
2_13_1_1,0.3,0.1,1.202660850819819e-23
2_13_1_2,0.3,0.1,2.7073848344716955e-25
2_13_1_3,0.3,0.1,2.8885033281816743e-21
2_13_1_4,0.3,0.1,1.261046893798178e-16
2_13_1_5,0.3,0.1,2.534854562970231e-05
3_13_1_0,0.3,0.1,3.4006020164655894e-18
3_13_1_1,0.3,0.1,8.255275302485324e-37
3_13_1_2,0.3,0.1,6.341594891144784e-24
3_13_1_3,0.3,0.1,8.687547074320829e-05
3_13_1_4,0.3,0.1,5.597272432359632e-18
3_13_1_5,0.3,0.1,6.13237939414729e-14
4_13_1_0,0.3,0.1,9.313952052366592e-18
4_13_1_1,0.3,0.1,1.1685736479911809e-35
4_13_1_2,0.3,0.1,7.571268662284883e-06
4_13_1_3,0.3,0.1,5.3147143887304724e-17
4_13_1_4,0.3,0.1,8.463902064076436e-17
4_13_1_5,0.3,0.1,4.1667926149091743e-13
0_13_2_0,0.3,0.2,3.10228304603337e-14
0_13_2_1,0.3,0.2,2.6921420203812454e-21
0_13_2_2,0.3,0.2,2.787733829468013e-24
0_13_2_3,0.3,0.2,3.778721850415536e-16
0_13_2_4,0.3,0.2,7.388816545746485e-05
0_13_2_5,0.3,0.2,5.311046757318478e-13
1_13_2_0,0.3,0.2,5.065743463538175e-17
1_13_2_1,0.3,0.2,8.470493459175729e-15
1_13_2_2,0.3,0.2,2.3436294182448082e-14
1_13_2_3,0.3,0.2,1.8321710729088042e-11
1_13_2_4,0.3,0.2,2.825461555696451e-14
1_13_2_5,0.3,0.2,6.224730718739009e-10
2_13_2_0,0.3,0.2,2.3032313476274003e-17
2_13_2_1,0.3,0.2,8.525511931373723e-23
2_13_2_2,0.3,0.2,2.6992492764855468e-20
2_13_2_3,0.3,0.2,1.0918627935688869e-14
2_13_2_4,0.3,0.2,1.0818937236790138e-13
2_13_2_5,0.3,0.2,2.8565547943512996e-11
3_13_2_0,0.3,0.2,4.610252414333791e-11
3_13_2_1,0.3,0.2,3.789252969439183e-39
3_13_2_2,0.3,0.2,7.570293891897921e-21
3_13_2_3,0.3,0.2,2.4769961744290932e-05
3_13_2_4,0.3,0.2,9.122581936099921e-15
3_13_2_5,0.3,0.2,5.533861645751386e-10
4_13_2_0,0.3,0.2,9.309683786445385e-18
4_13_2_1,0.3,0.2,7.772654792479493e-26
4_13_2_2,0.3,0.2,3.206070399883915e-13
4_13_2_3,0.3,0.2,3.137191674276712e-16
4_13_2_4,0.3,0.2,2.312034226600947e-13
4_13_2_5,0.3,0.2,4.0565344135231463e-11
0_13_3_0,0.3,0.3,6.866750781194344e-13
0_13_3_1,0.3,0.3,2.196359384007775e-19
0_13_3_2,0.3,0.3,1.0606505653116003e-17
0_13_3_3,0.3,0.3,3.65330082856054e-12
0_13_3_4,0.3,0.3,3.410079663850411e-08
0_13_3_5,0.3,0.3,2.3079089780548502e-10
1_13_3_0,0.3,0.3,1.0176126560654852e-17
1_13_3_1,0.3,0.3,6.563071043203967e-13
1_13_3_2,0.3,0.3,1.1111156510327786e-11
1_13_3_3,0.3,0.3,1.1960037363403376e-09
1_13_3_4,0.3,0.3,1.5563054901597197e-11
1_13_3_5,0.3,0.3,2.233798368185157e-08
2_13_3_0,0.3,0.3,5.720256476577078e-06
2_13_3_1,0.3,0.3,9.043586325380197e-19
2_13_3_2,0.3,0.3,7.465644348809611e-18
2_13_3_3,0.3,0.3,5.653005993471669e-14
2_13_3_4,0.3,0.3,4.2332550842929024e-10
2_13_3_5,0.3,0.3,3.3011775186490537e-09
3_13_3_0,0.3,0.3,4.3561749984987856e-12
3_13_3_1,0.3,0.3,4.920374401181333e-25
3_13_3_2,0.3,0.3,6.128171517569173e-13
3_13_3_3,0.3,0.3,2.762554262777163e-06
3_13_3_4,0.3,0.3,6.983829719065926e-10
3_13_3_5,0.3,0.3,9.127872812892919e-10
4_13_3_0,0.3,0.3,1.6535119380433963e-12
4_13_3_1,0.3,0.3,2.833399465915675e-20
4_13_3_2,0.3,0.3,2.3515200454070058e-11
4_13_3_3,0.3,0.3,6.3144977448763e-12
4_13_3_4,0.3,0.3,2.7442581398937567e-10
4_13_3_5,0.3,0.3,2.174373670591349e-09
0_13_4_0,0.3,0.4,4.04965858407811e-10
0_13_4_1,0.3,0.4,9.063156798247225e-15
0_13_4_2,0.3,0.4,6.19572753031337e-10
0_13_4_3,0.3,0.4,1.4981870771340587e-08
0_13_4_4,0.3,0.4,1.3335213992585998e-06
0_13_4_5,0.3,0.4,1.2710370583034898e-07
1_13_4_0,0.3,0.4,1.7924052880272353e-12
1_13_4_1,0.3,0.4,5.883214204925642e-10
1_13_4_2,0.3,0.4,2.267795653108927e-07
1_13_4_3,0.3,0.4,5.949622465001876e-07
1_13_4_4,0.3,0.4,2.849634066882289e-08
1_13_4_5,0.3,0.4,3.1213029347624672e-06
2_13_4_0,0.3,0.4,3.835932791672743e-07
2_13_4_1,0.3,0.4,9.27132601472618e-14
2_13_4_2,0.3,0.4,1.320291884837224e-10
2_13_4_3,0.3,0.4,2.0115446448296658e-10
2_13_4_4,0.3,0.4,6.987487577550201e-08
2_13_4_5,0.3,0.4,1.8228127424935716e-06
3_13_4_0,0.3,0.4,1.6299096564498468e-11
3_13_4_1,0.3,0.4,1.8055681169462636e-15
3_13_4_2,0.3,0.4,1.4505674407894614e-10
3_13_4_3,0.3,0.4,6.089588338256457e-07
3_13_4_4,0.3,0.4,5.3749544362848316e-08
3_13_4_5,0.3,0.4,2.6257584835454766e-05
4_13_4_0,0.3,0.4,3.8363515396187956e-07
4_13_4_1,0.3,0.4,1.2403817664130468e-12
4_13_4_2,0.3,0.4,8.569565518553181e-08
4_13_4_3,0.3,0.4,5.115228972940295e-09
4_13_4_4,0.3,0.4,1.782671892073389e-07
4_13_4_5,0.3,0.4,1.6768859221669074e-07
0_13_5_0,0.3,0.5,3.6245525978208883e-06
0_13_5_1,0.3,0.5,8.771981682703379e-11
0_13_5_2,0.3,0.5,3.1892849664050215e-06
0_13_5_3,0.3,0.5,3.9729843610289755e-06
0_13_5_4,0.3,0.5,6.685504861383148e-05
0_13_5_5,0.3,0.5,1.142092661061108e-05
1_13_5_0,0.3,0.5,4.838687059945188e-08
1_13_5_1,0.3,0.5,6.774919905306385e-08
1_13_5_2,0.3,0.5,1.642991692922957e-06
1_13_5_3,0.3,0.5,5.313741697281633e-05
1_13_5_4,0.3,0.5,1.439355702749189e-05
1_13_5_5,0.3,0.5,0.00039121989977060795
2_13_5_0,0.3,0.5,3.7468081942379777e-07
2_13_5_1,0.3,0.5,6.157784977185155e-09
2_13_5_2,0.3,0.5,1.519160734539174e-09
2_13_5_3,0.3,0.5,3.279584509797951e-07
2_13_5_4,0.3,0.5,4.7935492210188434e-05
2_13_5_5,0.3,0.5,0.0003136812707419076
3_13_5_0,0.3,0.5,3.50852377208752e-08
3_13_5_1,0.3,0.5,3.1720613461780924e-11
3_13_5_2,0.3,0.5,1.0444553612170247e-06
3_13_5_3,0.3,0.5,4.655799993059531e-06
3_13_5_4,0.3,0.5,2.8889037565622868e-05
3_13_5_5,0.3,0.5,0.00017737064948407892
4_13_5_0,0.3,0.5,4.047461538056918e-07
4_13_5_1,0.3,0.5,1.190194261390801e-10
4_13_5_2,0.3,0.5,6.605854784368724e-05
4_13_5_3,0.3,0.5,1.8267022535953416e-05
4_13_5_4,0.3,0.5,4.3692623558434536e-05
4_13_5_5,0.3,0.5,3.75501542828639e-05
0_13_6_0,0.3,0.6,0.001225607954936117
0_13_6_1,0.3,0.6,0.0002468353648614807
0_13_6_2,0.3,0.6,0.00019693772043930113
0_13_6_3,0.3,0.6,0.0027841818880560637
0_13_6_4,0.3,0.6,0.018479116914814082
0_13_6_5,0.3,0.6,0.0022850702598451586
1_13_6_0,0.3,0.6,6.678968498983897e-05
1_13_6_1,0.3,0.6,0.0007309686726851446
1_13_6_2,0.3,0.6,0.0011908819051778203
1_13_6_3,0.3,0.6,0.004263568023880191
1_13_6_4,0.3,0.6,0.001076907074285374
1_13_6_5,0.3,0.6,0.012408175701253953
2_13_6_0,0.3,0.6,0.0004436923682545661
2_13_6_1,0.3,0.6,5.333707174968225e-05
2_13_6_2,0.3,0.6,0.00011220908167435575
2_13_6_3,0.3,0.6,0.00019654666532783842
2_13_6_4,0.3,0.6,0.007014790986593097
2_13_6_5,0.3,0.6,0.00242072298376402
3_13_6_0,0.3,0.6,0.0006256206384422816
3_13_6_1,0.3,0.6,2.5358057998237056e-06
3_13_6_2,0.3,0.6,0.0011799070028993353
3_13_6_3,0.3,0.6,0.009152465723808833
3_13_6_4,0.3,0.6,0.010194715918924208
3_13_6_5,0.3,0.6,0.018554622915418623
4_13_6_0,0.3,0.6,0.0005438151977932759
4_13_6_1,0.3,0.6,9.246344241077018e-05
4_13_6_2,0.3,0.6,0.008050647361976384
4_13_6_3,0.3,0.6,0.001110383022153781
4_13_6_4,0.3,0.6,0.009356051693139047
4_13_6_5,0.3,0.6,0.005336711981565305
0_13_7_0,0.3,0.7,0.08039763643034702
0_13_7_1,0.3,0.7,0.031912712356332265
0_13_7_2,0.3,0.7,0.06885760104535192
0_13_7_3,0.3,0.7,0.15154543168615747
0_13_7_4,0.3,0.7,0.13308619627676668
0_13_7_5,0.3,0.7,0.12348993470662047
1_13_7_0,0.3,0.7,0.0420107585122749
1_13_7_1,0.3,0.7,0.13020968353826948
1_13_7_2,0.3,0.7,0.2026339932145767
1_13_7_3,0.3,0.7,0.22619812860411473
1_13_7_4,0.3,0.7,0.08287868829886957
1_13_7_5,0.3,0.7,0.20314456787322605
2_13_7_0,0.3,0.7,0.11732610049570875
2_13_7_1,0.3,0.7,0.07621614983612901
2_13_7_2,0.3,0.7,0.11168199354561127
2_13_7_3,0.3,0.7,0.22012138355398947
2_13_7_4,0.3,0.7,0.15780254082235395
2_13_7_5,0.3,0.7,0.1624761495847658
3_13_7_0,0.3,0.7,0.2145340187350244
3_13_7_1,0.3,0.7,0.07663235463904414
3_13_7_2,0.3,0.7,0.14908560583254224
3_13_7_3,0.3,0.7,0.19511060169751535
3_13_7_4,0.3,0.7,0.22551137142176797
3_13_7_5,0.3,0.7,0.26265103120991307
4_13_7_0,0.3,0.7,0.18110232993714784
4_13_7_1,0.3,0.7,0.13112169010885066
4_13_7_2,0.3,0.7,0.25841332100352143
4_13_7_3,0.3,0.7,0.19746599275042814
4_13_7_4,0.3,0.7,0.29137634074836616
4_13_7_5,0.3,0.7,0.2551597129939378
0_13_8_0,0.3,0.8,0.990445971544166
0_13_8_1,0.3,0.8,0.9816477291343831
0_13_8_2,0.3,0.8,0.9939376243617566
0_13_8_3,0.3,0.8,0.9801489223977141
0_13_8_4,0.3,0.8,0.9777540343445876
0_13_8_5,0.3,0.8,0.8824912657478643
1_13_8_0,0.3,0.8,0.990445971544166
1_13_8_1,0.3,0.8,0.9745775372894694
1_13_8_2,0.3,0.8,0.9993296195811243
1_13_8_3,0.3,0.8,0.9007417562077298
1_13_8_4,0.3,0.8,0.8924164517808567
1_13_8_5,0.3,0.8,0.8137636578333971
2_13_8_0,0.3,0.8,0.990445971544166
2_13_8_1,0.3,0.8,0.968631350056529
2_13_8_2,0.3,0.8,0.9999994536222224
2_13_8_3,0.3,0.8,0.9866007596778636
2_13_8_4,0.3,0.8,0.8667150041914236
2_13_8_5,0.3,0.8,0.8827986468754169
3_13_8_0,0.3,0.8,0.990445971544166
3_13_8_1,0.3,0.8,0.9951820137528501
3_13_8_2,0.3,0.8,0.9976947172476935
3_13_8_3,0.3,0.8,0.9267347138369116
3_13_8_4,0.3,0.8,0.8440638182380298
3_13_8_5,0.3,0.8,0.8373444999399742
4_13_8_0,0.3,0.8,0.990445971544166
4_13_8_1,0.3,0.8,0.9819893338774808
4_13_8_2,0.3,0.8,0.9969789498107908
4_13_8_3,0.3,0.8,0.9987928895852282
4_13_8_4,0.3,0.8,0.918833418350112
4_13_8_5,0.3,0.8,0.9037948979793559
0_13_9_0,0.3,0.9,0.990445971544166
0_13_9_1,0.3,0.9,0.9797243087362117
0_13_9_2,0.3,0.9,0.997608417018221
0_13_9_3,0.3,0.9,0.9918810176365571
0_13_9_4,0.3,0.9,0.9894537527864626
0_13_9_5,0.3,0.9,0.9792172322230255
1_13_9_0,0.3,0.9,0.990445971544166
1_13_9_1,0.3,0.9,0.9728287015827184
1_13_9_2,0.3,0.9,0.9997759932221406
1_13_9_3,0.3,0.9,0.9215990722671792
1_13_9_4,0.3,0.9,0.9085623323060354
1_13_9_5,0.3,0.9,0.9190747910788896
2_13_9_0,0.3,0.9,0.990445971544166
2_13_9_1,0.3,0.9,0.9679400725571589
2_13_9_2,0.3,0.9,0.9999999556935188
2_13_9_3,0.3,0.9,0.9927873651298681
2_13_9_4,0.3,0.9,0.9659402934467377
2_13_9_5,0.3,0.9,0.8981608269725933
3_13_9_0,0.3,0.9,0.990445971544166
3_13_9_1,0.3,0.9,0.9910333434629688
3_13_9_2,0.3,0.9,0.9975675353237888
3_13_9_3,0.3,0.9,0.9999734632170351
3_13_9_4,0.3,0.9,0.9108296880646495
3_13_9_5,0.3,0.9,0.9277886818609804
4_13_9_0,0.3,0.9,0.990445971544166
4_13_9_1,0.3,0.9,0.9806082197066895
4_13_9_2,0.3,0.9,0.9991482003230908
4_13_9_3,0.3,0.9,0.9996950512424378
4_13_9_4,0.3,0.9,0.9931680377041371
4_13_9_5,0.3,0.9,0.9483028124686737
0_13_10_0,0.3,1.0,0.990445971544166
0_13_10_1,0.3,1.0,0.9783293449235069
0_13_10_2,0.3,1.0,0.9975851109900644
0_13_10_3,0.3,1.0,0.9919219577631565
0_13_10_4,0.3,1.0,0.9901908194142297
0_13_10_5,0.3,1.0,0.9903322480654243
1_13_10_0,0.3,1.0,0.990445971544166
1_13_10_1,0.3,1.0,0.9716910857215254
1_13_10_2,0.3,1.0,0.9997916376133444
1_13_10_3,0.3,1.0,0.9234587798569659
1_13_10_4,0.3,1.0,0.9091811517779623
1_13_10_5,0.3,1.0,0.919611782037414
2_13_10_0,0.3,1.0,0.990445971544166
2_13_10_1,0.3,1.0,0.9679400725571589
2_13_10_2,0.3,1.0,0.9999999528072474
2_13_10_3,0.3,1.0,0.9926463342703978
2_13_10_4,0.3,1.0,0.9681492023477556
2_13_10_5,0.3,1.0,0.8989245554198351
3_13_10_0,0.3,1.0,0.990445971544166
3_13_10_1,0.3,1.0,0.9893203620314718
3_13_10_2,0.3,1.0,0.9976348541889392
3_13_10_3,0.3,1.0,0.9999999999999098
3_13_10_4,0.3,1.0,0.9210052173249719
3_13_10_5,0.3,1.0,0.9289653559892012
4_13_10_0,0.3,1.0,0.990445971544166
4_13_10_1,0.3,1.0,0.975564291133729
4_13_10_2,0.3,1.0,0.9992158381572411
4_13_10_3,0.3,1.0,0.9999999999999981
4_13_10_4,0.3,1.0,0.9919451645629396
4_13_10_5,0.3,1.0,0.95916463008826
0_14_0_0,0.4,0.0,8.783773321822406e-10
0_14_0_1,0.4,0.0,7.734453264518932e-21
0_14_0_2,0.4,0.0,1.0913571682511211e-25
0_14_0_3,0.4,0.0,4.859513475858396e-19
0_14_0_4,0.4,0.0,3.9731328791333314e-05
0_14_0_5,0.4,0.0,4.2971876942083885e-14
1_14_0_0,0.4,0.0,9.316327467063264e-18
1_14_0_1,0.4,0.0,2.1840727188630734e-16
1_14_0_2,0.4,0.0,4.316221255556315e-22
1_14_0_3,0.4,0.0,8.9023160626467e-18
1_14_0_4,0.4,0.0,6.694082265002557e-16
1_14_0_5,0.4,0.0,1.2908243005997713e-13
2_14_0_0,0.4,0.0,8.783773321822406e-10
2_14_0_1,0.4,0.0,1.5388606547543884e-19
2_14_0_2,0.4,0.0,9.467955190273253e-25
2_14_0_3,0.4,0.0,1.3774138443307527e-17
2_14_0_4,0.4,0.0,2.0341141650959655e-16
2_14_0_5,0.4,0.0,7.076644260811289e-15
3_14_0_0,0.4,0.0,1.0629765651471996e-09
3_14_0_1,0.4,0.0,8.247544726209423e-26
3_14_0_2,0.4,0.0,4.120049220880878e-21
3_14_0_3,0.4,0.0,0.00014572316155542328
3_14_0_4,0.4,0.0,2.7351366295412375e-17
3_14_0_5,0.4,0.0,2.5599407977006545e-15
4_14_0_0,0.4,0.0,8.783773321822406e-10
4_14_0_1,0.4,0.0,1.7820136317873073e-21
4_14_0_2,0.4,0.0,2.3026616117163694e-18
4_14_0_3,0.4,0.0,5.3949245153838835e-17
4_14_0_4,0.4,0.0,4.135144526109402e-15
4_14_0_5,0.4,0.0,5.270780053345639e-14
0_14_1_0,0.4,0.1,7.62282204283345e-12
0_14_1_1,0.4,0.1,2.1687659083261018e-16
0_14_1_2,0.4,0.1,3.3252484114555097e-22
0_14_1_3,0.4,0.1,3.4578123503615157e-16
0_14_1_4,0.4,0.1,6.355514851198664e-13
0_14_1_5,0.4,0.1,8.173169701770231e-12
1_14_1_0,0.4,0.1,8.783773321822406e-10
1_14_1_1,0.4,0.1,1.1284722785232052e-12
1_14_1_2,0.4,0.1,3.544991441879647e-18
1_14_1_3,0.4,0.1,3.366920597581872e-12
1_14_1_4,0.4,0.1,1.1610334184171764e-13
1_14_1_5,0.4,0.1,1.7224082383420512e-10
2_14_1_0,0.4,0.1,2.4270680035547874e-12
2_14_1_1,0.4,0.1,2.1402085537868828e-17
2_14_1_2,0.4,0.1,1.0560622715050829e-20
2_14_1_3,0.4,0.1,8.930361593795276e-14
2_14_1_4,0.4,0.1,1.0331802107372528e-13
2_14_1_5,0.4,0.1,2.4087260514459864e-14
3_14_1_0,0.4,0.1,8.783773321822406e-10
3_14_1_1,0.4,0.1,1.5256719645548777e-23
3_14_1_2,0.4,0.1,1.1804542847956303e-17
3_14_1_3,0.4,0.1,0.00010340962370311205
3_14_1_4,0.4,0.1,8.653953640097279e-15
3_14_1_5,0.4,0.1,2.1039634192666397e-12
4_14_1_0,0.4,0.1,2.4270680035547874e-12
4_14_1_1,0.4,0.1,4.100488364506545e-19
4_14_1_2,0.4,0.1,1.5890385004918962e-13
4_14_1_3,0.4,0.1,1.7296641882463523e-12
4_14_1_4,0.4,0.1,2.5246170193604363e-13
4_14_1_5,0.4,0.1,8.096161440689822e-11
0_14_2_0,0.4,0.2,4.4136487114828933e-08
0_14_2_1,0.4,0.2,2.0064609701261476e-15
0_14_2_2,0.4,0.2,2.8968746836956067e-15
0_14_2_3,0.4,0.2,3.2122497488907197e-15
0_14_2_4,0.4,0.2,9.771606566328812e-12
0_14_2_5,0.4,0.2,1.485891356002186e-10
1_14_2_0,0.4,0.2,5.414135285484837e-12
1_14_2_1,0.4,0.2,6.847246171192746e-11
1_14_2_2,0.4,0.2,1.5304366174995885e-15
1_14_2_3,0.4,0.2,2.192230689699094e-10
1_14_2_4,0.4,0.2,1.0906409535502966e-09
1_14_2_5,0.4,0.2,7.905475084335511e-05
2_14_2_0,0.4,0.2,4.4136487114828933e-08
2_14_2_1,0.4,0.2,5.9576282068329925e-15
2_14_2_2,0.4,0.2,3.2462523851139644e-17
2_14_2_3,0.4,0.2,7.535186627003677e-12
2_14_2_4,0.4,0.2,8.365067989574504e-12
2_14_2_5,0.4,0.2,6.478334854139729e-11
3_14_2_0,0.4,0.2,2.138117057858237e-12
3_14_2_1,0.4,0.2,1.505001701622163e-22
3_14_2_2,0.4,0.2,5.2597797545550695e-15
3_14_2_3,0.4,0.2,4.141990114088071e-05
3_14_2_4,0.4,0.2,3.394934452722354e-13
3_14_2_5,0.4,0.2,3.424343495362886e-05
4_14_2_0,0.4,0.2,1.0175769978854704e-12
4_14_2_1,0.4,0.2,2.552500144888011e-15
4_14_2_2,0.4,0.2,6.647290458802533e-11
4_14_2_3,0.4,0.2,4.122522668638413e-12
4_14_2_4,0.4,0.2,7.256698059488306e-11
4_14_2_5,0.4,0.2,9.816392398382465e-10
0_14_3_0,0.4,0.3,4.055377107705344e-07
0_14_3_1,0.4,0.3,1.0718714640108213e-12
0_14_3_2,0.4,0.3,1.679511795118764e-11
0_14_3_3,0.4,0.3,2.246132044415569e-11
0_14_3_4,0.4,0.3,6.691221504752311e-08
0_14_3_5,0.4,0.3,1.2586571410541925e-08
1_14_3_0,0.4,0.3,6.643653313531167e-11
1_14_3_1,0.4,0.3,1.826094609604788e-09
1_14_3_2,0.4,0.3,1.6269178747935832e-12
1_14_3_3,0.4,0.3,6.104229488930737e-10
1_14_3_4,0.4,0.3,6.204028770826269e-08
1_14_3_5,0.4,0.3,7.423611023540396e-08
2_14_3_0,0.4,0.3,5.142030509311416e-10
2_14_3_1,0.4,0.3,5.129025347438893e-11
2_14_3_2,0.4,0.3,2.4578862670353333e-14
2_14_3_3,0.4,0.3,5.805430997150344e-09
2_14_3_4,0.4,0.3,3.496979434167207e-09
2_14_3_5,0.4,0.3,3.9216499114505476e-08
3_14_3_0,0.4,0.3,7.674007618143004e-10
3_14_3_1,0.4,0.3,5.4964983293101066e-14
3_14_3_2,0.4,0.3,3.717140345532876e-11
3_14_3_3,0.4,0.3,4.695464227518373e-10
3_14_3_4,0.4,0.3,3.217064099513377e-08
3_14_3_5,0.4,0.3,1.7798412381954632e-08
4_14_3_0,0.4,0.3,4.323153135973672e-07
4_14_3_1,0.4,0.3,2.3964569259232478e-12
4_14_3_2,0.4,0.3,1.036647409445421e-08
4_14_3_3,0.4,0.3,3.0541737845667906e-10
4_14_3_4,0.4,0.3,2.965770975898493e-09
4_14_3_5,0.4,0.3,1.817698440803074e-07
0_14_4_0,0.4,0.4,3.3760356347180065e-08
0_14_4_1,0.4,0.4,1.8516387447602962e-09
0_14_4_2,0.4,0.4,1.7055193835578886e-08
0_14_4_3,0.4,0.4,1.9059061985453351e-07
0_14_4_4,0.4,0.4,3.1657112161681757e-07
0_14_4_5,0.4,0.4,2.9413236147173056e-06
1_14_4_0,0.4,0.4,1.352497963097907e-07
1_14_4_1,0.4,0.4,4.4410414670906136e-07
1_14_4_2,0.4,0.4,1.1627409906279494e-08
1_14_4_3,0.4,0.4,2.2555616245289773e-07
1_14_4_4,0.4,0.4,3.5381718364633492e-06
1_14_4_5,0.4,0.4,1.4198437465345645e-05
2_14_4_0,0.4,0.4,1.7130544439469358e-06
2_14_4_1,0.4,0.4,4.371993799814654e-08
2_14_4_2,0.4,0.4,1.908220794395803e-10
2_14_4_3,0.4,0.4,1.0529171829902433e-06
2_14_4_4,0.4,0.4,1.0320661206661306e-06
2_14_4_5,0.4,0.4,2.680481132768242e-06
3_14_4_0,0.4,0.4,1.7686539928162826e-06
3_14_4_1,0.4,0.4,2.4026354244788643e-09
3_14_4_2,0.4,0.4,1.835190152629681e-07
3_14_4_3,0.4,0.4,9.081184478097983e-08
3_14_4_4,0.4,0.4,8.913078055129411e-08
3_14_4_5,0.4,0.4,2.008906266701647e-06
4_14_4_0,0.4,0.4,3.8787116775000894e-08
4_14_4_1,0.4,0.4,1.718357885259038e-05
4_14_4_2,0.4,0.4,4.655736800628412e-06
4_14_4_3,0.4,0.4,5.363036042650381e-07
4_14_4_4,0.4,0.4,5.878777639270922e-07
4_14_4_5,0.4,0.4,1.2618464573673136e-05
0_14_5_0,0.4,0.5,8.613894956152404e-05
0_14_5_1,0.4,0.5,2.413179068787744e-06
0_14_5_2,0.4,0.5,1.3269945061740838e-05
0_14_5_3,0.4,0.5,2.956673979692394e-05
0_14_5_4,0.4,0.5,0.0002867440513984377
0_14_5_5,0.4,0.5,9.324261695280242e-05
1_14_5_0,0.4,0.5,2.2508904142567143e-05
1_14_5_1,0.4,0.5,7.635759831826681e-05
1_14_5_2,0.4,0.5,5.836052100836646e-05
1_14_5_3,0.4,0.5,0.00022147625562904692
1_14_5_4,0.4,0.5,0.00047576573403001327
1_14_5_5,0.4,0.5,0.0003218824137769049
2_14_5_0,0.4,0.5,8.210916793981584e-05
2_14_5_1,0.4,0.5,1.8177396439167835e-05
2_14_5_2,0.4,0.5,1.7974831928065238e-06
2_14_5_3,0.4,0.5,0.00015732976651308412
2_14_5_4,0.4,0.5,4.7281295017172045e-05
2_14_5_5,0.4,0.5,0.0003795305371989543
3_14_5_0,0.4,0.5,2.7333605568208584e-06
3_14_5_1,0.4,0.5,4.343112602213497e-06
3_14_5_2,0.4,0.5,1.5186986637137848e-06
3_14_5_3,0.4,0.5,2.601630669855409e-05
3_14_5_4,0.4,0.5,3.0414013657631145e-05
3_14_5_5,0.4,0.5,0.0006169838332872733
4_14_5_0,0.4,0.5,2.098373819128505e-05
4_14_5_1,0.4,0.5,4.82666194747289e-06
4_14_5_2,0.4,0.5,0.0001943787534389242
4_14_5_3,0.4,0.5,2.875278585203711e-05
4_14_5_4,0.4,0.5,9.319268569560593e-05
4_14_5_5,0.4,0.5,0.0003038847120474529
0_14_6_0,0.4,0.6,0.0016980631477904009
0_14_6_1,0.4,0.6,0.00637970543304627
0_14_6_2,0.4,0.6,0.003898195428773097
0_14_6_3,0.4,0.6,0.0023873360448324445
0_14_6_4,0.4,0.6,0.011728942338104849
0_14_6_5,0.4,0.6,0.00830647316927995
1_14_6_0,0.4,0.6,0.00024991032156262277
1_14_6_1,0.4,0.6,0.009084858281085064
1_14_6_2,0.4,0.6,0.0022206606082624016
1_14_6_3,0.4,0.6,0.01423607320763887
1_14_6_4,0.4,0.6,0.0019338962860103621
1_14_6_5,0.4,0.6,0.006133962504586116
2_14_6_0,0.4,0.6,0.0020801642037640094
2_14_6_1,0.4,0.6,0.005154609149754104
2_14_6_2,0.4,0.6,0.0008147380011640195
2_14_6_3,0.4,0.6,0.0016087030770458761
2_14_6_4,0.4,0.6,0.0035506350913808364
2_14_6_5,0.4,0.6,0.004033259346827301
3_14_6_0,0.4,0.6,0.004139537503252295
3_14_6_1,0.4,0.6,0.0016517586846803128
3_14_6_2,0.4,0.6,0.002522952295373494
3_14_6_3,0.4,0.6,0.013433030909966967
3_14_6_4,0.4,0.6,0.00814616311121263
3_14_6_5,0.4,0.6,0.027758767812914628
4_14_6_0,0.4,0.6,0.005570381639460161
4_14_6_1,0.4,0.6,0.0036746039277690545
4_14_6_2,0.4,0.6,0.0036991637471412665
4_14_6_3,0.4,0.6,0.0054027208321015905
4_14_6_4,0.4,0.6,0.01588511115407052
4_14_6_5,0.4,0.6,0.01598171907307204
0_14_7_0,0.4,0.7,0.17241988839464958
0_14_7_1,0.4,0.7,0.18382124490700458
0_14_7_2,0.4,0.7,0.12216073891169638
0_14_7_3,0.4,0.7,0.20253028819701746
0_14_7_4,0.4,0.7,0.23285636548943522
0_14_7_5,0.4,0.7,0.17822641365883157
1_14_7_0,0.4,0.7,0.10346875706342985
1_14_7_1,0.4,0.7,0.17396763872945065
1_14_7_2,0.4,0.7,0.18504737598939913
1_14_7_3,0.4,0.7,0.2599683773533955
1_14_7_4,0.4,0.7,0.18273987485922333
1_14_7_5,0.4,0.7,0.25470432803220483
2_14_7_0,0.4,0.7,0.17978235220561445
2_14_7_1,0.4,0.7,0.17547681150490987
2_14_7_2,0.4,0.7,0.1767071185320288
2_14_7_3,0.4,0.7,0.16921531990105898
2_14_7_4,0.4,0.7,0.22567477284622428
2_14_7_5,0.4,0.7,0.17068038587080298
3_14_7_0,0.4,0.7,0.2583329535838205
3_14_7_1,0.4,0.7,0.3229031036501863
3_14_7_2,0.4,0.7,0.37475999072289073
3_14_7_3,0.4,0.7,0.34099770033432614
3_14_7_4,0.4,0.7,0.33752938529900434
3_14_7_5,0.4,0.7,0.3586328546898797
4_14_7_0,0.4,0.7,0.299899480079525
4_14_7_1,0.4,0.7,0.2208620678746243
4_14_7_2,0.4,0.7,0.2593128073206843
4_14_7_3,0.4,0.7,0.3072160793915176
4_14_7_4,0.4,0.7,0.4324684130434577
4_14_7_5,0.4,0.7,0.41266724395728793
0_14_8_0,0.4,0.8,0.990445971544166
0_14_8_1,0.4,0.8,0.9463177378534935
0_14_8_2,0.4,0.8,0.9955645430467167
0_14_8_3,0.4,0.8,0.9810403572436459
0_14_8_4,0.4,0.8,0.9794524502741149
0_14_8_5,0.4,0.8,0.9374635810552872
1_14_8_0,0.4,0.8,0.990445971544166
1_14_8_1,0.4,0.8,0.9669763025354597
1_14_8_2,0.4,0.8,0.9949335851029086
1_14_8_3,0.4,0.8,0.9804111320320644
1_14_8_4,0.4,0.8,0.9322665285475368
1_14_8_5,0.4,0.8,0.9129867153147864
2_14_8_0,0.4,0.8,0.990445971544166
2_14_8_1,0.4,0.8,0.9561345635555605
2_14_8_2,0.4,0.8,0.9906310806407412
2_14_8_3,0.4,0.8,0.9920777105716365
2_14_8_4,0.4,0.8,0.9740244783762532
2_14_8_5,0.4,0.8,0.872322774975749
3_14_8_0,0.4,0.8,0.990445971544166
3_14_8_1,0.4,0.8,0.9685234870909426
3_14_8_2,0.4,0.8,0.9932981643617571
3_14_8_3,0.4,0.8,0.9977863775875276
3_14_8_4,0.4,0.8,0.9064552390632337
3_14_8_5,0.4,0.8,0.934664503772789
4_14_8_0,0.4,0.8,0.990445971544166
4_14_8_1,0.4,0.8,0.9485958847879703
4_14_8_2,0.4,0.8,0.9940460668340455
4_14_8_3,0.4,0.8,0.994000136365501
4_14_8_4,0.4,0.8,0.9576490794429855
4_14_8_5,0.4,0.8,0.923140694664561
0_14_9_0,0.4,0.9,0.990445971544166
0_14_9_1,0.4,0.9,0.9452078588606229
0_14_9_2,0.4,0.9,0.9959650636771067
0_14_9_3,0.4,0.9,0.9918366442405283
0_14_9_4,0.4,0.9,0.9997263283286009
0_14_9_5,0.4,0.9,0.9913472535876839
1_14_9_0,0.4,0.9,0.990445971544166
1_14_9_1,0.4,0.9,0.9669763025354597
1_14_9_2,0.4,0.9,0.9952697311585228
1_14_9_3,0.4,0.9,0.9999999918086829
1_14_9_4,0.4,0.9,0.9587517759431199
1_14_9_5,0.4,0.9,0.9283693339366244
2_14_9_0,0.4,0.9,0.990445971544166
2_14_9_1,0.4,0.9,0.9556266988984584
2_14_9_2,0.4,0.9,0.9908041125373311
2_14_9_3,0.4,0.9,0.9920072606981273
2_14_9_4,0.4,0.9,0.966851509685448
2_14_9_5,0.4,0.9,0.9184495214991903
3_14_9_0,0.4,0.9,0.990445971544166
3_14_9_1,0.4,0.9,0.9717885968831174
3_14_9_2,0.4,0.9,0.9938162273444862
3_14_9_3,0.4,0.9,0.998593395757992
3_14_9_4,0.4,0.9,0.9187384190508746
3_14_9_5,0.4,0.9,0.9719292665509733
4_14_9_0,0.4,0.9,0.990445971544166
4_14_9_1,0.4,0.9,0.9482935238395789
4_14_9_2,0.4,0.9,0.9952119509996948
4_14_9_3,0.4,0.9,0.9938961503757956
4_14_9_4,0.4,0.9,0.9928168543415667
4_14_9_5,0.4,0.9,0.9586596860302281
0_14_10_0,0.4,1.0,0.990445971544166
0_14_10_1,0.4,1.0,0.9451190974966612
0_14_10_2,0.4,1.0,0.9965095722689968
0_14_10_3,0.4,1.0,0.9916476137132437
0_14_10_4,0.4,1.0,0.9997962424972896
0_14_10_5,0.4,1.0,0.9915197584579956
1_14_10_0,0.4,1.0,0.990445971544166
1_14_10_1,0.4,1.0,0.9669763025354597
1_14_10_2,0.4,1.0,0.9964140581742055
1_14_10_3,0.4,1.0,0.9999999928266399
1_14_10_4,0.4,1.0,0.959315694434467
1_14_10_5,0.4,1.0,0.9289044889015478
2_14_10_0,0.4,1.0,0.990445971544166
2_14_10_1,0.4,1.0,0.9556266988984584
2_14_10_2,0.4,1.0,0.991172103300793
2_14_10_3,0.4,1.0,0.9920583410779137
2_14_10_4,0.4,1.0,0.9710632767011325
2_14_10_5,0.4,1.0,0.9288733723497059
3_14_10_0,0.4,1.0,0.990445971544166
3_14_10_1,0.4,1.0,0.9715180531818425
3_14_10_2,0.4,1.0,0.9941456815841201
3_14_10_3,0.4,1.0,0.9979597865401294
3_14_10_4,0.4,1.0,0.9191057119065874
3_14_10_5,0.4,1.0,0.9711549395357898
4_14_10_0,0.4,1.0,0.990445971544166
4_14_10_1,0.4,1.0,0.9482935238395789
4_14_10_2,0.4,1.0,0.9957416633637259
4_14_10_3,0.4,1.0,0.9957874390232452
4_14_10_4,0.4,1.0,0.9928228057863785
4_14_10_5,0.4,1.0,0.9815291074208918
0_15_0_0,0.5,0.0,5.0965526152284125e-08
0_15_0_1,0.5,0.0,3.765310751599792e-15
0_15_0_2,0.5,0.0,2.6827625738186596e-22
0_15_0_3,0.5,0.0,7.5314443724436e-15
0_15_0_4,0.5,0.0,5.063756936035115e-14
0_15_0_5,0.5,0.0,1.7905465794676876e-12
1_15_0_0,0.5,0.0,8.783773321822406e-10
1_15_0_1,0.5,0.0,7.501454301887037e-12
1_15_0_2,0.5,0.0,1.1940020739762192e-06
1_15_0_3,0.5,0.0,5.4330450667991797e-14
1_15_0_4,0.5,0.0,1.3785891316059523e-14
1_15_0_5,0.5,0.0,1.9501333816174992e-11
2_15_0_0,0.5,0.0,5.0965526152284125e-08
2_15_0_1,0.5,0.0,4.0598979788097386e-13
2_15_0_2,0.5,0.0,1.4021931574568975e-18
2_15_0_3,0.5,0.0,7.988045050666226e-15
2_15_0_4,0.5,0.0,4.636055008864311e-13
2_15_0_5,0.5,0.0,4.3177549177024163e-13
3_15_0_0,0.5,0.0,6.884761127603843e-13
3_15_0_1,0.5,0.0,7.39825789529008e-17
3_15_0_2,0.5,0.0,7.961770168790157e-20
3_15_0_3,0.5,0.0,1.4543973030332375e-15
3_15_0_4,0.5,0.0,1.2872083354670268e-16
3_15_0_5,0.5,0.0,1.4483588830299345e-13
4_15_0_0,0.5,0.0,5.0965526152284125e-08
4_15_0_1,0.5,0.0,1.614694162572841e-14
4_15_0_2,0.5,0.0,6.662972215393349e-16
4_15_0_3,0.5,0.0,1.5087576957039668e-16
4_15_0_4,0.5,0.0,2.6025632138248075e-15
4_15_0_5,0.5,0.0,6.04956381621413e-12
0_15_1_0,0.5,0.1,1.7599363899374208e-08
0_15_1_1,0.5,0.1,5.099131550733751e-13
0_15_1_2,0.5,0.1,2.1137159198399566e-18
0_15_1_3,0.5,0.1,1.9228409099821916e-13
0_15_1_4,0.5,0.1,8.730245635240553e-10
0_15_1_5,0.5,0.1,7.868512579706387e-11
1_15_1_0,0.5,0.1,4.416805134036492e-08
1_15_1_1,0.5,0.1,7.44032186970007e-10
1_15_1_2,0.5,0.1,7.455002308968384e-14
1_15_1_3,0.5,0.1,2.345670329978553e-12
1_15_1_4,0.5,0.1,5.807927281356461e-11
1_15_1_5,0.5,0.1,1.471813389764001e-09
2_15_1_0,0.5,0.1,6.623739580520051e-13
2_15_1_1,0.5,0.1,3.082443721915055e-12
2_15_1_2,0.5,0.1,2.6183008778436864e-15
2_15_1_3,0.5,0.1,1.896428136363805e-13
2_15_1_4,0.5,0.1,5.950050157755629e-12
2_15_1_5,0.5,0.1,1.317878724067021e-11
3_15_1_0,0.5,0.1,4.4136487114828933e-08
3_15_1_1,0.5,0.1,2.118343953001639e-15
3_15_1_2,0.5,0.1,4.237712418683589e-17
3_15_1_3,0.5,0.1,6.611783954167448e-13
3_15_1_4,0.5,0.1,5.6161638132125656e-14
3_15_1_5,0.5,0.1,1.3895461371803293e-12
4_15_1_0,0.5,0.1,3.7389824315359356e-09
4_15_1_1,0.5,0.1,8.087665535114568e-12
4_15_1_2,0.5,0.1,3.503835363298852e-12
4_15_1_3,0.5,0.1,4.781991291608803e-12
4_15_1_4,0.5,0.1,2.6372779412011535e-11
4_15_1_5,0.5,0.1,4.917757699067921e-10
0_15_2_0,0.5,0.2,4.323153135973672e-07
0_15_2_1,0.5,0.2,6.955056423725627e-11
0_15_2_2,0.5,0.2,7.615554421791534e-15
0_15_2_3,0.5,0.2,9.380354326543119e-13
0_15_2_4,0.5,0.2,5.0480761236420505e-09
0_15_2_5,0.5,0.2,6.859094639058453e-09
1_15_2_0,0.5,0.2,2.74121557027132e-09
1_15_2_1,0.5,0.2,1.7843313396283465e-08
1_15_2_2,0.5,0.2,1.731974090038507e-11
1_15_2_3,0.5,0.2,9.271443905749049e-10
1_15_2_4,0.5,0.2,3.393311460074437e-10
1_15_2_5,0.5,0.2,3.78596215946703e-08
2_15_2_0,0.5,0.2,4.323153135973672e-07
2_15_2_1,0.5,0.2,3.099657624829908e-11
2_15_2_2,0.5,0.2,1.9319232083544102e-12
2_15_2_3,0.5,0.2,1.536693037742583e-10
2_15_2_4,0.5,0.2,4.654313055290688e-09
2_15_2_5,0.5,0.2,3.738907364536475e-10
3_15_2_0,0.5,0.2,8.693020869670667e-10
3_15_2_1,0.5,0.2,5.984277657831818e-14
3_15_2_2,0.5,0.2,9.268156772749994e-15
3_15_2_3,0.5,0.2,4.254760669522284e-11
3_15_2_4,0.5,0.2,1.9995059693717434e-11
3_15_2_5,0.5,0.2,3.489035970662228e-10
4_15_2_0,0.5,0.2,2.0357331779860324e-08
4_15_2_1,0.5,0.2,9.65651979483699e-10
4_15_2_2,0.5,0.2,2.330470249197914e-10
4_15_2_3,0.5,0.2,5.861483427034519e-10
4_15_2_4,0.5,0.2,6.699692941471857e-10
4_15_2_5,0.5,0.2,9.774872763008224e-09
0_15_3_0,0.5,0.3,1.0252064060274071e-06
0_15_3_1,0.5,0.3,7.1276603296917294e-09
0_15_3_2,0.5,0.3,1.2992233264126663e-11
0_15_3_3,0.5,0.3,2.175808405668897e-09
0_15_3_4,0.5,0.3,1.8274562610514207e-06
0_15_3_5,0.5,0.3,3.597943607692671e-07
1_15_3_0,0.5,0.3,3.1547412651774406e-07
1_15_3_1,0.5,0.3,1.0012353925936734e-06
1_15_3_2,0.5,0.3,6.323341147600893e-09
1_15_3_3,0.5,0.3,8.336167285458649e-08
1_15_3_4,0.5,0.3,3.851991241418428e-07
1_15_3_5,0.5,0.3,2.2354826800768156e-06
2_15_3_0,0.5,0.3,1.956075430894596e-06
2_15_3_1,0.5,0.3,5.3694349136755335e-08
2_15_3_2,0.5,0.3,3.5148676051741433e-10
2_15_3_3,0.5,0.3,1.7927730076469837e-08
2_15_3_4,0.5,0.3,4.491408276134349e-08
2_15_3_5,0.5,0.3,2.9321606381821716e-08
3_15_3_0,0.5,0.3,1.770838772055916e-06
3_15_3_1,0.5,0.3,1.9218828158358737e-09
3_15_3_2,0.5,0.3,3.786062530251127e-10
3_15_3_3,0.5,0.3,1.2924713085477909e-08
3_15_3_4,0.5,0.3,6.961344448000631e-07
3_15_3_5,0.5,0.3,9.715423449420726e-07
4_15_3_0,0.5,0.3,1.956075430894596e-06
4_15_3_1,0.5,0.3,7.810909733700465e-08
4_15_3_2,0.5,0.3,3.646039484584615e-08
4_15_3_3,0.5,0.3,1.735799665089711e-08
4_15_3_4,0.5,0.3,1.517338356877541e-08
4_15_3_5,0.5,0.3,2.1118669496352457e-07
0_15_4_0,0.5,0.4,1.7773955363359967e-05
0_15_4_1,0.5,0.4,1.973550143502517e-06
0_15_4_2,0.5,0.4,3.70035191481642e-08
0_15_4_3,0.5,0.4,7.245833490882872e-07
0_15_4_4,0.5,0.4,3.161191813136786e-05
0_15_4_5,0.5,0.4,1.5357977615622277e-05
1_15_4_0,0.5,0.4,1.214585104245354e-06
1_15_4_1,0.5,0.4,1.7028540670498058e-05
1_15_4_2,0.5,0.4,8.030567186663262e-07
1_15_4_3,0.5,0.4,1.2636008837830587e-06
1_15_4_4,0.5,0.4,8.283780805652506e-07
1_15_4_5,0.5,0.4,0.0001134045153226919
2_15_4_0,0.5,0.4,1.36999056715881e-05
2_15_4_1,0.5,0.4,3.0203296706070066e-06
2_15_4_2,0.5,0.4,1.0836790216068403e-07
2_15_4_3,0.5,0.4,1.984352310281493e-07
2_15_4_4,0.5,0.4,8.901111581419478e-06
2_15_4_5,0.5,0.4,1.5219754799644046e-05
3_15_4_0,0.5,0.4,1.6935328458349619e-06
3_15_4_1,0.5,0.4,7.047737127634646e-07
3_15_4_2,0.5,0.4,1.210497083322792e-07
3_15_4_3,0.5,0.4,1.110101178037739e-06
3_15_4_4,0.5,0.4,4.549476227566322e-06
3_15_4_5,0.5,0.4,1.5736304307607192e-05
4_15_4_0,0.5,0.4,1.8383012035036084e-05
4_15_4_1,0.5,0.4,1.5144585159124968e-06
4_15_4_2,0.5,0.4,3.5605625000072974e-06
4_15_4_3,0.5,0.4,2.957886400757649e-06
4_15_4_4,0.5,0.4,4.956592023595497e-07
4_15_4_5,0.5,0.4,2.2255330080827688e-05
0_15_5_0,0.5,0.5,0.0002802753010305799
0_15_5_1,0.5,0.5,0.0001958030366369151
0_15_5_2,0.5,0.5,6.035954970790049e-05
0_15_5_3,0.5,0.5,0.0006310294452047347
0_15_5_4,0.5,0.5,0.00025463693817172496
0_15_5_5,0.5,0.5,0.0004579460813524496
1_15_5_0,0.5,0.5,0.00010916445953338738
1_15_5_1,0.5,0.5,0.0011300587532542506
1_15_5_2,0.5,0.5,0.0003008336391403996
1_15_5_3,0.5,0.5,9.837543095665916e-05
1_15_5_4,0.5,0.5,0.00020969793904147352
1_15_5_5,0.5,0.5,0.0027447543711726762
2_15_5_0,0.5,0.5,0.00019042185551495982
2_15_5_1,0.5,0.5,0.0002792446388836647
2_15_5_2,0.5,0.5,5.007394992803636e-05
2_15_5_3,0.5,0.5,4.3674249167158276e-05
2_15_5_4,0.5,0.5,0.0005481349467752007
2_15_5_5,0.5,0.5,0.0008865696017680067
3_15_5_0,0.5,0.5,0.00015790410672820066
3_15_5_1,0.5,0.5,0.00011037256310265188
3_15_5_2,0.5,0.5,2.43790010921392e-05
3_15_5_3,0.5,0.5,8.319287760794739e-05
3_15_5_4,0.5,0.5,0.00012682484867766866
3_15_5_5,0.5,0.5,0.0004980320991241839
4_15_5_0,0.5,0.5,0.00011710199799287645
4_15_5_1,0.5,0.5,0.00032348044617754403
4_15_5_2,0.5,0.5,7.2351186609503e-05
4_15_5_3,0.5,0.5,1.46054412434446e-05
4_15_5_4,0.5,0.5,3.3857953931644354e-05
4_15_5_5,0.5,0.5,0.0004057890602836979
0_15_6_0,0.5,0.6,0.012988952972858446
0_15_6_1,0.5,0.6,0.021790202193630627
0_15_6_2,0.5,0.6,0.005527076361553223
0_15_6_3,0.5,0.6,0.016854725519301936
0_15_6_4,0.5,0.6,0.028878306245279817
0_15_6_5,0.5,0.6,0.017284307650931703
1_15_6_0,0.5,0.6,0.0017836217502946504
1_15_6_1,0.5,0.6,0.01892196216899968
1_15_6_2,0.5,0.6,0.013135860045696337
1_15_6_3,0.5,0.6,0.013471702673755932
1_15_6_4,0.5,0.6,0.0068840309252800064
1_15_6_5,0.5,0.6,0.01888087655230659
2_15_6_0,0.5,0.6,0.013478213880387167
2_15_6_1,0.5,0.6,0.024899355301914387
2_15_6_2,0.5,0.6,0.005442274008975038
2_15_6_3,0.5,0.6,0.009286559289190057
2_15_6_4,0.5,0.6,0.004934722070375071
2_15_6_5,0.5,0.6,0.02781104892292106
3_15_6_0,0.5,0.6,0.007504131053711972
3_15_6_1,0.5,0.6,0.009383728712842487
3_15_6_2,0.5,0.6,0.004212807740023608
3_15_6_3,0.5,0.6,0.007103634745839444
3_15_6_4,0.5,0.6,0.02643498485396179
3_15_6_5,0.5,0.6,0.030149076443586345
4_15_6_0,0.5,0.6,0.014048740480385813
4_15_6_1,0.5,0.6,0.02088221372437437
4_15_6_2,0.5,0.6,0.014526322936331151
4_15_6_3,0.5,0.6,0.01894312461862599
4_15_6_4,0.5,0.6,0.013869662665399386
4_15_6_5,0.5,0.6,0.0218865948513947
0_15_7_0,0.5,0.7,0.1862133197452515
0_15_7_1,0.5,0.7,0.2800387918252753
0_15_7_2,0.5,0.7,0.13045111592132172
0_15_7_3,0.5,0.7,0.19070377300038954
0_15_7_4,0.5,0.7,0.2666120627417187
0_15_7_5,0.5,0.7,0.2444622537129056
1_15_7_0,0.5,0.7,0.1923321062594124
1_15_7_1,0.5,0.7,0.26847419665967764
1_15_7_2,0.5,0.7,0.1987266804662485
1_15_7_3,0.5,0.7,0.2366246297995097
1_15_7_4,0.5,0.7,0.27686721475811316
1_15_7_5,0.5,0.7,0.3100268266440165
2_15_7_0,0.5,0.7,0.27838068383983805
2_15_7_1,0.5,0.7,0.256128814304302
2_15_7_2,0.5,0.7,0.2519566310096402
2_15_7_3,0.5,0.7,0.35922075934634395
2_15_7_4,0.5,0.7,0.3021601274851512
2_15_7_5,0.5,0.7,0.30086756762870837
3_15_7_0,0.5,0.7,0.3321859653033084
3_15_7_1,0.5,0.7,0.369613645340617
3_15_7_2,0.5,0.7,0.3320159723515082
3_15_7_3,0.5,0.7,0.34143307195809913
3_15_7_4,0.5,0.7,0.4361922259807125
3_15_7_5,0.5,0.7,0.45397242775493674
4_15_7_0,0.5,0.7,0.3384167903597703
4_15_7_1,0.5,0.7,0.3189820134512865
4_15_7_2,0.5,0.7,0.49396989267925867
4_15_7_3,0.5,0.7,0.3948932659670655
4_15_7_4,0.5,0.7,0.4284722225880636
4_15_7_5,0.5,0.7,0.46043756724101914
0_15_8_0,0.5,0.8,0.990445971544166
0_15_8_1,0.5,0.8,0.9629533600279969
0_15_8_2,0.5,0.8,0.9968707176406184
0_15_8_3,0.5,0.8,0.989816155729299
0_15_8_4,0.5,0.8,0.9513412616909016
0_15_8_5,0.5,0.8,0.9279659861058775
1_15_8_0,0.5,0.8,0.990445971544166
1_15_8_1,0.5,0.8,0.9804347673312034
1_15_8_2,0.5,0.8,0.9958128874597961
1_15_8_3,0.5,0.8,0.9914146516931558
1_15_8_4,0.5,0.8,0.9501459274730206
1_15_8_5,0.5,0.8,0.9103212397358723
2_15_8_0,0.5,0.8,0.990445971544166
2_15_8_1,0.5,0.8,0.9853734271441054
2_15_8_2,0.5,0.8,0.996250648947846
2_15_8_3,0.5,0.8,0.9886584560959419
2_15_8_4,0.5,0.8,0.9708557450334
2_15_8_5,0.5,0.8,0.9330207847327241
3_15_8_0,0.5,0.8,0.990445971544166
3_15_8_1,0.5,0.8,0.9672421528066041
3_15_8_2,0.5,0.8,0.993425240108571
3_15_8_3,0.5,0.8,0.9856895871284588
3_15_8_4,0.5,0.8,0.9069567602109605
3_15_8_5,0.5,0.8,0.9488467731868439
4_15_8_0,0.5,0.8,0.990445971544166
4_15_8_1,0.5,0.8,0.9669763025354597
4_15_8_2,0.5,0.8,0.995605560066587
4_15_8_3,0.5,0.8,0.9974448612275371
4_15_8_4,0.5,0.8,0.9668647685924951
4_15_8_5,0.5,0.8,0.9605242982199949
0_15_9_0,0.5,0.9,0.990445971544166
0_15_9_1,0.5,0.9,0.9629091144357447
0_15_9_2,0.5,0.9,0.9904605782511634
0_15_9_3,0.5,0.9,0.9911379239320415
0_15_9_4,0.5,0.9,0.9908449474914659
0_15_9_5,0.5,0.9,0.9903052520128787
1_15_9_0,0.5,0.9,0.990445971544166
1_15_9_1,0.5,0.9,0.9804347673312034
1_15_9_2,0.5,0.9,0.9959495846728491
1_15_9_3,0.5,0.9,0.9949767222605743
1_15_9_4,0.5,0.9,0.9705943877402411
1_15_9_5,0.5,0.9,0.9600050152354407
2_15_9_0,0.5,0.9,0.990445971544166
2_15_9_1,0.5,0.9,0.9853555193035506
2_15_9_2,0.5,0.9,0.9962340599312327
2_15_9_3,0.5,0.9,0.9947283501143491
2_15_9_4,0.5,0.9,0.9904233455727697
2_15_9_5,0.5,0.9,0.9807843070474446
3_15_9_0,0.5,0.9,0.990445971544166
3_15_9_1,0.5,0.9,0.9670143979929234
3_15_9_2,0.5,0.9,0.99048966330768
3_15_9_3,0.5,0.9,0.9857508665697732
3_15_9_4,0.5,0.9,0.9201907591576628
3_15_9_5,0.5,0.9,0.9696830255381015
4_15_9_0,0.5,0.9,0.990445971544166
4_15_9_1,0.5,0.9,0.9669763025354597
4_15_9_2,0.5,0.9,0.9952418533079791
4_15_9_3,0.5,0.9,0.9962735321368069
4_15_9_4,0.5,0.9,0.9889109423916155
4_15_9_5,0.5,0.9,0.9708306776506747
0_15_10_0,0.5,1.0,0.990445971544166
0_15_10_1,0.5,1.0,0.9629091144357447
0_15_10_2,0.5,1.0,0.9892798731954057
0_15_10_3,0.5,1.0,0.9912417819615429
0_15_10_4,0.5,1.0,0.9961519215251893
0_15_10_5,0.5,1.0,0.9905241322754774
1_15_10_0,0.5,1.0,0.990445971544166
1_15_10_1,0.5,1.0,0.9803690540444292
1_15_10_2,0.5,1.0,0.9897259328868966
1_15_10_3,0.5,1.0,0.9949291343788745
1_15_10_4,0.5,1.0,0.9829477960501998
1_15_10_5,0.5,1.0,0.9710999308474345
2_15_10_0,0.5,1.0,0.990445971544166
2_15_10_1,0.5,1.0,0.9853555193035506
2_15_10_2,0.5,1.0,0.9965613996890762
2_15_10_3,0.5,1.0,0.9951375104546695
2_15_10_4,0.5,1.0,0.9908466645079365
2_15_10_5,0.5,1.0,0.981027757983212
3_15_10_0,0.5,1.0,0.990445971544166
3_15_10_1,0.5,1.0,0.9669763025354597
3_15_10_2,0.5,1.0,0.9880080750333472
3_15_10_3,0.5,1.0,0.985819915017002
3_15_10_4,0.5,1.0,0.9199127789644485
3_15_10_5,0.5,1.0,0.9810150419482503
4_15_10_0,0.5,1.0,0.990445971544166
4_15_10_1,0.5,1.0,0.9669382579860956
4_15_10_2,0.5,1.0,0.9908664573398375
4_15_10_3,0.5,1.0,0.9953511217332903
4_15_10_4,0.5,1.0,0.9895721462096277
4_15_10_5,0.5,1.0,0.9803682262484379
0_16_0_0,0.6,0.0,4.4136487114828933e-08
0_16_0_1,0.6,0.0,1.6465022293701887e-11
0_16_0_2,0.6,0.0,1.4672127376833063e-17
0_16_0_3,0.6,0.0,5.758565682484494e-18
0_16_0_4,0.6,0.0,2.9800067404896897e-12
0_16_0_5,0.6,0.0,8.465040066073137e-11
1_16_0_0,0.6,0.0,4.4136487114828933e-08
1_16_0_1,0.6,0.0,6.548428842713379e-10
1_16_0_2,0.6,0.0,8.403808970557637e-13
1_16_0_3,0.6,0.0,6.57780004416656e-14
1_16_0_4,0.6,0.0,2.031721894873912e-17
1_16_0_5,0.6,0.0,1.2909463082444232e-10
2_16_0_0,0.6,0.0,3.597107396539865e-12
2_16_0_1,0.6,0.0,2.2016153317144672e-10
2_16_0_2,0.6,0.0,9.936803598022608e-15
2_16_0_3,0.6,0.0,8.789155949797548e-17
2_16_0_4,0.6,0.0,1.0920507940681158e-11
2_16_0_5,0.6,0.0,2.8435102362095667e-12
3_16_0_0,0.6,0.0,4.4136487114828933e-08
3_16_0_1,0.6,0.0,1.1437837607373568e-12
3_16_0_2,0.6,0.0,1.0347603914295798e-14
3_16_0_3,0.6,0.0,5.657487421399904e-15
3_16_0_4,0.6,0.0,9.686058834070038e-15
3_16_0_5,0.6,0.0,2.0781961970919722e-11
4_16_0_0,0.6,0.0,6.962256123896718e-13
4_16_0_1,0.6,0.0,1.2171820144881546e-11
4_16_0_2,0.6,0.0,3.6613825941407025e-13
4_16_0_3,0.6,0.0,5.950090969369896e-13
4_16_0_4,0.6,0.0,2.0517995548473362e-14
4_16_0_5,0.6,0.0,3.59166145903574e-11
0_16_1_0,0.6,0.1,4.323153135973672e-07
0_16_1_1,0.6,0.1,5.985393363290867e-10
0_16_1_2,0.6,0.1,2.891439899893249e-14
0_16_1_3,0.6,0.1,1.1698651669496093e-14
0_16_1_4,0.6,0.1,2.2091720002433871e-10
0_16_1_5,0.6,0.1,1.720304649553724e-09
1_16_1_0,0.6,0.1,4.753973310994695e-07
1_16_1_1,0.6,0.1,4.186774101977523e-08
1_16_1_2,0.6,0.1,4.780587350570206e-11
1_16_1_3,0.6,0.1,6.298991254777554e-10
1_16_1_4,0.6,0.1,1.085185552302691e-14
1_16_1_5,0.6,0.1,1.466797554957391e-08
2_16_1_0,0.6,0.1,4.323153135973672e-07
2_16_1_1,0.6,0.1,4.522235024560282e-09
2_16_1_2,0.6,0.1,1.4285741264087906e-12
2_16_1_3,0.6,0.1,1.3760151954163496e-15
2_16_1_4,0.6,0.1,4.12863231333712e-11
2_16_1_5,0.6,0.1,7.097657707968453e-10
3_16_1_0,0.6,0.1,4.3347026210112036e-07
3_16_1_1,0.6,0.1,6.617284613582527e-11
3_16_1_2,0.6,0.1,7.868717973437555e-13
3_16_1_3,0.6,0.1,1.7059359407419383e-12
3_16_1_4,0.6,0.1,3.022241617222245e-13
3_16_1_5,0.6,0.1,2.4042460814885623e-11
4_16_1_0,0.6,0.1,2.0357331779860324e-08
4_16_1_1,0.6,0.1,9.091502847798392e-09
4_16_1_2,0.6,0.1,1.198530898032172e-10
4_16_1_3,0.6,0.1,7.533054841694775e-11
4_16_1_4,0.6,0.1,7.733524501433248e-12
4_16_1_5,0.6,0.1,7.396902340939745e-09
0_16_2_0,0.6,0.2,2.227329976442001e-08
0_16_2_1,0.6,0.2,6.542963911388251e-09
0_16_2_2,0.6,0.2,2.5232362759572165e-11
0_16_2_3,0.6,0.2,6.52700601592214e-13
0_16_2_4,0.6,0.2,2.7724806545181606e-08
0_16_2_5,0.6,0.2,3.324670493174448e-08
1_16_2_0,0.6,0.2,3.686690402004108e-07
1_16_2_1,0.6,0.2,1.2118924066461106e-06
1_16_2_2,0.6,0.2,5.459323643423711e-09
1_16_2_3,0.6,0.2,1.5385525937257306e-08
1_16_2_4,0.6,0.2,5.867745586890253e-11
1_16_2_5,0.6,0.2,4.413847967026615e-07
2_16_2_0,0.6,0.2,1.956075430894596e-06
2_16_2_1,0.6,0.2,1.328210224689706e-08
2_16_2_2,0.6,0.2,5.000768618797286e-09
2_16_2_3,0.6,0.2,1.1125180051389924e-13
2_16_2_4,0.6,0.2,6.09025359211338e-09
2_16_2_5,0.6,0.2,2.88262919794594e-08
3_16_2_0,0.6,0.2,8.647696130909963e-08
3_16_2_1,0.6,0.2,1.936524440737614e-09
3_16_2_2,0.6,0.2,2.3672507431232464e-10
3_16_2_3,0.6,0.2,4.454989309558044e-10
3_16_2_4,0.6,0.2,1.8725643808391689e-10
3_16_2_5,0.6,0.2,3.5871223166348985e-08
4_16_2_0,0.6,0.2,1.956075430894596e-06
4_16_2_1,0.6,0.2,1.1734086472984917e-07
4_16_2_2,0.6,0.2,3.258188740809109e-09
4_16_2_3,0.6,0.2,3.333316664695621e-10
4_16_2_4,0.6,0.2,3.799890954291162e-10
4_16_2_5,0.6,0.2,8.066591457772213e-08
0_16_3_0,0.6,0.3,3.458946937032036e-07
0_16_3_1,0.6,0.3,3.0145824897434766e-06
0_16_3_2,0.6,0.3,1.0188999926673887e-08
0_16_3_3,0.6,0.3,1.0561402875764432e-09
0_16_3_4,0.6,0.3,2.225174816840627e-06
0_16_3_5,0.6,0.3,8.288008991606717e-07
1_16_3_0,0.6,0.3,6.257742504763408e-07
1_16_3_1,0.6,0.3,1.4696015733192233e-05
1_16_3_2,0.6,0.3,4.2760571376492064e-07
1_16_3_3,0.6,0.3,1.3420510668022317e-06
1_16_3_4,0.6,0.3,9.29972691528177e-08
1_16_3_5,0.6,0.3,7.841384990991405e-06
2_16_3_0,0.6,0.3,5.899037125409699e-06
2_16_3_1,0.6,0.3,1.449907713964076e-06
2_16_3_2,0.6,0.3,4.467826479688647e-08
2_16_3_3,0.6,0.3,1.8096996920364028e-09
2_16_3_4,0.6,0.3,3.0983319033257325e-08
2_16_3_5,0.6,0.3,3.3841693926312813e-07
3_16_3_0,0.6,0.3,4.7263564250788757e-07
3_16_3_1,0.6,0.3,1.4677415383251417e-06
3_16_3_2,0.6,0.3,1.293838479879833e-07
3_16_3_3,0.6,0.3,3.9182804006042506e-08
3_16_3_4,0.6,0.3,3.5020013337826994e-08
3_16_3_5,0.6,0.3,1.8023519753209817e-06
4_16_3_0,0.6,0.3,5.851932033296055e-06
4_16_3_1,0.6,0.3,1.9284563304062023e-06
4_16_3_2,0.6,0.3,1.2348130440437942e-07
4_16_3_3,0.6,0.3,6.008309836220529e-09
4_16_3_4,0.6,0.3,5.609085986801571e-08
4_16_3_5,0.6,0.3,2.61527197561139e-06
0_16_4_0,0.6,0.4,1.3604957743563756e-05
0_16_4_1,0.6,0.4,7.501008185923794e-05
0_16_4_2,0.6,0.4,6.253119213901647e-06
0_16_4_3,0.6,0.4,1.568771275015795e-07
0_16_4_4,0.6,0.4,7.343122998311818e-05
0_16_4_5,0.6,0.4,8.828450041358741e-05
1_16_4_0,0.6,0.4,4.877850546921771e-05
1_16_4_1,0.6,0.4,8.34078205449206e-05
1_16_4_2,0.6,0.4,1.7663078076200443e-05
1_16_4_3,0.6,0.4,2.2298030409182614e-05
1_16_4_4,0.6,0.4,6.413632453983389e-07
1_16_4_5,0.6,0.4,7.446251791466194e-05
2_16_4_0,0.6,0.4,1.1581660637691121e-05
2_16_4_1,0.6,0.4,2.168502798385813e-05
2_16_4_2,0.6,0.4,4.838716185757774e-06
2_16_4_3,0.6,0.4,1.1737665804002019e-06
2_16_4_4,0.6,0.4,1.2098552462142855e-06
2_16_4_5,0.6,0.4,6.672375492818714e-06
3_16_4_0,0.6,0.4,1.2003532919687151e-05
3_16_4_1,0.6,0.4,5.487989766560093e-05
3_16_4_2,0.6,0.4,8.15157631370324e-06
3_16_4_3,0.6,0.4,4.927195453025224e-07
3_16_4_4,0.6,0.4,7.025990828922629e-07
3_16_4_5,0.6,0.4,2.9372240577684394e-05
4_16_4_0,0.6,0.4,1.9953875100938064e-05
4_16_4_1,0.6,0.4,7.888189409962143e-05
4_16_4_2,0.6,0.4,2.049150651797708e-05
4_16_4_3,0.6,0.4,9.311167012593585e-07
4_16_4_4,0.6,0.4,5.28401994385141e-06
4_16_4_5,0.6,0.4,0.00014231645480955514
0_16_5_0,0.6,0.5,0.0014925289768397084
0_16_5_1,0.6,0.5,0.0039928702826354055
0_16_5_2,0.6,0.5,0.0005907292936454132
0_16_5_3,0.6,0.5,6.230090159584737e-05
0_16_5_4,0.6,0.5,0.001650363145144087
0_16_5_5,0.6,0.5,0.003239468352204783
1_16_5_0,0.6,0.5,0.00027045907664584106
1_16_5_1,0.6,0.5,0.0024152748336729187
1_16_5_2,0.6,0.5,0.0016968742420105615
1_16_5_3,0.6,0.5,0.0005363649111035984
1_16_5_4,0.6,0.5,0.00033245007737973985
1_16_5_5,0.6,0.5,0.001475536245886989
2_16_5_0,0.6,0.5,0.0034376139577140525
2_16_5_1,0.6,0.5,0.0032802109132306716
2_16_5_2,0.6,0.5,0.00047324195183671915
2_16_5_3,0.6,0.5,0.00018398455775107345
2_16_5_4,0.6,0.5,0.0011473381263445617
2_16_5_5,0.6,0.5,0.000635813423356133
3_16_5_0,0.6,0.5,0.0003766611562485842
3_16_5_1,0.6,0.5,0.0013613629596089883
3_16_5_2,0.6,0.5,0.0001588502745716062
3_16_5_3,0.6,0.5,0.00010283206227444176
3_16_5_4,0.6,0.5,0.0002182476942463655
3_16_5_5,0.6,0.5,0.0005062092786223526
4_16_5_0,0.6,0.5,0.0021305617498896534
4_16_5_1,0.6,0.5,0.0019264865153961986
4_16_5_2,0.6,0.5,0.00029557221685178406
4_16_5_3,0.6,0.5,0.0004988262773390715
4_16_5_4,0.6,0.5,0.0006954644725013135
4_16_5_5,0.6,0.5,0.0012929986832713489
0_16_6_0,0.6,0.6,0.023314824047364985
0_16_6_1,0.6,0.6,0.05824346112141418
0_16_6_2,0.6,0.6,0.0111078649369797
0_16_6_3,0.6,0.6,0.01015740259413396
0_16_6_4,0.6,0.6,0.043154389566124655
0_16_6_5,0.6,0.6,0.030896717896241283
1_16_6_0,0.6,0.6,0.0077890956326114565
1_16_6_1,0.6,0.6,0.03883970150605893
1_16_6_2,0.6,0.6,0.017229369419654934
1_16_6_3,0.6,0.6,0.023444672143038955
1_16_6_4,0.6,0.6,0.003876929014541365
1_16_6_5,0.6,0.6,0.033317064673960714
2_16_6_0,0.6,0.6,0.02430361101366471
2_16_6_1,0.6,0.6,0.04061476826740927
2_16_6_2,0.6,0.6,0.023394918229376838
2_16_6_3,0.6,0.6,0.016085241218368414
2_16_6_4,0.6,0.6,0.017066357583220743
2_16_6_5,0.6,0.6,0.021588143353020364
3_16_6_0,0.6,0.6,0.03292254637205173
3_16_6_1,0.6,0.6,0.051746673865337475
3_16_6_2,0.6,0.6,0.020801803921461713
3_16_6_3,0.6,0.6,0.008152357045389559
3_16_6_4,0.6,0.6,0.024727084275611474
3_16_6_5,0.6,0.6,0.02719396413000019
4_16_6_0,0.6,0.6,0.026562251068987006
4_16_6_1,0.6,0.6,0.045385988036698625
4_16_6_2,0.6,0.6,0.02845052067235629
4_16_6_3,0.6,0.6,0.02728049423806244
4_16_6_4,0.6,0.6,0.01573503743226578
4_16_6_5,0.6,0.6,0.03361268262899116
0_16_7_0,0.6,0.7,0.16581699326343396
0_16_7_1,0.6,0.7,0.3247964247478542
0_16_7_2,0.6,0.7,0.26951420815593674
0_16_7_3,0.6,0.7,0.24539981427638397
0_16_7_4,0.6,0.7,0.3623059892116263
0_16_7_5,0.6,0.7,0.332949713597551
1_16_7_0,0.6,0.7,0.26671502170928474
1_16_7_1,0.6,0.7,0.3208130026681622
1_16_7_2,0.6,0.7,0.2743940195526673
1_16_7_3,0.6,0.7,0.38232642677786766
1_16_7_4,0.6,0.7,0.34748112104424234
1_16_7_5,0.6,0.7,0.29139565097193376
2_16_7_0,0.6,0.7,0.2774555000609992
2_16_7_1,0.6,0.7,0.3507146443709495
2_16_7_2,0.6,0.7,0.3886559553071306
2_16_7_3,0.6,0.7,0.3655664274865906
2_16_7_4,0.6,0.7,0.2936546186813531
2_16_7_5,0.6,0.7,0.3745104573918443
3_16_7_0,0.6,0.7,0.41416119066597995
3_16_7_1,0.6,0.7,0.4506766420296942
3_16_7_2,0.6,0.7,0.4169420283525175
3_16_7_3,0.6,0.7,0.40963661217423064
3_16_7_4,0.6,0.7,0.47185277499986034
3_16_7_5,0.6,0.7,0.40104074139205065
4_16_7_0,0.6,0.7,0.46223770799559255
4_16_7_1,0.6,0.7,0.5341041460293213
4_16_7_2,0.6,0.7,0.6104844808751856
4_16_7_3,0.6,0.7,0.5852345007315998
4_16_7_4,0.6,0.7,0.5452753027371551
4_16_7_5,0.6,0.7,0.5277940495356858
0_16_8_0,0.6,0.8,0.990445971544166
0_16_8_1,0.6,0.8,0.9629091144357447
0_16_8_2,0.6,0.8,0.9794196749668318
0_16_8_3,0.6,0.8,0.9957799096637249
0_16_8_4,0.6,0.8,0.9834133915274497
0_16_8_5,0.6,0.8,0.9841846483650588
1_16_8_0,0.6,0.8,0.990445971544166
1_16_8_1,0.6,0.8,0.9803690540444292
1_16_8_2,0.6,0.8,0.978406755537046
1_16_8_3,0.6,0.8,0.9949435365403038
1_16_8_4,0.6,0.8,0.9645392068503453
1_16_8_5,0.6,0.8,0.97980814162692
2_16_8_0,0.6,0.8,0.990445971544166
2_16_8_1,0.6,0.8,0.9909874088413233
2_16_8_2,0.6,0.8,0.9736085788506387
2_16_8_3,0.6,0.8,0.9966083415222953
2_16_8_4,0.6,0.8,0.9893658920077615
2_16_8_5,0.6,0.8,0.9220521393519692
3_16_8_0,0.6,0.8,0.990445971544166
3_16_8_1,0.6,0.8,0.9713088372096602
3_16_8_2,0.6,0.8,0.9667391344762043
3_16_8_3,0.6,0.8,0.9999998341477725
3_16_8_4,0.6,0.8,0.9076544830197367
3_16_8_5,0.6,0.8,0.9748213433567436
4_16_8_0,0.6,0.8,0.990445971544166
4_16_8_1,0.6,0.8,0.9803482734529997
4_16_8_2,0.6,0.8,0.9745261866965632
4_16_8_3,0.6,0.8,0.9975652113127887
4_16_8_4,0.6,0.8,0.9653338138199857
4_16_8_5,0.6,0.8,0.970122436179844
0_16_9_0,0.6,0.9,0.990445971544166
0_16_9_1,0.6,0.9,0.9629091144357447
0_16_9_2,0.6,0.9,0.9768837375211042
0_16_9_3,0.6,0.9,0.9963971047327951
0_16_9_4,0.6,0.9,0.9958975708429811
0_16_9_5,0.6,0.9,0.9965955348905042
1_16_9_0,0.6,0.9,0.990445971544166
1_16_9_1,0.6,0.9,0.9803482734529997
1_16_9_2,0.6,0.9,0.9730701232352328
1_16_9_3,0.6,0.9,0.9951096166703294
1_16_9_4,0.6,0.9,0.9808025614033204
1_16_9_5,0.6,0.9,0.9904275831310566
2_16_9_0,0.6,0.9,0.990445971544166
2_16_9_1,0.6,0.9,0.9909874088413233
2_16_9_2,0.6,0.9,0.9707342796342224
2_16_9_3,0.6,0.9,0.9962041729957185
2_16_9_4,0.6,0.9,0.9933593957416533
2_16_9_5,0.6,0.9,0.9900774880492219
3_16_9_0,0.6,0.9,0.990445971544166
3_16_9_1,0.6,0.9,0.971276683657923
3_16_9_2,0.6,0.9,0.9643843923326517
3_16_9_3,0.6,0.9,0.9999953400331304
3_16_9_4,0.6,0.9,0.9989401704581773
3_16_9_5,0.6,0.9,0.9958161015638544
4_16_9_0,0.6,0.9,0.990445971544166
4_16_9_1,0.6,0.9,0.9803482734529997
4_16_9_2,0.6,0.9,0.9678632742693454
4_16_9_3,0.6,0.9,0.9949124243087475
4_16_9_4,0.6,0.9,0.9899996537734057
4_16_9_5,0.6,0.9,0.9897265262359479
0_16_10_0,0.6,1.0,0.990445971544166
0_16_10_1,0.6,1.0,0.9628649229127978
0_16_10_2,0.6,1.0,0.9749962327265755
0_16_10_3,0.6,1.0,0.9968178044852832
0_16_10_4,0.6,1.0,0.9969277617650675
0_16_10_5,0.6,1.0,0.9968045970262613
1_16_10_0,0.6,1.0,0.990445971544166
1_16_10_1,0.6,1.0,0.9803482734529997
1_16_10_2,0.6,1.0,0.9664401971012568
1_16_10_3,0.6,1.0,0.9952268966592911
1_16_10_4,0.6,1.0,0.9912097922210531
1_16_10_5,0.6,1.0,0.9908081328687217
2_16_10_0,0.6,1.0,0.990445971544166
2_16_10_1,0.6,1.0,0.9909696896584391
2_16_10_2,0.6,1.0,0.9695673000581457
2_16_10_3,0.6,1.0,0.9962263397607652
2_16_10_4,0.6,1.0,0.9929180607002892
2_16_10_5,0.6,1.0,0.9925644049710329
3_16_10_0,0.6,1.0,0.990445971544166
3_16_10_1,0.6,1.0,0.971276683657923
3_16_10_2,0.6,1.0,0.9624168970868643
3_16_10_3,0.6,1.0,0.9999764282692873
3_16_10_4,0.6,1.0,0.998922742503936
3_16_10_5,0.6,1.0,0.9950896777867291
4_16_10_0,0.6,1.0,0.990445971544166
4_16_10_1,0.6,1.0,0.9803482734529997
4_16_10_2,0.6,1.0,0.9658545426572349
4_16_10_3,0.6,1.0,0.9951300017536108
4_16_10_4,0.6,1.0,0.9899994994656343
4_16_10_5,0.6,1.0,0.9894380118128949
0_17_0_0,0.7,0.0,4.859925744208137e-07
0_17_0_1,0.7,0.0,3.6742694555975563e-10
0_17_0_2,0.7,0.0,3.38230880521546e-13
0_17_0_3,0.7,0.0,7.558368201263671e-16
0_17_0_4,0.7,0.0,4.31419565727701e-13
0_17_0_5,0.7,0.0,2.0308474788769386e-10
1_17_0_0,0.7,0.0,4.859925744208137e-07
1_17_0_1,0.7,0.0,2.6035712218163857e-08
1_17_0_2,0.7,0.0,6.942059888543872e-11
1_17_0_3,0.7,0.0,6.8193653461187525e-15
1_17_0_4,0.7,0.0,1.5911494901046415e-14
1_17_0_5,0.7,0.0,6.764161508212208e-10
2_17_0_0,0.7,0.0,4.323153135973672e-07
2_17_0_1,0.7,0.0,5.690106047300526e-09
2_17_0_2,0.7,0.0,1.2479029432531799e-11
2_17_0_3,0.7,0.0,3.508898702861552e-16
2_17_0_4,0.7,0.0,8.855026896727628e-14
2_17_0_5,0.7,0.0,9.114521661835432e-11
3_17_0_0,0.7,0.0,4.859925744208137e-07
3_17_0_1,0.7,0.0,1.9751387813774757e-10
3_17_0_2,0.7,0.0,6.399083042365512e-12
3_17_0_3,0.7,0.0,2.766546607464753e-14
3_17_0_4,0.7,0.0,3.4263215120453133e-14
3_17_0_5,0.7,0.0,1.863183477479361e-10
4_17_0_0,0.7,0.0,4.323153135973672e-07
4_17_0_1,0.7,0.0,3.5942637953793326e-09
4_17_0_2,0.7,0.0,3.939887700885759e-11
4_17_0_3,0.7,0.0,1.7161756374843796e-14
4_17_0_4,0.7,0.0,3.147279257788022e-13
4_17_0_5,0.7,0.0,5.48870577339849e-10
0_17_1_0,0.7,0.1,2.1548425741092835e-06
0_17_1_1,0.7,0.1,3.9920966973214055e-08
0_17_1_2,0.7,0.1,5.50763788754902e-11
0_17_1_3,0.7,0.1,6.566956668604068e-13
0_17_1_4,0.7,0.1,2.51694360049582e-10
0_17_1_5,0.7,0.1,1.2561786701046958e-08
1_17_1_0,0.7,0.1,6.039705594592203e-08
1_17_1_1,0.7,0.1,1.166764554058652e-06
1_17_1_2,0.7,0.1,2.0881835392644265e-09
1_17_1_3,0.7,0.1,3.145723330249983e-11
1_17_1_4,0.7,0.1,2.461450236246063e-11
1_17_1_5,0.7,0.1,1.4999488834553972e-08
2_17_1_0,0.7,0.1,1.9725647075564934e-06
2_17_1_1,0.7,0.1,1.3262143281790998e-07
2_17_1_2,0.7,0.1,1.1164950926112798e-09
2_17_1_3,0.7,0.1,9.909648498939496e-15
2_17_1_4,0.7,0.1,3.507821263180428e-12
2_17_1_5,0.7,0.1,9.278137742953421e-09
3_17_1_0,0.7,0.1,3.341523097212116e-08
3_17_1_1,0.7,0.1,1.5366813406365226e-08
3_17_1_2,0.7,0.1,5.5175039233100876e-11
3_17_1_3,0.7,0.1,7.696069967636862e-12
3_17_1_4,0.7,0.1,4.7238644893686626e-12
3_17_1_5,0.7,0.1,9.743165256217016e-10
4_17_1_0,0.7,0.1,1.956075430894596e-06
4_17_1_1,0.7,0.1,2.3207679594007408e-07
4_17_1_2,0.7,0.1,6.480355161040683e-09
4_17_1_3,0.7,0.1,1.4644698649838422e-11
4_17_1_4,0.7,0.1,2.962450352661181e-12
4_17_1_5,0.7,0.1,1.0194754520785892e-08
0_17_2_0,0.7,0.2,6.921086622399467e-07
0_17_2_1,0.7,0.2,6.554535752539114e-07
0_17_2_2,0.7,0.2,4.108829409534518e-09
0_17_2_3,0.7,0.2,2.595033542798129e-10
0_17_2_4,0.7,0.2,2.7956229044904726e-08
0_17_2_5,0.7,0.2,2.6779722534076664e-07
1_17_2_0,0.7,0.2,4.383236520623787e-06
1_17_2_1,0.7,0.2,4.298534766754025e-06
1_17_2_2,0.7,0.2,5.083714027155317e-08
1_17_2_3,0.7,0.2,2.2035091946680167e-09
1_17_2_4,0.7,0.2,1.915460714752989e-09
1_17_2_5,0.7,0.2,5.226388257343589e-07
2_17_2_0,0.7,0.2,6.257675765370133e-07
2_17_2_1,0.7,0.2,8.536604164830126e-08
2_17_2_2,0.7,0.2,2.8141496280702523e-08
2_17_2_3,0.7,0.2,1.1375926845170022e-10
2_17_2_4,0.7,0.2,3.372454162857416e-10
2_17_2_5,0.7,0.2,5.747655236613852e-08
3_17_2_0,0.7,0.2,1.425155052303264e-06
3_17_2_1,0.7,0.2,3.098634946468489e-07
3_17_2_2,0.7,0.2,1.0020057468572096e-08
3_17_2_3,0.7,0.2,3.953429101501805e-10
3_17_2_4,0.7,0.2,2.7326044056170067e-08
3_17_2_5,0.7,0.2,2.0915753733814097e-07
4_17_2_0,0.7,0.2,5.918661291388117e-06
4_17_2_1,0.7,0.2,4.026517278364198e-05
4_17_2_2,0.7,0.2,7.496119046967048e-08
4_17_2_3,0.7,0.2,8.834469963906517e-10
4_17_2_4,0.7,0.2,4.855953560735743e-10
4_17_2_5,0.7,0.2,2.0905871429539852e-07
0_17_3_0,0.7,0.3,2.7023517784060997e-06
0_17_3_1,0.7,0.3,6.48900942560191e-05
0_17_3_2,0.7,0.3,3.0915483719723576e-07
0_17_3_3,0.7,0.3,2.9498775644599973e-07
0_17_3_4,0.7,0.3,3.747052784226055e-07
0_17_3_5,0.7,0.3,8.50313915434305e-06
1_17_3_0,0.7,0.3,1.4658097227241179e-05
1_17_3_1,0.7,0.3,3.652935465305341e-05
1_17_3_2,0.7,0.3,2.4235538744522615e-06
1_17_3_3,0.7,0.3,6.052722391344935e-06
1_17_3_4,0.7,0.3,6.591955669239359e-09
1_17_3_5,0.7,0.3,1.1197206052596685e-05
2_17_3_0,0.7,0.3,1.4507177534093595e-05
2_17_3_1,0.7,0.3,1.4949981041368326e-05
2_17_3_2,0.7,0.3,1.405075269545543e-06
2_17_3_3,0.7,0.3,1.1057892041491651e-07
2_17_3_4,0.7,0.3,4.222662275238917e-08
2_17_3_5,0.7,0.3,1.6492570518059527e-06
3_17_3_0,0.7,0.3,8.852872909206538e-05
3_17_3_1,0.7,0.3,1.713199845634526e-05
3_17_3_2,0.7,0.3,1.5491499800703795e-06
3_17_3_3,0.7,0.3,3.488873722001017e-07
3_17_3_4,0.7,0.3,7.223138193774253e-08
3_17_3_5,0.7,0.3,5.166020907781358e-06
4_17_3_0,0.7,0.3,1.3702893186547136e-05
4_17_3_1,0.7,0.3,3.171442450266677e-05
4_17_3_2,0.7,0.3,4.309110228535409e-06
4_17_3_3,0.7,0.3,2.396932332987451e-07
4_17_3_4,0.7,0.3,1.4035440070549788e-07
4_17_3_5,0.7,0.3,1.8645733328871717e-06
0_17_4_0,0.7,0.4,4.7535058008794354e-05
0_17_4_1,0.7,0.4,0.000516926844580271
0_17_4_2,0.7,0.4,3.2243468465758315e-05
0_17_4_3,0.7,0.4,0.00013579953609133244
0_17_4_4,0.7,0.4,1.9648333150568438e-05
0_17_4_5,0.7,0.4,0.0002339265309443411
1_17_4_0,0.7,0.4,3.783977110039502e-05
1_17_4_1,0.7,0.4,0.0005415989075962511
1_17_4_2,0.7,0.4,9.353320311775756e-05
1_17_4_3,0.7,0.4,0.00020688454080457574
1_17_4_4,0.7,0.4,1.2346466654458363e-05
1_17_4_5,0.7,0.4,9.935819256144642e-05
2_17_4_0,0.7,0.4,0.0005469841877378609
2_17_4_1,0.7,0.4,0.00023096617488638468
2_17_4_2,0.7,0.4,1.5377803371677632e-05
2_17_4_3,0.7,0.4,4.110800824867356e-05
2_17_4_4,0.7,0.4,1.3337791796228035e-05
2_17_4_5,0.7,0.4,6.503071070534895e-05
3_17_4_0,0.7,0.4,0.00010944480502717412
3_17_4_1,0.7,0.4,0.0003658100008416832
3_17_4_2,0.7,0.4,5.8592348656271454e-05
3_17_4_3,0.7,0.4,9.712403258843813e-06
3_17_4_4,0.7,0.4,1.0151213080180993e-05
3_17_4_5,0.7,0.4,3.9748816138985406e-05
4_17_4_0,0.7,0.4,0.00014250021395359493
4_17_4_1,0.7,0.4,0.0007985380047852141
4_17_4_2,0.7,0.4,0.00011119369336036925
4_17_4_3,0.7,0.4,1.1972862158416026e-05
4_17_4_4,0.7,0.4,3.8990075561139015e-05
4_17_4_5,0.7,0.4,0.00016009114148261787
0_17_5_0,0.7,0.5,0.0021343221541455693
0_17_5_1,0.7,0.5,0.009724493650706474
0_17_5_2,0.7,0.5,0.0012011990712946148
0_17_5_3,0.7,0.5,0.002551411174735862
0_17_5_4,0.7,0.5,0.002350402030046914
0_17_5_5,0.7,0.5,0.0044459153391951094
1_17_5_0,0.7,0.5,0.0009388058475371609
1_17_5_1,0.7,0.5,0.007283245463817895
1_17_5_2,0.7,0.5,0.0037483613983682646
1_17_5_3,0.7,0.5,0.0018499584682785427
1_17_5_4,0.7,0.5,0.000381213785731072
1_17_5_5,0.7,0.5,0.003124674554082823
2_17_5_0,0.7,0.5,0.003090152257259715
2_17_5_1,0.7,0.5,0.011172485776684091
2_17_5_2,0.7,0.5,0.0017056488007586932
2_17_5_3,0.7,0.5,0.0020637527977555
2_17_5_4,0.7,0.5,0.0006774397506362891
2_17_5_5,0.7,0.5,0.0007689728551718928
3_17_5_0,0.7,0.5,0.0013489376691052158
3_17_5_1,0.7,0.5,0.0064008770798234015
3_17_5_2,0.7,0.5,0.001234737309957371
3_17_5_3,0.7,0.5,0.001213193397398813
3_17_5_4,0.7,0.5,0.0005355377055021732
3_17_5_5,0.7,0.5,0.0017105936011999833
4_17_5_0,0.7,0.5,0.0014273559700490864
4_17_5_1,0.7,0.5,0.006640022907750485
4_17_5_2,0.7,0.5,0.0033840182919212263
4_17_5_3,0.7,0.5,0.0010340080792476708
4_17_5_4,0.7,0.5,0.000798606682118026
4_17_5_5,0.7,0.5,0.0018762679705787689
0_17_6_0,0.7,0.6,0.04460719134762914
0_17_6_1,0.7,0.6,0.08728602604579995
0_17_6_2,0.7,0.6,0.0465571075339709
0_17_6_3,0.7,0.6,0.030971893006477014
0_17_6_4,0.7,0.6,0.021293051143827242
0_17_6_5,0.7,0.6,0.04050278867051896
1_17_6_0,0.7,0.6,0.00966169079968549
1_17_6_1,0.7,0.6,0.06301686502109966
1_17_6_2,0.7,0.6,0.060242211108532236
1_17_6_3,0.7,0.6,0.03421014654836581
1_17_6_4,0.7,0.6,0.012862594026973248
1_17_6_5,0.7,0.6,0.037032445793294295
2_17_6_0,0.7,0.6,0.028852304683201758
2_17_6_1,0.7,0.6,0.07210417264212578
2_17_6_2,0.7,0.6,0.02273356754757764
2_17_6_3,0.7,0.6,0.03200230387150678
2_17_6_4,0.7,0.6,0.02000744168702676
2_17_6_5,0.7,0.6,0.021805086091749307
3_17_6_0,0.7,0.6,0.06025932684145498
3_17_6_1,0.7,0.6,0.0937382937773873
3_17_6_2,0.7,0.6,0.047995173411098144
3_17_6_3,0.7,0.6,0.05733154063717734
3_17_6_4,0.7,0.6,0.02849586010015258
3_17_6_5,0.7,0.6,0.050265535115088134
4_17_6_0,0.7,0.6,0.05364671897704881
4_17_6_1,0.7,0.6,0.07644874760003346
4_17_6_2,0.7,0.6,0.04954257088464155
4_17_6_3,0.7,0.6,0.05258059560269766
4_17_6_4,0.7,0.6,0.047271853618766894
4_17_6_5,0.7,0.6,0.05908531941921409
0_17_7_0,0.7,0.7,0.33624577533569694
0_17_7_1,0.7,0.7,0.39678324554546013
0_17_7_2,0.7,0.7,0.3514767583764929
0_17_7_3,0.7,0.7,0.2698142807874961
0_17_7_4,0.7,0.7,0.4380576983053417
0_17_7_5,0.7,0.7,0.4148810988368663
1_17_7_0,0.7,0.7,0.2750385826942393
1_17_7_1,0.7,0.7,0.32661835713349674
1_17_7_2,0.7,0.7,0.4108675735276972
1_17_7_3,0.7,0.7,0.30146067012292543
1_17_7_4,0.7,0.7,0.38299490748101883
1_17_7_5,0.7,0.7,0.5036130527279795
2_17_7_0,0.7,0.7,0.33777033452938576
2_17_7_1,0.7,0.7,0.3986553030953262
2_17_7_2,0.7,0.7,0.30885141487415435
2_17_7_3,0.7,0.7,0.40696755281796293
2_17_7_4,0.7,0.7,0.46773613046774454
2_17_7_5,0.7,0.7,0.405940620104431
3_17_7_0,0.7,0.7,0.45697222668576104
3_17_7_1,0.7,0.7,0.49879821326582957
3_17_7_2,0.7,0.7,0.5500400656319607
3_17_7_3,0.7,0.7,0.64758441422551
3_17_7_4,0.7,0.7,0.5269725171521471
3_17_7_5,0.7,0.7,0.5879910484027145
4_17_7_0,0.7,0.7,0.990445971544166
4_17_7_1,0.7,0.7,0.8110764032598304
4_17_7_2,0.7,0.7,0.5375816177469027
4_17_7_3,0.7,0.7,0.6201599393617783
4_17_7_4,0.7,0.7,0.5170567783992587
4_17_7_5,0.7,0.7,0.6599249412961475
0_17_8_0,0.7,0.8,0.990445971544166
0_17_8_1,0.7,0.8,0.9852111684724323
0_17_8_2,0.7,0.8,0.9733608989015996
0_17_8_3,0.7,0.8,0.9966526591591175
0_17_8_4,0.7,0.8,0.9883258017051404
0_17_8_5,0.7,0.8,0.9892885292303515
1_17_8_0,0.7,0.8,0.990445971544166
1_17_8_1,0.7,0.8,0.9852111684724323
1_17_8_2,0.7,0.8,0.9683930828079101
1_17_8_3,0.7,0.8,0.9999266178320075
1_17_8_4,0.7,0.8,0.9951668870852912
1_17_8_5,0.7,0.8,0.966363085342455
2_17_8_0,0.7,0.8,0.990445971544166
2_17_8_1,0.7,0.8,0.9909874088413233
2_17_8_2,0.7,0.8,0.9610017237045878
2_17_8_3,0.7,0.8,0.9999342877907894
2_17_8_4,0.7,0.8,0.9969412420658053
2_17_8_5,0.7,0.8,0.9692637123127781
3_17_8_0,0.7,0.8,0.990445971544166
3_17_8_1,0.7,0.8,0.9803690540444292
3_17_8_2,0.7,0.8,0.9649509663154968
3_17_8_3,0.7,0.8,0.9999443860691588
3_17_8_4,0.7,0.8,0.976511765959605
3_17_8_5,0.7,0.8,0.954197232542469
4_17_8_0,0.7,0.8,0.990445971544166
4_17_8_1,0.7,0.8,0.9852111684724323
4_17_8_2,0.7,0.8,0.9622803144013365
4_17_8_3,0.7,0.8,0.9996291370781586
4_17_8_4,0.7,0.8,0.9898009945237595
4_17_8_5,0.7,0.8,0.9653867871327154
0_17_9_0,0.7,0.9,0.990445971544166
0_17_9_1,0.7,0.9,0.9852111684724323
0_17_9_2,0.7,0.9,0.9726429009152373
0_17_9_3,0.7,0.9,0.996102527847562
0_17_9_4,0.7,0.9,0.9954579543622236
0_17_9_5,0.7,0.9,0.9977128250045955
1_17_9_0,0.7,0.9,0.990445971544166
1_17_9_1,0.7,0.9,0.9852111684724323
1_17_9_2,0.7,0.9,0.962270341447774
1_17_9_3,0.7,0.9,0.9994917593925168
1_17_9_4,0.7,0.9,0.9952058407888443
1_17_9_5,0.7,0.9,0.997494275553567
2_17_9_0,0.7,0.9,0.990445971544166
2_17_9_1,0.7,0.9,0.9909696896584391
2_17_9_2,0.7,0.9,0.9568553171688925
2_17_9_3,0.7,0.9,0.9992570479516081
2_17_9_4,0.7,0.9,0.9999999861145685
2_17_9_5,0.7,0.9,0.9862785057068963
3_17_9_0,0.7,0.9,0.990445971544166
3_17_9_1,0.7,0.9,0.9803482734529997
3_17_9_2,0.7,0.9,0.9598092913640499
3_17_9_3,0.7,0.9,0.9996516261191227
3_17_9_4,0.7,0.9,0.9954034816728385
3_17_9_5,0.7,0.9,0.9999999920745839
4_17_9_0,0.7,0.9,0.990445971544166
4_17_9_1,0.7,0.9,0.9852111684724323
4_17_9_2,0.7,0.9,0.9596572134586898
4_17_9_3,0.7,0.9,0.999108033059534
4_17_9_4,0.7,0.9,0.9982443483769684
4_17_9_5,0.7,0.9,0.9884241028486422
0_17_10_0,0.7,1.0,0.990445971544166
0_17_10_1,0.7,1.0,0.9852111684724323
0_17_10_2,0.7,1.0,0.9717772642544344
0_17_10_3,0.7,1.0,0.9962694497715011
0_17_10_4,0.7,1.0,0.9951641802441318
0_17_10_5,0.7,1.0,0.9981123856227556
1_17_10_0,0.7,1.0,0.990445971544166
1_17_10_1,0.7,1.0,0.9852111684724323
1_17_10_2,0.7,1.0,0.9557685404985372
1_17_10_3,0.7,1.0,0.9989580920273404
1_17_10_4,0.7,1.0,0.9951304277870465
1_17_10_5,0.7,1.0,0.9992774149699811
2_17_10_0,0.7,1.0,0.990445971544166
2_17_10_1,0.7,1.0,0.9909696896584391
2_17_10_2,0.7,1.0,0.9565487518108979
2_17_10_3,0.7,1.0,0.998527212418947
2_17_10_4,0.7,1.0,0.9999999853797068
2_17_10_5,0.7,1.0,0.9999999917648829
3_17_10_0,0.7,1.0,0.990445971544166
3_17_10_1,0.7,1.0,0.9803482734529997
3_17_10_2,0.7,1.0,0.9579161461921949
3_17_10_3,0.7,1.0,0.9991753726907688
3_17_10_4,0.7,1.0,0.9962505126433296
3_17_10_5,0.7,1.0,0.9999999917578912
4_17_10_0,0.7,1.0,0.990445971544166
4_17_10_1,0.7,1.0,0.9852111684724323
4_17_10_2,0.7,1.0,0.958620061747296
4_17_10_3,0.7,1.0,0.9981270269639849
4_17_10_4,0.7,1.0,0.9987830214914772
4_17_10_5,0.7,1.0,0.9991409843137196
0_18_0_0,0.8,0.0,2.1590386276162262e-06
0_18_0_1,0.8,0.0,3.988741028228725e-08
0_18_0_2,0.8,0.0,6.961977019083036e-11
0_18_0_3,0.8,0.0,1.3921944586363223e-13
0_18_0_4,0.8,0.0,9.231425666303107e-14
0_18_0_5,0.8,0.0,3.555597406481671e-11
1_18_0_0,0.8,0.0,7.776305223015848e-08
1_18_0_1,0.8,0.0,1.5632668393872388e-07
1_18_0_2,0.8,0.0,1.6688933574677116e-09
1_18_0_3,0.8,0.0,1.2031741962007134e-12
1_18_0_4,0.8,0.0,2.4345738710280726e-13
1_18_0_5,0.8,0.0,5.317909388959754e-10
2_18_0_0,0.8,0.0,2.1590386276162262e-06
2_18_0_1,0.8,0.0,8.873002602612288e-08
2_18_0_2,0.8,0.0,4.510885716299718e-10
2_18_0_3,0.8,0.0,9.275149131068372e-16
2_18_0_4,0.8,0.0,3.489279244360286e-14
2_18_0_5,0.8,0.0,6.040004628238849e-10
3_18_0_0,0.8,0.0,2.1590386276162262e-06
3_18_0_1,0.8,0.0,1.7922978674336274e-08
3_18_0_2,0.8,0.0,1.0724911241404927e-10
3_18_0_3,0.8,0.0,5.295546969964028e-13
3_18_0_4,0.8,0.0,2.3077099609059696e-13
3_18_0_5,0.8,0.0,4.73416663411788e-10
4_18_0_0,0.8,0.0,2.1590386276162262e-06
4_18_0_1,0.8,0.0,6.405334323452209e-08
4_18_0_2,0.8,0.0,1.8290089194341202e-09
4_18_0_3,0.8,0.0,1.45625928728785e-13
4_18_0_4,0.8,0.0,3.469845515485567e-14
4_18_0_5,0.8,0.0,3.8293062496850644e-11
0_18_1_0,0.8,0.1,6.257153235463428e-07
0_18_1_1,0.8,0.1,4.5645460843473005e-07
0_18_1_2,0.8,0.1,6.46505181958382e-09
0_18_1_3,0.8,0.1,8.266083597740736e-11
0_18_1_4,0.8,0.1,1.8730341484933897e-11
0_18_1_5,0.8,0.1,2.5990710122035224e-08
1_18_1_0,0.8,0.1,1.0642671631831515e-06
1_18_1_1,0.8,0.1,3.171202651254806e-06
1_18_1_2,0.8,0.1,3.33079837340979e-08
1_18_1_3,0.8,0.1,5.250668401754939e-10
1_18_1_4,0.8,0.1,8.862238211064012e-11
1_18_1_5,0.8,0.1,3.7478111556139366e-08
2_18_1_0,0.8,0.1,5.095973227024123e-07
2_18_1_1,0.8,0.1,2.485910267205671e-07
2_18_1_2,0.8,0.1,8.87570495418729e-09
2_18_1_3,0.8,0.1,4.988061821047388e-13
2_18_1_4,0.8,0.1,1.0933244285019859e-10
2_18_1_5,0.8,0.1,1.5361913688209757e-08
3_18_1_0,0.8,0.1,8.535242670776606e-07
3_18_1_1,0.8,0.1,2.7670769363866596e-07
3_18_1_2,0.8,0.1,4.157366707552072e-10
3_18_1_3,0.8,0.1,1.301415616318928e-10
3_18_1_4,0.8,0.1,4.506504691929129e-11
3_18_1_5,0.8,0.1,1.7738290566654572e-08
4_18_1_0,0.8,0.1,6.421356340334293e-06
4_18_1_1,0.8,0.1,1.4903385896431924e-06
4_18_1_2,0.8,0.1,9.959720021701451e-08
4_18_1_3,0.8,0.1,7.052264700209274e-10
4_18_1_4,0.8,0.1,1.4075432339191786e-10
4_18_1_5,0.8,0.1,1.9185838158467624e-08
0_18_2_0,0.8,0.2,2.1074670914276024e-06
0_18_2_1,0.8,0.2,6.573424197392657e-06
0_18_2_2,0.8,0.2,6.758633245453193e-08
0_18_2_3,0.8,0.2,5.2471004623712185e-09
0_18_2_4,0.8,0.2,1.8298337574197945e-08
0_18_2_5,0.8,0.2,2.690963935678599e-07
1_18_2_0,0.8,0.2,6.219219103187594e-06
1_18_2_1,0.8,0.2,2.9359484073335847e-05
1_18_2_2,0.8,0.2,6.781409952058959e-07
1_18_2_3,0.8,0.2,6.507869161157532e-08
1_18_2_4,0.8,0.2,4.308460022134012e-08
1_18_2_5,0.8,0.2,3.8815196096849764e-07
2_18_2_0,0.8,0.2,1.2240709774196175e-05
2_18_2_1,0.8,0.2,4.2115253184677926e-06
2_18_2_2,0.8,0.2,3.8953786376028593e-07
2_18_2_3,0.8,0.2,4.402737513399347e-09
2_18_2_4,0.8,0.2,3.7525273743830424e-09
2_18_2_5,0.8,0.2,1.4409298288395125e-07
3_18_2_0,0.8,0.2,2.599123615634718e-06
3_18_2_1,0.8,0.2,4.944970197437948e-06
3_18_2_2,0.8,0.2,7.950614504330167e-08
3_18_2_3,0.8,0.2,1.5551693028282798e-08
3_18_2_4,0.8,0.2,2.6043055918242238e-08
3_18_2_5,0.8,0.2,1.4779141793450994e-07
4_18_2_0,0.8,0.2,1.4658196303760594e-05
4_18_2_1,0.8,0.2,8.638761339989654e-06
4_18_2_2,0.8,0.2,7.265301634860818e-07
4_18_2_3,0.8,0.2,3.4995882248452505e-08
4_18_2_4,0.8,0.2,1.489645301946604e-08
4_18_2_5,0.8,0.2,2.2358266801526278e-07
0_18_3_0,0.8,0.3,6.200015190413207e-05
0_18_3_1,0.8,0.3,0.00026914129819974146
0_18_3_2,0.8,0.3,3.1178521649540072e-06
0_18_3_3,0.8,0.3,6.485568419554089e-06
0_18_3_4,0.8,0.3,1.1475187577273268e-06
0_18_3_5,0.8,0.3,1.0012109634452507e-05
1_18_3_0,0.8,0.3,3.200668662864185e-05
1_18_3_1,0.8,0.3,9.647785896462486e-05
1_18_3_2,0.8,0.3,1.2974694960669764e-05
1_18_3_3,0.8,0.3,8.600638918071745e-06
1_18_3_4,0.8,0.3,9.82959000782642e-07
1_18_3_5,0.8,0.3,5.3164428129397385e-06
2_18_3_0,0.8,0.3,1.0282690980982407e-05
2_18_3_1,0.8,0.3,6.717244179138813e-05
2_18_3_2,0.8,0.3,4.827111758239617e-06
2_18_3_3,0.8,0.3,1.0389261819681202e-06
2_18_3_4,0.8,0.3,1.4997006955737753e-07
2_18_3_5,0.8,0.3,3.3884972548235018e-06
3_18_3_0,0.8,0.3,0.0001613415237886311
3_18_3_1,0.8,0.3,8.459503026372628e-05
3_18_3_2,0.8,0.3,3.869644011996119e-06
3_18_3_3,0.8,0.3,4.83752713909488e-06
3_18_3_4,0.8,0.3,1.7364775490642347e-06
3_18_3_5,0.8,0.3,4.429268810655303e-06
4_18_3_0,0.8,0.3,1.4262277828344107e-05
4_18_3_1,0.8,0.3,0.00022450767953871294
4_18_3_2,0.8,0.3,2.5036686385445824e-05
4_18_3_3,0.8,0.3,6.366861429162886e-06
4_18_3_4,0.8,0.3,1.1863952869781694e-06
4_18_3_5,0.8,0.3,1.7126671090822905e-06
0_18_4_0,0.8,0.4,0.0005344097303047291
0_18_4_1,0.8,0.4,0.0016066857821341795
0_18_4_2,0.8,0.4,0.0002337896414089651
0_18_4_3,0.8,0.4,0.00027483105194287634
0_18_4_4,0.8,0.4,0.00017497109996705523
0_18_4_5,0.8,0.4,0.00015144468126303653
1_18_4_0,0.8,0.4,0.000235585462658223
1_18_4_1,0.8,0.4,0.0015985150889422904
1_18_4_2,0.8,0.4,0.0004508145283736871
1_18_4_3,0.8,0.4,0.0003778951901166242
1_18_4_4,0.8,0.4,0.00011985417669294335
1_18_4_5,0.8,0.4,0.00012093077003956883
2_18_4_0,0.8,0.4,0.00026170882875672745
2_18_4_1,0.8,0.4,0.001286632149004325
2_18_4_2,0.8,0.4,0.00022285066037768428
2_18_4_3,0.8,0.4,0.0001236833037735664
2_18_4_4,0.8,0.4,2.3869810550266023e-05
2_18_4_5,0.8,0.4,0.00033802663957072283
3_18_4_0,0.8,0.4,0.00023561137312774497
3_18_4_1,0.8,0.4,0.0018962055741405521
3_18_4_2,0.8,0.4,0.0002085735833010904
3_18_4_3,0.8,0.4,0.00016868483196232913
3_18_4_4,0.8,0.4,5.46470876549067e-05
3_18_4_5,0.8,0.4,0.0001413291299915915
4_18_4_0,0.8,0.4,0.00025708782453204244
4_18_4_1,0.8,0.4,0.002641882103422041
4_18_4_2,0.8,0.4,0.0007612673258938423
4_18_4_3,0.8,0.4,0.00018249439700467241
4_18_4_4,0.8,0.4,4.645111358921231e-05
4_18_4_5,0.8,0.4,0.00019549913578049359
0_18_5_0,0.8,0.5,0.006338514280932498
0_18_5_1,0.8,0.5,0.0167089768500844
0_18_5_2,0.8,0.5,0.005908220912643081
0_18_5_3,0.8,0.5,0.003757245752662117
0_18_5_4,0.8,0.5,0.00239943909424699
0_18_5_5,0.8,0.5,0.005621612777415055
1_18_5_0,0.8,0.5,0.0023495486496743125
1_18_5_1,0.8,0.5,0.015288810834768742
1_18_5_2,0.8,0.5,0.009815334694079452
1_18_5_3,0.8,0.5,0.003990969356123692
1_18_5_4,0.8,0.5,0.0016579984654723355
1_18_5_5,0.8,0.5,0.0034774064444307896
2_18_5_0,0.8,0.5,0.012625762828564962
2_18_5_1,0.8,0.5,0.019447416829387
2_18_5_2,0.8,0.5,0.007211028643240837
2_18_5_3,0.8,0.5,0.0034339876455037888
2_18_5_4,0.8,0.5,0.001912174034520489
2_18_5_5,0.8,0.5,0.008816470257256738
3_18_5_0,0.8,0.5,0.003759114139390377
3_18_5_1,0.8,0.5,0.015152426289560374
3_18_5_2,0.8,0.5,0.005208643752960982
3_18_5_3,0.8,0.5,0.006154942436230971
3_18_5_4,0.8,0.5,0.0025615980333401223
3_18_5_5,0.8,0.5,0.005511016541476363
4_18_5_0,0.8,0.5,0.00447687187035726
4_18_5_1,0.8,0.5,0.011296320595830252
4_18_5_2,0.8,0.5,0.009512754701248807
4_18_5_3,0.8,0.5,0.005200513129254776
4_18_5_4,0.8,0.5,0.0016418153350224252
4_18_5_5,0.8,0.5,0.003458215060997177
0_18_6_0,0.8,0.6,0.07297984897502591
0_18_6_1,0.8,0.6,0.11908782986508115
0_18_6_2,0.8,0.6,0.10460232161608388
0_18_6_3,0.8,0.6,0.06398876068971408
0_18_6_4,0.8,0.6,0.06507660271649506
0_18_6_5,0.8,0.6,0.05157030550792183
1_18_6_0,0.8,0.6,0.03748890232662854
1_18_6_1,0.8,0.6,0.09532257495377244
1_18_6_2,0.8,0.6,0.08638913100034797
1_18_6_3,0.8,0.6,0.03214408849668264
1_18_6_4,0.8,0.6,0.031975080324511115
1_18_6_5,0.8,0.6,0.03713325398339666
2_18_6_0,0.8,0.6,0.06563521175991427
2_18_6_1,0.8,0.6,0.0914962111814233
2_18_6_2,0.8,0.6,0.05678055062438665
2_18_6_3,0.8,0.6,0.05360014076364922
2_18_6_4,0.8,0.6,0.030838006462466254
2_18_6_5,0.8,0.6,0.02786273380932435
3_18_6_0,0.8,0.6,0.05224498766508333
3_18_6_1,0.8,0.6,0.1320172939569202
3_18_6_2,0.8,0.6,0.08585427864029208
3_18_6_3,0.8,0.6,0.055995450918806665
3_18_6_4,0.8,0.6,0.05146003708125234
3_18_6_5,0.8,0.6,0.060952249670430475
4_18_6_0,0.8,0.6,0.0821681714187
4_18_6_1,0.8,0.6,0.11920950521782006
4_18_6_2,0.8,0.6,0.08532988514927271
4_18_6_3,0.8,0.6,0.06932081389435707
4_18_6_4,0.8,0.6,0.04977056571689721
4_18_6_5,0.8,0.6,0.06356477512879027
0_18_7_0,0.8,0.7,0.3364504959821003
0_18_7_1,0.8,0.7,0.41979569094299557
0_18_7_2,0.8,0.7,0.4003783156935361
0_18_7_3,0.8,0.7,0.27849779501239624
0_18_7_4,0.8,0.7,0.4794543521801145
0_18_7_5,0.8,0.7,0.3554924913869383
1_18_7_0,0.8,0.7,0.39961831828730005
1_18_7_1,0.8,0.7,0.48792033597998163
1_18_7_2,0.8,0.7,0.3872983689941884
1_18_7_3,0.8,0.7,0.35715447766349573
1_18_7_4,0.8,0.7,0.48387521315965093
1_18_7_5,0.8,0.7,0.4922612494234606
2_18_7_0,0.8,0.7,0.43976313376086074
2_18_7_1,0.8,0.7,0.4659092009618428
2_18_7_2,0.8,0.7,0.3877538480975817
2_18_7_3,0.8,0.7,0.40386465149271367
2_18_7_4,0.8,0.7,0.42593783000662355
2_18_7_5,0.8,0.7,0.4236007515142153
3_18_7_0,0.8,0.7,0.5015882249245182
3_18_7_1,0.8,0.7,0.6049444770629423
3_18_7_2,0.8,0.7,0.6145960107682132
3_18_7_3,0.8,0.7,0.6079878913597669
3_18_7_4,0.8,0.7,0.48258890911684604
3_18_7_5,0.8,0.7,0.5924444621459186
4_18_7_0,0.8,0.7,0.990445971544166
4_18_7_1,0.8,0.7,0.9137222096281129
4_18_7_2,0.8,0.7,0.6662287444733318
4_18_7_3,0.8,0.7,0.7522366763725887
4_18_7_4,0.8,0.7,0.6467483825783149
4_18_7_5,0.8,0.7,0.666487309578071
0_18_8_0,0.8,0.8,0.990445971544166
0_18_8_1,0.8,0.8,0.9909696896584391
0_18_8_2,0.8,0.8,0.963462699943729
0_18_8_3,0.8,0.8,0.995421014786542
0_18_8_4,0.8,0.8,0.9879590496410104
0_18_8_5,0.8,0.8,0.9909667847239828
1_18_8_0,0.8,0.8,0.990445971544166
1_18_8_1,0.8,0.8,0.9909696896584391
1_18_8_2,0.8,0.8,0.9611617437301457
1_18_8_3,0.8,0.8,0.9954031315859951
1_18_8_4,0.8,0.8,0.9984036599548793
1_18_8_5,0.8,0.8,0.957425391138585
2_18_8_0,0.8,0.8,0.990445971544166
2_18_8_1,0.8,0.8,0.9909696896584391
2_18_8_2,0.8,0.8,0.9614765156937165
2_18_8_3,0.8,0.8,0.9949126121282436
2_18_8_4,0.8,0.8,0.9995051181307351
2_18_8_5,0.8,0.8,0.9924350125431289
3_18_8_0,0.8,0.8,0.990445971544166
3_18_8_1,0.8,0.8,0.9909696896584391
3_18_8_2,0.8,0.8,0.9644775311370348
3_18_8_3,0.8,0.8,0.9978950400368236
3_18_8_4,0.8,0.8,0.9866373774278627
3_18_8_5,0.8,0.8,0.9803087629819554
4_18_8_0,0.8,0.8,0.990445971544166
4_18_8_1,0.8,0.8,0.9909696896584391
4_18_8_2,0.8,0.8,0.9615071838980414
4_18_8_3,0.8,0.8,0.9954616103584946
4_18_8_4,0.8,0.8,0.999073435517399
4_18_8_5,0.8,0.8,0.9899597857197546
0_18_9_0,0.8,0.9,0.990445971544166
0_18_9_1,0.8,0.9,0.9909696896584391
0_18_9_2,0.8,0.9,0.96277145899673
0_18_9_3,0.8,0.9,0.9903462428937874
0_18_9_4,0.8,0.9,0.9999999853298581
0_18_9_5,0.8,0.9,0.9999999915185395
1_18_9_0,0.8,0.9,0.990445971544166
1_18_9_1,0.8,0.9,0.9909696896584391
1_18_9_2,0.8,0.9,0.9591751216027421
1_18_9_3,0.8,0.9,0.9912581410306655
1_18_9_4,0.8,0.9,0.9999999857657593
1_18_9_5,0.8,0.9,0.9999999915722115
2_18_9_0,0.8,0.9,0.990445971544166
2_18_9_1,0.8,0.9,0.9909696896584391
2_18_9_2,0.8,0.9,0.9611005450855268
2_18_9_3,0.8,0.9,0.9911735601173909
2_18_9_4,0.8,0.9,0.999999985035223
2_18_9_5,0.8,0.9,0.9983458372372744
3_18_9_0,0.8,0.9,0.990445971544166
3_18_9_1,0.8,0.9,0.9909696896584391
3_18_9_2,0.8,0.9,0.9640751483526754
3_18_9_3,0.8,0.9,0.9947490679601616
3_18_9_4,0.8,0.9,0.9999999860249943
3_18_9_5,0.8,0.9,0.9999999917788458
4_18_9_0,0.8,0.9,0.990445971544166
4_18_9_1,0.8,0.9,0.9909696896584391
4_18_9_2,0.8,0.9,0.9604398863616671
4_18_9_3,0.8,0.9,0.9929498973060605
4_18_9_4,0.8,0.9,0.9999999851003976
4_18_9_5,0.8,0.9,0.9995985784470218
0_18_10_0,0.8,1.0,0.990445971544166
0_18_10_1,0.8,1.0,0.9909696896584391
0_18_10_2,0.8,1.0,0.9624794904739501
0_18_10_3,0.8,1.0,0.9865655325300463
0_18_10_4,0.8,1.0,0.9999999849121806
0_18_10_5,0.8,1.0,0.999999991368508
1_18_10_0,0.8,1.0,0.990445971544166
1_18_10_1,0.8,1.0,0.9909696896584391
1_18_10_2,0.8,1.0,0.958431605592587
1_18_10_3,0.8,1.0,0.9900421577643342
1_18_10_4,0.8,1.0,0.9999999850805782
1_18_10_5,0.8,1.0,0.9999999913642996
2_18_10_0,0.8,1.0,0.990445971544166
2_18_10_1,0.8,1.0,0.9909696896584391
2_18_10_2,0.8,1.0,0.9604762964296631
2_18_10_3,0.8,1.0,0.9868846713575745
2_18_10_4,0.8,1.0,0.9999999580836185
2_18_10_5,0.8,1.0,0.9999999914780797
3_18_10_0,0.8,1.0,0.990445971544166
3_18_10_1,0.8,1.0,0.9909696896584391
3_18_10_2,0.8,1.0,0.9625389349304986
3_18_10_3,0.8,1.0,0.9938349270014198
3_18_10_4,0.8,1.0,0.999999985457525
3_18_10_5,0.8,1.0,0.9999999915154183
4_18_10_0,0.8,1.0,0.990445971544166
4_18_10_1,0.8,1.0,0.9909696896584391
4_18_10_2,0.8,1.0,0.9590346531578033
4_18_10_3,0.8,1.0,0.990079036228566
4_18_10_4,0.8,1.0,0.9999999591877587
4_18_10_5,0.8,1.0,0.9999999912912172
0_19_0_0,0.9,0.0,1.956075430894596e-06
0_19_0_1,0.9,0.0,3.1943889166897424e-07
0_19_0_2,0.9,0.0,5.750043654282669e-10
0_19_0_3,0.9,0.0,1.6149618177088425e-11
0_19_0_4,0.9,0.0,3.518597354335182e-14
0_19_0_5,0.9,0.0,7.063282949839299e-10
1_19_0_0,0.9,0.0,1.956075430894596e-06
1_19_0_1,0.9,0.0,1.4327299002574454e-07
1_19_0_2,0.9,0.0,9.693210557659496e-10
1_19_0_3,0.9,0.0,1.4680910589633715e-11
1_19_0_4,0.9,0.0,1.5353533231337486e-13
1_19_0_5,0.9,0.0,3.0087912557373157e-10
2_19_0_0,0.9,0.0,1.9722817298938066e-08
2_19_0_1,0.9,0.0,4.265038934661058e-08
2_19_0_2,0.9,0.0,1.8781498091991013e-09
2_19_0_3,0.9,0.0,2.839068264006651e-12
2_19_0_4,0.9,0.0,9.071757754025402e-14
2_19_0_5,0.9,0.0,2.166212119814671e-10
3_19_0_0,0.9,0.0,1.956075430894596e-06
3_19_0_1,0.9,0.0,2.3324302681307583e-07
3_19_0_2,0.9,0.0,8.599955468471274e-10
3_19_0_3,0.9,0.0,3.798551115688176e-12
3_19_0_4,0.9,0.0,1.2611136343164105e-13
3_19_0_5,0.9,0.0,1.2701310583678577e-10
4_19_0_0,0.9,0.0,9.325724447880603e-08
4_19_0_1,0.9,0.0,1.5690293804709755e-07
4_19_0_2,0.9,0.0,2.1950830825298094e-09
4_19_0_3,0.9,0.0,9.73569455437827e-12
4_19_0_4,0.9,0.0,1.4532948723245193e-13
4_19_0_5,0.9,0.0,1.7146334881974146e-10
0_19_1_0,0.9,0.1,3.2370353141696686e-07
0_19_1_1,0.9,0.1,1.698590223357051e-06
0_19_1_2,0.9,0.1,1.5484652198005837e-08
0_19_1_3,0.9,0.1,4.9911537664113825e-09
0_19_1_4,0.9,0.1,6.567064960073859e-11
0_19_1_5,0.9,0.1,4.333721640398941e-08
1_19_1_0,0.9,0.1,1.389244466357872e-06
1_19_1_1,0.9,0.1,9.61511327575254e-06
1_19_1_2,0.9,0.1,8.652756604763616e-08
1_19_1_3,0.9,0.1,1.6790993266563187e-09
1_19_1_4,0.9,0.1,6.705877432999584e-10
1_19_1_5,0.9,0.1,1.0227173060561554e-07
2_19_1_0,0.9,0.1,3.275254999579047e-07
2_19_1_1,0.9,0.1,1.1318891363026517e-06
2_19_1_2,0.9,0.1,3.164388549391425e-08
2_19_1_3,0.9,0.1,2.704757981869152e-10
2_19_1_4,0.9,0.1,1.324599547768013e-10
2_19_1_5,0.9,0.1,3.8913491289948636e-08
3_19_1_0,0.9,0.1,4.2755616034943147e-07
3_19_1_1,0.9,0.1,6.301993359362857e-06
3_19_1_2,0.9,0.1,7.880848726364433e-08
3_19_1_3,0.9,0.1,1.5722270892765943e-09
3_19_1_4,0.9,0.1,1.9169885970057377e-09
3_19_1_5,0.9,0.1,4.904654534129023e-08
4_19_1_0,0.9,0.1,6.215086573663866e-06
4_19_1_1,0.9,0.1,3.567679390668128e-06
4_19_1_2,0.9,0.1,9.928017182495453e-08
4_19_1_3,0.9,0.1,5.245722032400716e-09
4_19_1_4,0.9,0.1,1.9199766655072573e-10
4_19_1_5,0.9,0.1,4.426257100775713e-08
0_19_2_0,0.9,0.2,5.239230108143953e-06
0_19_2_1,0.9,0.2,6.335531976517127e-05
0_19_2_2,0.9,0.2,4.856488699496412e-07
0_19_2_3,0.9,0.2,1.3434090648450039e-07
0_19_2_4,0.9,0.2,3.93746335245068e-08
0_19_2_5,0.9,0.2,6.896385955264241e-07
1_19_2_0,0.9,0.2,3.3251762077414314e-05
1_19_2_1,0.9,0.2,8.002646354250281e-05
1_19_2_2,0.9,0.2,1.2753631969524517e-05
1_19_2_3,0.9,0.2,3.148514832150155e-07
1_19_2_4,0.9,0.2,8.718659682751452e-08
1_19_2_5,0.9,0.2,1.2964537562752499e-06
2_19_2_0,0.9,0.2,2.966639247893503e-06
2_19_2_1,0.9,0.2,1.5373735061293886e-05
2_19_2_2,0.9,0.2,1.2057618455234028e-06
2_19_2_3,0.9,0.2,2.0454573416591512e-07
2_19_2_4,0.9,0.2,7.780156483109198e-09
2_19_2_5,0.9,0.2,4.7134661621582045e-07
3_19_2_0,0.9,0.2,1.3516721572485533e-05
3_19_2_1,0.9,0.2,1.102085525072357e-05
3_19_2_2,0.9,0.2,7.309515264802175e-07
3_19_2_3,0.9,0.2,6.774209085575091e-07
3_19_2_4,0.9,0.2,5.002629079522081e-08
3_19_2_5,0.9,0.2,8.464657104776459e-07
4_19_2_0,0.9,0.2,3.32032840933553e-05
4_19_2_1,0.9,0.2,4.776052567714394e-05
4_19_2_2,0.9,0.2,1.0510786392864578e-06
4_19_2_3,0.9,0.2,2.171476311556316e-07
4_19_2_4,0.9,0.2,1.4166441393146174e-08
4_19_2_5,0.9,0.2,6.702641616668437e-07
0_19_3_0,0.9,0.3,0.0004858669020402675
0_19_3_1,0.9,0.3,0.0006831584863190243
0_19_3_2,0.9,0.3,2.9471521337677685e-05
0_19_3_3,0.9,0.3,4.157121240216648e-05
0_19_3_4,0.9,0.3,9.732527040334605e-06
0_19_3_5,0.9,0.3,1.5546224468443175e-05
1_19_3_0,0.9,0.3,4.47598900310545e-05
1_19_3_1,0.9,0.3,0.0007048270733472408
1_19_3_2,0.9,0.3,0.00013857667164040292
1_19_3_3,0.9,0.3,2.841744206131516e-05
1_19_3_4,0.9,0.3,2.5990177280526083e-06
1_19_3_5,0.9,0.3,1.7300973097495012e-05
2_19_3_0,0.9,0.3,3.783977110039502e-05
2_19_3_1,0.9,0.3,0.0003350607098217503
2_19_3_2,0.9,0.3,4.0673507024995334e-05
2_19_3_3,0.9,0.3,8.086805757875715e-06
2_19_3_4,0.9,0.3,6.208721430843917e-07
2_19_3_5,0.9,0.3,1.2277657890171478e-05
3_19_3_0,0.9,0.3,0.00010560789553910355
3_19_3_1,0.9,0.3,0.00017375013218878557
3_19_3_2,0.9,0.3,4.7113608705473865e-05
3_19_3_3,0.9,0.3,3.7344991625892903e-05
3_19_3_4,0.9,0.3,1.0948692446156923e-05
3_19_3_5,0.9,0.3,2.679167748496275e-05
4_19_3_0,0.9,0.3,0.0003352324463636087
4_19_3_1,0.9,0.3,0.0010646323838266873
4_19_3_2,0.9,0.3,7.633288625210027e-05
4_19_3_3,0.9,0.3,1.1641143951126886e-05
4_19_3_4,0.9,0.3,5.568706345822916e-06
4_19_3_5,0.9,0.3,1.2318074127109876e-05
0_19_4_0,0.9,0.4,0.0005936753683290069
0_19_4_1,0.9,0.4,0.0028657436965767538
0_19_4_2,0.9,0.4,0.0019597992924639245
0_19_4_3,0.9,0.4,0.0003413417084587538
0_19_4_4,0.9,0.4,0.00022722749652296176
0_19_4_5,0.9,0.4,0.0004428240238705365
1_19_4_0,0.9,0.4,0.00045735901554834615
1_19_4_1,0.9,0.4,0.002678142825418664
1_19_4_2,0.9,0.4,0.001653401259777586
1_19_4_3,0.9,0.4,0.0003092640032474234
1_19_4_4,0.9,0.4,0.0002047610216059701
1_19_4_5,0.9,0.4,0.0007460517337786658
2_19_4_0,0.9,0.4,0.0019155176974118416
2_19_4_1,0.9,0.4,0.00434793186842245
2_19_4_2,0.9,0.4,0.0014769915096435706
2_19_4_3,0.9,0.4,0.0003391604691099367
2_19_4_4,0.9,0.4,9.071876974285906e-05
2_19_4_5,0.9,0.4,0.00025314990270886413
3_19_4_0,0.9,0.4,0.00340139104896596
3_19_4_1,0.9,0.4,0.004077918513513038
3_19_4_2,0.9,0.4,0.0007020765042713326
3_19_4_3,0.9,0.4,0.0009121550406660418
3_19_4_4,0.9,0.4,0.00015547089726976188
3_19_4_5,0.9,0.4,0.0007528449705042994
4_19_4_0,0.9,0.4,0.0016650007893411584
4_19_4_1,0.9,0.4,0.0057171350762310995
4_19_4_2,0.9,0.4,0.0015660441236731138
4_19_4_3,0.9,0.4,0.0002659346377293833
4_19_4_4,0.9,0.4,0.00024379162969410587
4_19_4_5,0.9,0.4,0.0008737706202171789
0_19_5_0,0.9,0.5,0.003920816308104541
0_19_5_1,0.9,0.5,0.026462400363026606
0_19_5_2,0.9,0.5,0.02324311436504758
0_19_5_3,0.9,0.5,0.007198826658446938
0_19_5_4,0.9,0.5,0.00484648759964525
0_19_5_5,0.9,0.5,0.0033500863319700144
1_19_5_0,0.9,0.5,0.004761683266936111
1_19_5_1,0.9,0.5,0.01816117416459267
1_19_5_2,0.9,0.5,0.02955909073810164
1_19_5_3,0.9,0.5,0.004650262723533004
1_19_5_4,0.9,0.5,0.0039246153390936536
1_19_5_5,0.9,0.5,0.006794406582262086
2_19_5_0,0.9,0.5,0.013012605278450171
2_19_5_1,0.9,0.5,0.030220182380888957
2_19_5_2,0.9,0.5,0.026776094951288597
2_19_5_3,0.9,0.5,0.013419568121180201
2_19_5_4,0.9,0.5,0.003690472455394413
2_19_5_5,0.9,0.5,0.005895011441522994
3_19_5_0,0.9,0.5,0.005127517856654638
3_19_5_1,0.9,0.5,0.03016979610952734
3_19_5_2,0.9,0.5,0.017436050777964292
3_19_5_3,0.9,0.5,0.00806095700076235
3_19_5_4,0.9,0.5,0.004211286706670397
3_19_5_5,0.9,0.5,0.007126399930285713
4_19_5_0,0.9,0.5,0.008366254559830116
4_19_5_1,0.9,0.5,0.02151285879131595
4_19_5_2,0.9,0.5,0.015560398713494263
4_19_5_3,0.9,0.5,0.00988436981766704
4_19_5_4,0.9,0.5,0.0030381502770866517
4_19_5_5,0.9,0.5,0.0060673269125637325
0_19_6_0,0.9,0.6,0.058967669368397764
0_19_6_1,0.9,0.6,0.13876745773374563
0_19_6_2,0.9,0.6,0.12105586620219888
0_19_6_3,0.9,0.6,0.06326338723869326
0_19_6_4,0.9,0.6,0.06437563806163646
0_19_6_5,0.9,0.6,0.04632387321077049
1_19_6_0,0.9,0.6,0.06310160285221181
1_19_6_1,0.9,0.6,0.10999531118061867
1_19_6_2,0.9,0.6,0.11546236020844361
1_19_6_3,0.9,0.6,0.04408363076156803
1_19_6_4,0.9,0.6,0.055142493666038045
1_19_6_5,0.9,0.6,0.047339954800831974
2_19_6_0,0.9,0.6,0.055222157234362544
2_19_6_1,0.9,0.6,0.11815321743625318
2_19_6_2,0.9,0.6,0.11435649231513927
2_19_6_3,0.9,0.6,0.0678461207226716
2_19_6_4,0.9,0.6,0.038876207050850736
2_19_6_5,0.9,0.6,0.07468728389120048
3_19_6_0,0.9,0.6,0.06771361266786785
3_19_6_1,0.9,0.6,0.16718255678640578
3_19_6_2,0.9,0.6,0.12590846772513525
3_19_6_3,0.9,0.6,0.09491626897901492
3_19_6_4,0.9,0.6,0.10036402203940167
3_19_6_5,0.9,0.6,0.11376473098433568
4_19_6_0,0.9,0.6,0.09110701031952897
4_19_6_1,0.9,0.6,0.14971624991378732
4_19_6_2,0.9,0.6,0.12141839034969278
4_19_6_3,0.9,0.6,0.09529719885020513
4_19_6_4,0.9,0.6,0.07822191248720667
4_19_6_5,0.9,0.6,0.0753925906224903
0_19_7_0,0.9,0.7,0.4367166054763482
0_19_7_1,0.9,0.7,0.4783034584098921
0_19_7_2,0.9,0.7,0.4911211334049308
0_19_7_3,0.9,0.7,0.4576407758974601
0_19_7_4,0.9,0.7,0.41379512040268673
0_19_7_5,0.9,0.7,0.40999664549269577
1_19_7_0,0.9,0.7,0.4392773280891253
1_19_7_1,0.9,0.7,0.6786793508787445
1_19_7_2,0.9,0.7,0.551900272118695
1_19_7_3,0.9,0.7,0.42177324497961277
1_19_7_4,0.9,0.7,0.4751776013666559
1_19_7_5,0.9,0.7,0.5742044650100163
2_19_7_0,0.9,0.7,0.40853151607053423
2_19_7_1,0.9,0.7,0.5443422463890268
2_19_7_2,0.9,0.7,0.5075173493891261
2_19_7_3,0.9,0.7,0.3889745345696166
2_19_7_4,0.9,0.7,0.5442246699538722
2_19_7_5,0.9,0.7,0.5001725137462629
3_19_7_0,0.9,0.7,0.990445971544166
3_19_7_1,0.9,0.7,0.6742445958330886
3_19_7_2,0.9,0.7,0.6571473549000182
3_19_7_3,0.9,0.7,0.7062268876692545
3_19_7_4,0.9,0.7,0.5723297604415057
3_19_7_5,0.9,0.7,0.5514905904573015
4_19_7_0,0.9,0.7,0.990445971544166
4_19_7_1,0.9,0.7,0.9905554404993172
4_19_7_2,0.9,0.7,0.8794909791271468
4_19_7_3,0.9,0.7,0.7776016283805358
4_19_7_4,0.9,0.7,0.6651689258920949
4_19_7_5,0.9,0.7,0.6235176390865274
0_19_8_0,0.9,0.8,0.990445971544166
0_19_8_1,0.9,0.8,0.9909696896584391
0_19_8_2,0.9,0.8,0.9622519902216116
0_19_8_3,0.9,0.8,0.9925710955283443
0_19_8_4,0.9,0.8,0.9878720083312411
0_19_8_5,0.9,0.8,0.9910965456988099
1_19_8_0,0.9,0.8,0.990445971544166
1_19_8_1,0.9,0.8,0.9909696896584391
1_19_8_2,0.9,0.8,0.96277145899673
1_19_8_3,0.9,0.8,0.9876320111461888
1_19_8_4,0.9,0.8,0.998999949968087
1_19_8_5,0.9,0.8,0.9983799739471817
2_19_8_0,0.9,0.8,0.990445971544166
2_19_8_1,0.9,0.8,0.9909696896584391
2_19_8_2,0.9,0.8,0.9629984766458476
2_19_8_3,0.9,0.8,0.9917376207308206
2_19_8_4,0.9,0.8,0.9994767289979589
2_19_8_5,0.9,0.8,0.9995134418943802
3_19_8_0,0.9,0.8,0.990445971544166
3_19_8_1,0.9,0.8,0.9909696896584391
3_19_8_2,0.9,0.8,0.9627120160914249
3_19_8_3,0.9,0.8,0.9890990410809986
3_19_8_4,0.9,0.8,0.9854742407781992
3_19_8_5,0.9,0.8,0.9980356689760534
4_19_8_0,0.9,0.8,0.990445971544166
4_19_8_1,0.9,0.8,0.9909696896584391
4_19_8_2,0.9,0.8,0.9630633103467567
4_19_8_3,0.9,0.8,0.9914166569406551
4_19_8_4,0.9,0.8,0.9990297369266239
4_19_8_5,0.9,0.8,0.99034661699668
0_19_9_0,0.9,0.9,0.990445971544166
0_19_9_1,0.9,0.9,0.9909696896584391
0_19_9_2,0.9,0.9,0.9622519902216116
0_19_9_3,0.9,0.9,0.9877739881962834
0_19_9_4,0.9,0.9,0.9999999668181656
0_19_9_5,0.9,0.9,0.9999999913111719
1_19_9_0,0.9,0.9,0.990445971544166
1_19_9_1,0.9,0.9,0.9909696896584391
1_19_9_2,0.9,0.9,0.9625983854298492
1_19_9_3,0.9,0.9,0.9831540026272789
1_19_9_4,0.9,0.9,0.9999999851585999
1_19_9_5,0.9,0.9,0.9999999913242602
2_19_9_0,0.9,0.9,0.990445971544166
2_19_9_1,0.9,0.9,0.9909696896584391
2_19_9_2,0.9,0.9,0.9622519902216116
2_19_9_3,0.9,0.9,0.9870314300172282
2_19_9_4,0.9,0.9,0.9999999530408455
2_19_9_5,0.9,0.9,0.9999999913784865
3_19_9_0,0.9,0.9,0.990445971544166
3_19_9_1,0.9,0.9,0.9909696896584391
3_19_9_2,0.9,0.9,0.9624794904739501
3_19_9_3,0.9,0.9,0.9836320459197605
3_19_9_4,0.9,0.9,0.9999999850931152
3_19_9_5,0.9,0.9,0.9999999913563298
4_19_9_0,0.9,0.9,0.990445971544166
4_19_9_1,0.9,0.9,0.9909696896584391
4_19_9_2,0.9,0.9,0.9622519902216116
4_19_9_3,0.9,0.9,0.9865205407978774
4_19_9_4,0.9,0.9,0.9999999608750972
4_19_9_5,0.9,0.9,0.999999991268977
0_19_10_0,0.9,1.0,0.990445971544166
0_19_10_1,0.9,1.0,0.9909696896584391
0_19_10_2,0.9,1.0,0.9621925347018945
0_19_10_3,0.9,1.0,0.9811128354447182
0_19_10_4,0.9,1.0,0.9999999019442578
0_19_10_5,0.9,1.0,0.9999999912395015
1_19_10_0,0.9,1.0,0.990445971544166
1_19_10_1,0.9,1.0,0.9909696896584391
1_19_10_2,0.9,1.0,0.9621925347018945
1_19_10_3,0.9,1.0,0.9798727967963665
1_19_10_4,0.9,1.0,0.9999999592042818
1_19_10_5,0.9,1.0,0.9999999912165479
2_19_10_0,0.9,1.0,0.990445971544166
2_19_10_1,0.9,1.0,0.9909696896584391
2_19_10_2,0.9,1.0,0.9621925347018945
2_19_10_3,0.9,1.0,0.9796894246859035
2_19_10_4,0.9,1.0,0.9999998935824765
2_19_10_5,0.9,1.0,0.9999999912312589
3_19_10_0,0.9,1.0,0.990445971544166
3_19_10_1,0.9,1.0,0.9909696896584391
3_19_10_2,0.9,1.0,0.9621925347018945
3_19_10_3,0.9,1.0,0.9816798373061455
3_19_10_4,0.9,1.0,0.9999999364590967
3_19_10_5,0.9,1.0,0.9999999912977179
4_19_10_0,0.9,1.0,0.990445971544166
4_19_10_1,0.9,1.0,0.9909696896584391
4_19_10_2,0.9,1.0,0.9621925347018945
4_19_10_3,0.9,1.0,0.9798727967963665
4_19_10_4,0.9,1.0,0.999999873912857
4_19_10_5,0.9,1.0,0.9999999911881505
0_20_0_0,1.0,0.0,5.918661291388117e-06
0_20_0_1,1.0,0.0,2.0001192359548887e-06
0_20_0_2,1.0,0.0,1.7743548067345148e-09
0_20_0_3,1.0,0.0,1.3711226776598575e-12
0_20_0_4,1.0,0.0,2.9945535888962474e-12
0_20_0_5,1.0,0.0,2.1129454726776138e-11
1_20_0_0,1.0,0.0,5.918661291388117e-06
1_20_0_1,1.0,0.0,2.0001192359548887e-06
1_20_0_2,1.0,0.0,1.7743548067345148e-09
1_20_0_3,1.0,0.0,1.3711226776598575e-12
1_20_0_4,1.0,0.0,2.9945535888962474e-12
1_20_0_5,1.0,0.0,2.1129454726776138e-11
2_20_0_0,1.0,0.0,5.918711097829151e-06
2_20_0_1,1.0,0.0,2.0001192359548887e-06
2_20_0_2,1.0,0.0,1.7743548067345148e-09
2_20_0_3,1.0,0.0,1.3711226776598575e-12
2_20_0_4,1.0,0.0,2.9945535888962474e-12
2_20_0_5,1.0,0.0,2.1162340741519344e-11
3_20_0_0,1.0,0.0,6.3223894354537925e-06
3_20_0_1,1.0,0.0,2.0002242260123416e-06
3_20_0_2,1.0,0.0,1.774354806751101e-09
3_20_0_3,1.0,0.0,1.3711226776598575e-12
3_20_0_4,1.0,0.0,2.9945535888962474e-12
3_20_0_5,1.0,0.0,2.1129454726776138e-11
4_20_0_0,1.0,0.0,5.918711097829151e-06
4_20_0_1,1.0,0.0,2.0000142425051634e-06
4_20_0_2,1.0,0.0,1.7743548067468692e-09
4_20_0_3,1.0,0.0,2.4853707659459565e-12
4_20_0_4,1.0,0.0,2.9945535888962474e-12
4_20_0_5,1.0,0.0,2.1129454728127366e-11
0_20_1_0,1.0,0.1,1.4658097227241179e-05
0_20_1_1,1.0,0.1,1.756910511309174e-05
0_20_1_2,1.0,0.1,5.197107589285581e-08
0_20_1_3,1.0,0.1,2.3136862412798237e-08
0_20_1_4,1.0,0.1,4.95375347921761e-09
0_20_1_5,1.0,0.1,2.409116864106913e-07
1_20_1_0,1.0,0.1,2.3412052730361608e-06
1_20_1_1,1.0,0.1,2.1775564354838097e-05
1_20_1_2,1.0,0.1,4.206207595600067e-07
1_20_1_3,1.0,0.1,2.2752942641056495e-08
1_20_1_4,1.0,0.1,1.0744067820374434e-09
1_20_1_5,1.0,0.1,2.759309818354071e-07
2_20_1_0,1.0,0.1,1.4658097227241179e-05
2_20_1_1,1.0,0.1,2.7122168689617954e-05
2_20_1_2,1.0,0.1,5.42739276853863e-07
2_20_1_3,1.0,0.1,6.12623727302315e-09
2_20_1_4,1.0,0.1,1.087618782748717e-09
2_20_1_5,1.0,0.1,1.4939743799427834e-07
3_20_1_0,1.0,0.1,1.4658097227241179e-05
3_20_1_1,1.0,0.1,2.5685229457235824e-05
3_20_1_2,1.0,0.1,1.348632007912556e-07
3_20_1_3,1.0,0.1,3.6351837341939556e-08
3_20_1_4,1.0,0.1,3.5848508396370554e-10
3_20_1_5,1.0,0.1,1.1142599613770799e-07
4_20_1_0,1.0,0.1,1.4658097227241179e-05
4_20_1_1,1.0,0.1,2.089410772892756e-05
4_20_1_2,1.0,0.1,2.28082590743361e-07
4_20_1_3,1.0,0.1,9.67541887279139e-08
4_20_1_4,1.0,0.1,3.1181896123823464e-09
4_20_1_5,1.0,0.1,1.0015269559232002e-07
0_20_2_0,1.0,0.2,1.6083565075200585e-05
0_20_2_1,1.0,0.2,0.0003306432465549364
0_20_2_2,1.0,0.2,1.1439661405151005e-05
0_20_2_3,1.0,0.2,2.0790585943187305e-06
0_20_2_4,1.0,0.2,4.209186169644506e-07
0_20_2_5,1.0,0.2,3.88266104911456e-06
1_20_2_0,1.0,0.2,0.00013232269412968048
1_20_2_1,1.0,0.2,0.0001889961245234844
1_20_2_2,1.0,0.2,4.157918331162783e-05
1_20_2_3,1.0,0.2,1.1866846894606246e-06
1_20_2_4,1.0,0.2,3.693366947348974e-07
1_20_2_5,1.0,0.2,4.191987798521027e-06
2_20_2_0,1.0,0.2,1.0920037402203366e-05
2_20_2_1,1.0,0.2,0.00011090290955491719
2_20_2_2,1.0,0.2,3.3107146184736606e-06
2_20_2_3,1.0,0.2,1.2404025815691265e-06
2_20_2_4,1.0,0.2,1.8447190238921108e-07
2_20_2_5,1.0,0.2,2.2855592176192077e-06
3_20_2_0,1.0,0.2,0.0002658196990776092
3_20_2_1,1.0,0.2,3.7795264701896164e-05
3_20_2_2,1.0,0.2,4.448414009505045e-06
3_20_2_3,1.0,0.2,2.0956518131954466e-06
3_20_2_4,1.0,0.2,8.78869336210454e-07
3_20_2_5,1.0,0.2,1.0648825311171655e-05
4_20_2_0,1.0,0.2,0.00014116051447756725
4_20_2_1,1.0,0.2,0.00018644105009609605
4_20_2_2,1.0,0.2,3.674315065134554e-06
4_20_2_3,1.0,0.2,1.4752052292545013e-06
4_20_2_4,1.0,0.2,3.367479797574592e-07
4_20_2_5,1.0,0.2,3.75133034417701e-06
0_20_3_0,1.0,0.3,0.00033613244084734886
0_20_3_1,1.0,0.3,0.0018561423621749813
0_20_3_2,1.0,0.3,0.00036839762557296085
0_20_3_3,1.0,0.3,0.0001243662346600084
0_20_3_4,1.0,0.3,4.783245457368729e-05
0_20_3_5,1.0,0.3,8.843047683762154e-05
1_20_3_0,1.0,0.3,0.0011370588236576985
1_20_3_1,1.0,0.3,0.0010400293777235723
1_20_3_2,1.0,0.3,0.0007360230846512695
1_20_3_3,1.0,0.3,2.9010328631521235e-05
1_20_3_4,1.0,0.3,1.0605103278992577e-05
1_20_3_5,1.0,0.3,5.5984965776122985e-05
2_20_3_0,1.0,0.3,0.0001424957787574953
2_20_3_1,1.0,0.3,0.0007033327614922828
2_20_3_2,1.0,0.3,0.00026432525304060105
2_20_3_3,1.0,0.3,2.6086821677725355e-05
2_20_3_4,1.0,0.3,2.0500865132167788e-06
2_20_3_5,1.0,0.3,4.018539252057025e-05
3_20_3_0,1.0,0.3,0.0002793491469659837
3_20_3_1,1.0,0.3,0.0012768470707823702
3_20_3_2,1.0,0.3,0.000214423825923583
3_20_3_3,1.0,0.3,6.802776350621304e-05
3_20_3_4,1.0,0.3,2.4524338169186807e-05
3_20_3_5,1.0,0.3,3.657075393965466e-05
4_20_3_0,1.0,0.3,0.0004624952543124997
4_20_3_1,1.0,0.3,0.0015861052078437964
4_20_3_2,1.0,0.3,0.0003807374952224181
4_20_3_3,1.0,0.3,6.272835420899067e-05
4_20_3_4,1.0,0.3,2.2026325160730453e-05
4_20_3_5,1.0,0.3,3.800512328255502e-05
0_20_4_0,1.0,0.4,0.001511447665982087
0_20_4_1,1.0,0.4,0.008102063054446844
0_20_4_2,1.0,0.4,0.0066884282608428176
0_20_4_3,1.0,0.4,0.0009005479652652029
0_20_4_4,1.0,0.4,0.0004227904403255604
0_20_4_5,1.0,0.4,0.0007689446851432686
1_20_4_0,1.0,0.4,0.004342762840121376
1_20_4_1,1.0,0.4,0.006506181911883062
1_20_4_2,1.0,0.4,0.0034421343471996713
1_20_4_3,1.0,0.4,0.0005635504319018936
1_20_4_4,1.0,0.4,0.00026923878931200073
1_20_4_5,1.0,0.4,0.0005484467052577815
2_20_4_0,1.0,0.4,0.0036366068814003443
2_20_4_1,1.0,0.4,0.006182435571614646
2_20_4_2,1.0,0.4,0.009313034780364271
2_20_4_3,1.0,0.4,0.0007512924644461328
2_20_4_4,1.0,0.4,0.0003443082772488778
2_20_4_5,1.0,0.4,0.001445771819526751
3_20_4_0,1.0,0.4,0.0015114535644074076
3_20_4_1,1.0,0.4,0.00638090049640074
3_20_4_2,1.0,0.4,0.0020610265734616294
3_20_4_3,1.0,0.4,0.0010867359549985266
3_20_4_4,1.0,0.4,0.0003979849181544478
3_20_4_5,1.0,0.4,0.0005403722332099501
4_20_4_0,1.0,0.4,0.0013165943863565266
4_20_4_1,1.0,0.4,0.009002232993409146
4_20_4_2,1.0,0.4,0.005648656068459797
4_20_4_3,1.0,0.4,0.001997769064744396
4_20_4_4,1.0,0.4,0.0006290578339779088
4_20_4_5,1.0,0.4,0.0023763596988735564
0_20_5_0,1.0,0.5,0.010601309044702514
0_20_5_1,1.0,0.5,0.040251548627571826
0_20_5_2,1.0,0.5,0.03102385217791856
0_20_5_3,1.0,0.5,0.007140446949307306
0_20_5_4,1.0,0.5,0.009008759880185643
0_20_5_5,1.0,0.5,0.005825718593705825
1_20_5_0,1.0,0.5,0.006653222575667141
1_20_5_1,1.0,0.5,0.02548900195836809
1_20_5_2,1.0,0.5,0.03075380704271063
1_20_5_3,1.0,0.5,0.009725114322548332
1_20_5_4,1.0,0.5,0.007247485745789318
1_20_5_5,1.0,0.5,0.006270789472903549
2_20_5_0,1.0,0.5,0.01542036046159245
2_20_5_1,1.0,0.5,0.03630999583882189
2_20_5_2,1.0,0.5,0.03015082460351292
2_20_5_3,1.0,0.5,0.012684130337995009
2_20_5_4,1.0,0.5,0.005369816825166974
2_20_5_5,1.0,0.5,0.01062688800284312
3_20_5_0,1.0,0.5,0.008224230396087146
3_20_5_1,1.0,0.5,0.03419457034575191
3_20_5_2,1.0,0.5,0.028048709264815085
3_20_5_3,1.0,0.5,0.011674256748372174
3_20_5_4,1.0,0.5,0.0045994475849367045
3_20_5_5,1.0,0.5,0.010694604068997906
4_20_5_0,1.0,0.5,0.014115590636230113
4_20_5_1,1.0,0.5,0.031844668092628446
4_20_5_2,1.0,0.5,0.036877801470809254
4_20_5_3,1.0,0.5,0.014246231569821997
4_20_5_4,1.0,0.5,0.007203922461987736
4_20_5_5,1.0,0.5,0.016409727792276084
0_20_6_0,1.0,0.6,0.06188974922868751
0_20_6_1,1.0,0.6,0.175037284498594
0_20_6_2,1.0,0.6,0.15188788486642898
0_20_6_3,1.0,0.6,0.06417058858456859
0_20_6_4,1.0,0.6,0.08687739250786267
0_20_6_5,1.0,0.6,0.07839304312195697
1_20_6_0,1.0,0.6,0.06304466360310265
1_20_6_1,1.0,0.6,0.12472664103013134
1_20_6_2,1.0,0.6,0.14007174304433398
1_20_6_3,1.0,0.6,0.05896704262613569
1_20_6_4,1.0,0.6,0.09293750101691463
1_20_6_5,1.0,0.6,0.0692705014920593
2_20_6_0,1.0,0.6,0.091899053066022
2_20_6_1,1.0,0.6,0.14303215306604875
2_20_6_2,1.0,0.6,0.1360035230780619
2_20_6_3,1.0,0.6,0.0758551165865525
2_20_6_4,1.0,0.6,0.07718059796811703
2_20_6_5,1.0,0.6,0.07646923077613649
3_20_6_0,1.0,0.6,0.1283464598243278
3_20_6_1,1.0,0.6,0.17900096527339332
3_20_6_2,1.0,0.6,0.16691121814146276
3_20_6_3,1.0,0.6,0.12150081505914967
3_20_6_4,1.0,0.6,0.09476927602635554
3_20_6_5,1.0,0.6,0.10205156453954028
4_20_6_0,1.0,0.6,0.08186307539376786
4_20_6_1,1.0,0.6,0.15323429159439583
4_20_6_2,1.0,0.6,0.1736438209482603
4_20_6_3,1.0,0.6,0.10887236934903374
4_20_6_4,1.0,0.6,0.09327816171261424
4_20_6_5,1.0,0.6,0.1192380225657541
0_20_7_0,1.0,0.7,0.38549787273247854
0_20_7_1,1.0,0.7,0.47871328701268456
0_20_7_2,1.0,0.7,0.4745869119532972
0_20_7_3,1.0,0.7,0.4291032315151948
0_20_7_4,1.0,0.7,0.4393108478522786
0_20_7_5,1.0,0.7,0.4637510706198307
1_20_7_0,1.0,0.7,0.4633391494345221
1_20_7_1,1.0,0.7,0.5896953740188017
1_20_7_2,1.0,0.7,0.5162021469849322
1_20_7_3,1.0,0.7,0.46170904976900806
1_20_7_4,1.0,0.7,0.5377464272228198
1_20_7_5,1.0,0.7,0.5928385196158752
2_20_7_0,1.0,0.7,0.37722816443977664
2_20_7_1,1.0,0.7,0.5923202488311108
2_20_7_2,1.0,0.7,0.5489385021659192
2_20_7_3,1.0,0.7,0.5293386917005729
2_20_7_4,1.0,0.7,0.5212211490654896
2_20_7_5,1.0,0.7,0.5025455345107152
3_20_7_0,1.0,0.7,0.990445971544166
3_20_7_1,1.0,0.7,0.773500275984403
3_20_7_2,1.0,0.7,0.676031973428355
3_20_7_3,1.0,0.7,0.7214612375314177
3_20_7_4,1.0,0.7,0.6618644672892947
3_20_7_5,1.0,0.7,0.550868082187945
4_20_7_0,1.0,0.7,0.990445971544166
4_20_7_1,1.0,0.7,0.9905003279401636
4_20_7_2,1.0,0.7,0.9503723811455811
4_20_7_3,1.0,0.7,0.7811105699974643
4_20_7_4,1.0,0.7,0.6090293797352142
4_20_7_5,1.0,0.7,0.7447881319712464
0_20_8_0,1.0,0.8,0.990445971544166
0_20_8_1,1.0,0.8,0.9909696896584391
0_20_8_2,1.0,0.8,0.9622519902216116
0_20_8_3,1.0,0.8,0.9914110087700296
0_20_8_4,1.0,0.8,0.987963043920149
0_20_8_5,1.0,0.8,0.9911620551115747
1_20_8_0,1.0,0.8,0.990445971544166
1_20_8_1,1.0,0.8,0.9909696896584391
1_20_8_2,1.0,0.8,0.9624846874236256
1_20_8_3,1.0,0.8,0.9861622147116994
1_20_8_4,1.0,0.8,0.9989505222730477
1_20_8_5,1.0,0.8,0.9995618525866977
2_20_8_0,1.0,0.8,0.990445971544166
2_20_8_1,1.0,0.8,0.9909696896584391
2_20_8_2,1.0,0.8,0.962311453722799
2_20_8_3,1.0,0.8,0.9901630751018091
2_20_8_4,1.0,0.8,0.9994628570782678
2_20_8_5,1.0,0.8,0.9994992749406649
3_20_8_0,1.0,0.8,0.990445971544166
3_20_8_1,1.0,0.8,0.9909696896584391
3_20_8_2,1.0,0.8,0.9621925347018945
3_20_8_3,1.0,0.8,0.9877494424180938
3_20_8_4,1.0,0.8,0.9854108561582605
3_20_8_5,1.0,0.8,0.999999991769341
4_20_8_0,1.0,0.8,0.990445971544166
4_20_8_1,1.0,0.8,0.9909696896584391
4_20_8_2,1.0,0.8,0.9624846874236256
4_20_8_3,1.0,0.8,0.9898308516926346
4_20_8_4,1.0,0.8,0.9990143198220857
4_20_8_5,1.0,0.8,0.9907311692074048
0_20_9_0,1.0,0.9,0.990445971544166
0_20_9_1,1.0,0.9,0.9909696896584391
0_20_9_2,1.0,0.9,0.9622519902216116
0_20_9_3,1.0,0.9,0.9846054437907792
0_20_9_4,1.0,0.9,0.9999999256816904
0_20_9_5,1.0,0.9,0.9999999912151146
1_20_9_0,1.0,0.9,0.990445971544166
1_20_9_1,1.0,0.9,0.9909696896584391
1_20_9_2,1.0,0.9,0.962311453722799
1_20_9_3,1.0,0.9,0.9796505849575452
1_20_9_4,1.0,0.9,0.9999999571275221
1_20_9_5,1.0,0.9,0.9999999912535622
2_20_9_0,1.0,0.9,0.990445971544166
2_20_9_1,1.0,0.9,0.9909696896584391
2_20_9_2,1.0,0.9,0.9622519902216116
2_20_9_3,1.0,0.9,0.9856308920347182
2_20_9_4,1.0,0.9,0.9999999313578244
2_20_9_5,1.0,0.9,0.9999999912209674
3_20_9_0,1.0,0.9,0.990445971544166
3_20_9_1,1.0,0.9,0.9909696896584391
3_20_9_2,1.0,0.9,0.9621925347018945
3_20_9_3,1.0,0.9,0.9796505849575452
3_20_9_4,1.0,0.9,0.9999999516274765
3_20_9_5,1.0,0.9,0.999999991195772
4_20_9_0,1.0,0.9,0.990445971544166
4_20_9_1,1.0,0.9,0.9909696896584391
4_20_9_2,1.0,0.9,0.9622519902216116
4_20_9_3,1.0,0.9,0.9854648216003522
4_20_9_4,1.0,0.9,0.9999999439845557
4_20_9_5,1.0,0.9,0.9999999912209674
0_20_10_0,1.0,1.0,0.990445971544166
0_20_10_1,1.0,1.0,0.9909696896584391
0_20_10_2,1.0,1.0,0.9621925347018945
0_20_10_3,1.0,1.0,0.9779620457600492
0_20_10_4,1.0,1.0,0.9999998684912728
0_20_10_5,1.0,1.0,0.9999999911599042
1_20_10_0,1.0,1.0,0.990445971544166
1_20_10_1,1.0,1.0,0.9909696896584391
1_20_10_2,1.0,1.0,0.9621925347018945
1_20_10_3,1.0,1.0,0.9779620457600492
1_20_10_4,1.0,1.0,0.9999998684912728
1_20_10_5,1.0,1.0,0.9999999911599042
2_20_10_0,1.0,1.0,0.990445971544166
2_20_10_1,1.0,1.0,0.9909696896584391
2_20_10_2,1.0,1.0,0.9621925347018945
2_20_10_3,1.0,1.0,0.9779620457600492
2_20_10_4,1.0,1.0,0.9999998684912728
2_20_10_5,1.0,1.0,0.9999999911599042
3_20_10_0,1.0,1.0,0.990445971544166
3_20_10_1,1.0,1.0,0.9909696896584391
3_20_10_2,1.0,1.0,0.9621925347018945
3_20_10_3,1.0,1.0,0.9779620457600492
3_20_10_4,1.0,1.0,0.9999998684912728
3_20_10_5,1.0,1.0,0.9999999911599042
4_20_10_0,1.0,1.0,0.990445971544166
4_20_10_1,1.0,1.0,0.9909696896584391
4_20_10_2,1.0,1.0,0.9621925347018945
4_20_10_3,1.0,1.0,0.9779620457600492
4_20_10_4,1.0,1.0,0.9999998684912728
4_20_10_5,1.0,1.0,0.9999999911599042
