name,agents_average_initial_opinion,technology_success_rate,k_S->Q,k_S->L,k_Q->L,k_Q->B,k_L->Q,k_L->B,k_B->S
0_0_0,-1.0,0.0,0.0,0.0,0.0,0.0,0.0,0.0,0.0
0_0_1,-1.0,0.1,0.0,0.0,0.0,0.0,0.0,0.0,0.0
0_0_2,-1.0,0.2,0.0,0.0,0.0,0.0,0.0,0.0,0.0
0_0_3,-1.0,0.3,0.0,0.0,0.0,0.0,0.0,0.0,0.0
0_0_4,-1.0,0.4,0.0,0.0,0.0,0.0,0.0,0.0,0.0
0_0_5,-1.0,0.5,0.0,0.0,0.0,0.0,0.0,0.0,0.0
0_0_6,-1.0,0.6,0.0,0.0,0.0,0.0,0.0,0.0,0.0
0_0_7,-1.0,0.7,0.0,0.0,0.0,0.0,0.0,0.0,0.0
0_0_8,-1.0,0.8,0.0,0.0,0.0,0.0,0.0,0.0,0.0
0_0_9,-1.0,0.9,0.0,0.0,0.0,0.0,0.0,0.0,0.0
0_0_10,-1.0,1.0,0.0,0.0,0.0,0.0,0.0,0.0,0.0
0_1_0,-0.9,0.0,0.0,0.0,0.0,0.0,0.0,0.0,0.0
0_1_1,-0.9,0.1,0.0,0.0,0.0,0.0,0.0,0.0,0.0
0_1_2,-0.9,0.2,0.0,0.0,0.0,0.0,0.0,0.0,0.0
0_1_3,-0.9,0.3,0.0,0.0,0.0,0.0,0.0,0.0,0.0
0_1_4,-0.9,0.4,0.0,0.0,0.0,0.0,0.0,0.0,0.0
0_1_5,-0.9,0.5,0.0,0.0,0.0,0.0,0.0,0.0,0.0
0_1_6,-0.9,0.6,0.0,0.0,0.0,0.0,0.0,0.0,0.0
0_1_7,-0.9,0.7,0.0,0.0,0.0,0.0,0.0,0.0,0.0
0_1_8,-0.9,0.8,0.0,0.0,0.0,0.0,0.0,0.0,0.0
0_1_9,-0.9,0.9,0.0,0.0,0.0,0.0,0.0,0.0,0.0
0_1_10,-0.9,1.0,0.0,0.0,0.0,0.0,0.0,0.0,0.0
0_2_0,-0.8,0.0,0.0,0.0,0.0,0.0,0.0,0.0,0.0
0_2_1,-0.8,0.1,0.0,0.0,0.0,0.0,0.0,0.0,0.0
0_2_2,-0.8,0.2,0.0,0.0,0.0,0.0,0.0,0.0,0.0
0_2_3,-0.8,0.3,0.0,0.0,0.0,0.0,0.0,0.0,0.0
0_2_4,-0.8,0.4,0.0,0.0,0.0,0.0,0.0,0.0,0.0
0_2_5,-0.8,0.5,0.0,0.0,0.0,0.0,0.0,0.0,0.0
0_2_6,-0.8,0.6,0.0,0.0,0.0,0.0,0.0,0.0,0.0
0_2_7,-0.8,0.7,0.0,0.0,0.0,0.0,0.0,0.0,0.0
0_2_8,-0.8,0.8,0.0,0.0,0.0,0.0,0.0,0.0,0.0
0_2_9,-0.8,0.9,0.0,0.0,0.0,0.0,0.0,0.0,0.0
0_2_10,-0.8,1.0,0.0,0.0,0.0,0.0,0.0,0.0,0.0
0_3_0,-0.7,0.0,0.0,0.0,0.0,0.0,0.0,0.0,0.0
0_3_1,-0.7,0.1,0.0,0.0,0.0,0.0,0.0,0.0,0.0
0_3_2,-0.7,0.2,0.0,0.0,0.0,0.0,0.0,0.0,0.0
0_3_3,-0.7,0.3,0.0,0.0,0.0,0.0,0.0,0.0,0.0
0_3_4,-0.7,0.4,0.0,0.0,0.0,0.0,0.0,0.0,0.0
0_3_5,-0.7,0.5,0.0,0.0,0.0,0.0,0.0,0.0,0.0
0_3_6,-0.7,0.6,0.0,0.0,0.0,0.0,0.0,0.0,0.0
0_3_7,-0.7,0.7,0.0,0.0,0.0,0.0,0.0,0.0,0.0
0_3_8,-0.7,0.8,0.0,0.0,0.0,0.0,0.0,0.0,0.0
0_3_9,-0.7,0.9,0.0,0.0,0.0,0.0,0.0,0.0,0.0
0_3_10,-0.7,1.0,0.0,0.0,0.0,0.0,0.0,0.0,0.0
0_4_0,-0.6,0.0,0.0040168209253499555,0.0040168209253499555,0.0,0.0,0.0,0.0,0.0
0_4_1,-0.6,0.1,0.0040168209253499555,0.0040168209253499555,0.0,0.0,0.0,0.0,0.0
0_4_2,-0.6,0.2,0.0040168209253499555,0.0040168209253499555,0.0,0.0,0.0,0.0,0.0
0_4_3,-0.6,0.3,0.0040168209253499555,0.0040168209253499555,0.0,0.0,0.0,0.0,0.0
0_4_4,-0.6,0.4,0.0040168209253499555,0.0040168209253499555,0.0,0.0,0.0,0.0,0.0
0_4_5,-0.6,0.5,0.0040168209253499555,0.0040168209253499555,0.0,0.0,0.0,0.0,0.0
0_4_6,-0.6,0.6,0.0040168209253499555,0.0040168209253499555,0.0,0.0,0.0,0.0,0.0
0_4_7,-0.6,0.7,0.0040168209253499555,0.0040168209253499555,0.0,0.0,0.0,0.0,0.0
0_4_8,-0.6,0.8,0.0040168209253499555,0.0040168209253499555,0.0,0.0,0.0,0.0,0.0
0_4_9,-0.6,0.9,0.0040168209253499555,0.0040168209253499555,0.0,0.0,0.0,0.0,0.0
0_4_10,-0.6,1.0,0.0040168209253499555,0.0040168209253499555,0.0,0.0,0.0,0.0,0.0
0_5_0,-0.5,0.0,0.09728523297398496,0.11940432548108584,0.0036865154178502067,0.03349665740627123,0.0,0.0,0.0
0_5_1,-0.5,0.1,0.09728523297398496,0.11940432548108584,0.0036865154178502067,0.03349665740627123,0.0,0.0,0.0
0_5_2,-0.5,0.2,0.09728523297398496,0.11940432548108584,0.0036865154178502067,0.03349665740627123,0.0,0.0,0.0
0_5_3,-0.5,0.3,0.09728523297398496,0.11940432548108584,0.0036865154178502067,0.03349665740627123,0.0,0.0,0.0
0_5_4,-0.5,0.4,0.09728523297398496,0.11940432548108584,0.0036865154178502067,0.03349665740627123,0.0,0.0,0.0
0_5_5,-0.5,0.5,0.09728523297398496,0.11940432548108584,0.0036865154178502067,0.03349665740627123,0.0,0.0,0.0
0_5_6,-0.5,0.6,0.06926087418453035,0.09130844731528703,0.0037053177831654696,0.025091476409886196,0.0,0.0,0.0
0_5_7,-0.5,0.7,0.06926087418453035,0.09130844731528703,0.0037053177831654696,0.025091476409886196,0.0,0.0,0.0
0_5_8,-0.5,0.8,0.06926087418453035,0.09130844731528703,0.0037053177831654696,0.025091476409886196,0.0,0.0,0.0
0_5_9,-0.5,0.9,0.06926087418453035,0.09130844731528703,0.0037053177831654696,0.025091476409886196,0.0,0.0,0.0
0_5_10,-0.5,1.0,0.06926087418453035,0.09130844731528703,0.0037053177831654696,0.025091476409886196,0.0,0.0,0.0
0_6_0,-0.4,0.0,0.2656764385676637,0.3368309964217927,0.008894319731766246,0.18452556221443325,0.0,0.0,0.0
0_6_1,-0.4,0.1,0.2656764385676637,0.3368309964217927,0.008894319731766246,0.18452556221443325,0.0,0.0,0.0
0_6_2,-0.4,0.2,0.2656764385676637,0.3368309964217927,0.008894319731766246,0.18452556221443325,0.0,0.0,0.0
0_6_3,-0.4,0.3,0.24578104659059985,0.3172619543213138,0.008957358473594301,0.1747734169491573,0.0,0.0,0.0
0_6_4,-0.4,0.4,0.24578104659059985,0.3172619543213138,0.008957358473594301,0.1747734169491573,0.0,0.0,0.0
0_6_5,-0.4,0.5,0.17901175772611308,0.2492658593986228,0.009331023950742773,0.13717787324319347,0.0,0.0,0.0
0_6_6,-0.4,0.6,0.1752903446726013,0.2443854187780077,0.009398212157366557,0.13707313833062731,0.0,0.0,0.0
0_6_7,-0.4,0.7,0.1381492759496919,0.2017741889978314,0.009787123359220731,0.1262044150857584,0.0,0.0,0.0
0_6_8,-0.4,0.8,0.07645533827373723,0.023850156716165402,0.11052603290071276,0.028625368226676478,0.0,0.0,0.0
0_6_9,-0.4,0.9,0.11255753875301724,0.0,0.23006940619676114,0.0,0.0,0.0,0.000224640024456279
0_6_10,-0.4,1.0,0.1789881660457976,0.0,0.2730979737930316,0.0,0.0,0.0,0.0003476049356990297
0_7_0,-0.3,0.0,0.2044348258215248,0.2960298013228756,0.031109674403247446,0.8276468304330782,0.0,0.0,0.0
0_7_1,-0.3,0.1,0.13665236853250137,0.23632118765804838,0.046007003660449075,0.6602713861860249,0.0,0.0,0.0
0_7_2,-0.3,0.2,0.129545064974859,0.22906479968359397,0.04880607868262026,0.6341280151206485,0.0,0.0,0.0
0_7_3,-0.3,0.3,0.09212628529422776,0.1830005853093449,0.05596356757980314,0.5943580511588815,0.0,0.0,0.0
0_7_4,-0.3,0.4,0.053651323630793876,0.12409406582933939,0.08079374760769693,0.4370628826249895,0.0,0.0,0.0
0_7_5,-0.3,0.5,0.03959946750425079,0.09986021527077235,0.08856874015493459,0.40711319586626643,0.0,0.0,0.0
0_7_6,-0.3,0.6,0.023772749710708856,0.05342208329585716,0.08982820328922508,0.3230978919155523,0.0,0.0,0.0
0_7_7,-0.3,0.7,0.009451933326303051,0.016280865251811178,0.13692139920771215,0.18793031754299708,0.0,0.0,0.0
0_7_8,-0.3,0.8,0.1666059286634334,0.01095674435730139,0.10945529227450614,0.02326709094582048,0.0,0.0,0.0
0_7_9,-0.3,0.9,0.15672617185021112,0.0,0.1901919215452567,0.0,0.0,0.0,0.0
0_7_10,-0.3,1.0,0.23784670569813965,0.0,0.27203835226414547,0.0,0.0,0.0,2.1043144875820516e-05
0_8_0,-0.2,0.0,0.1677895906327115,0.15129603463783622,0.11543280476422815,0.8013112010156256,0.0020564700737529177,0.03810435534730029,0.0
0_8_1,-0.2,0.1,0.1539245144952173,0.1384038682629371,0.11833454940947248,0.792122235853738,0.0019539296284539344,0.03743264924690359,0.0
0_8_2,-0.2,0.2,0.08093437636300255,0.07009520047760412,0.1477884248859354,0.7155507924169603,0.0012507779826179178,0.0315423537517236,0.0
0_8_3,-0.2,0.3,0.08297489788342197,0.08424723752531213,0.050130049739210626,0.692503071063255,0.0026680576603339548,0.02088265805904843,0.0
0_8_4,-0.2,0.4,0.0599143810364527,0.05012955671093923,0.06847588403972324,0.5914196804243961,0.0013625030413970075,0.014502929661660746,0.0
0_8_5,-0.2,0.5,0.02826588886143602,0.025838314669794197,0.11338259407726793,0.4776918693171873,0.0008240351740895143,0.019231131332496085,0.0
0_8_6,-0.2,0.6,0.021726909977420942,0.01549549043660109,0.16416624725724757,0.38396918773291794,0.0008370450013584877,0.008338117773452185,0.0
0_8_7,-0.2,0.7,0.02427811868318267,0.0,0.12716698893396466,0.2144013631677394,0.0,0.0,0.0
0_8_8,-0.2,0.8,0.10063844928939444,0.0,0.07148203279472634,0.024714343283003374,0.0,0.0031888176733296416,0.00794931642267044
0_8_9,-0.2,0.9,0.22872405411723098,0.0,0.18373673607482469,0.0,0.0,0.0,0.0014995055331802438
0_8_10,-0.2,1.0,0.23156229515654336,0.0,0.2371169502032476,0.0,0.0,0.0,0.001226566892595885
0_9_0,-0.1,0.0,0.1679064527767862,0.09425680361720466,0.0,0.966777074999034,0.0987681627535358,0.2866934902599557,0.0
0_9_1,-0.1,0.1,0.16291311414482784,0.05324924856513895,0.0,0.9589460391496591,0.18138755028151757,0.20265671646424538,0.0
0_9_2,-0.1,0.2,0.08280960950957333,0.05335611092643997,0.0,0.7398191349233483,0.13738495901149175,0.203325982131434,0.0
0_9_3,-0.1,0.3,0.04339787071630053,0.04660404809804207,0.0,0.5625092857010785,0.21809201403445472,0.16858215942841884,0.0
0_9_4,-0.1,0.4,0.13216736723868183,0.0,0.0,0.5607581645033953,0.15649236060313731,0.0568454731443546,0.0
0_9_5,-0.1,0.5,0.0141773302237212,0.04037398308526056,0.0,0.23242192878135998,0.3743855364120148,0.0009531789399101786,0.0
0_9_6,-0.1,0.6,0.005541552778266118,0.016879079651025447,0.0,0.13571552631137704,0.3095767253383049,0.0287852367982665,0.0
0_9_7,-0.1,0.7,0.036950918561518734,0.0,0.06263294496820146,0.09017386618960661,0.6788096344559609,0.0,0.0
0_9_8,-0.1,0.8,0.05805860444863084,0.0,0.10362550377664796,0.0,0.0,0.002095624587326217,0.0028963635730356262
0_9_9,-0.1,0.9,0.12274291010063028,0.002950616587241776,0.15594725289220748,0.0,0.0,0.00040162186143317784,0.004031157023893422
0_9_10,-0.1,1.0,0.2453029718293197,0.0,0.22872995591753337,0.0,0.0,0.0008746349833574491,0.016636076014077614
0_10_0,0.0,0.0,0.14855313522885166,0.07946717840435161,0.0,0.8621275921483939,0.5967769563676216,0.30347720917267323,0.0
0_10_1,0.0,0.1,0.12468778687077244,0.08685714166391792,0.0,0.6952560660366991,0.6232301802039082,0.3246354469773755,0.0
0_10_2,0.0,0.2,0.0826775168137232,0.06979351935227614,0.0,0.6317295116517905,0.7424969159190155,0.12553010957105232,0.0
0_10_3,0.0,0.3,0.03384913598871723,0.06708947704542519,0.0,0.5071368937770975,0.7947449916900744,0.0,0.0
0_10_4,0.0,0.4,0.11356573228252213,0.009229403698321682,0.0,0.4576159484565069,0.44312436488478046,0.0,0.0
0_10_5,0.0,0.5,0.032026120034124084,0.048817183367707205,0.015623582166412412,0.3379990966570588,0.4875809259707297,0.0,0.0
0_10_6,0.0,0.6,0.03907700381308503,0.028992991563245418,0.08251378176686441,0.18242485510746434,0.09335589408514594,0.14555721230627078,0.0
0_10_7,0.0,0.7,0.018343541118283745,0.0,0.08374169298400981,0.0724424302781495,0.29709959757431204,0.0,0.0
0_10_8,0.0,0.8,0.08927185136329104,0.0,0.08547012228547209,0.008173608104980806,0.0,0.00012792230218858762,0.004890086064759344
0_10_9,0.0,0.9,0.1733140533723689,0.0,0.18348877416276552,0.0,0.0,0.00021009173072729248,0.017161959426472268
0_10_10,0.0,1.0,0.28034801552449135,0.0,0.23753472563362443,0.0,0.0,0.00048503323284349644,0.020238702019569624
0_11_0,0.1,0.0,0.03969130915275364,0.06914838176174984,0.0,0.6843421915812165,0.6288526797671654,0.0,0.0
0_11_1,0.1,0.1,0.06431162063920184,0.04498985818365665,0.0,0.622852674928959,0.5619325321775832,0.0,0.0
0_11_2,0.1,0.2,0.07863123146334959,0.062301312890454104,0.0,0.5451190090852667,0.4758335015833522,0.0,0.0
0_11_3,0.1,0.3,0.011889607441747392,0.058736354426832525,0.0025906998592113845,0.41627315099998285,0.5179313734167795,0.0,0.0
0_11_4,0.1,0.4,0.07569887771947426,0.0,0.036316324091898076,0.3596845513084716,0.3096881578715776,0.0,0.0
0_11_5,0.1,0.5,0.0026386442463804836,0.036774004408830524,0.03387322422682535,0.24799827174303482,0.3361281166296828,0.0,0.0
0_11_6,0.1,0.6,0.011626673553737138,0.02155662248463974,0.05447223314011862,0.15863423983606934,0.2132830355382058,0.0,0.0
0_11_7,0.1,0.7,0.029488478812964198,0.0,0.07676802035100543,0.04866959964941275,0.08954104422046383,0.026735557146501374,0.0
0_11_8,0.1,0.8,0.12127583387669982,0.0,0.10452482490834095,0.0,0.0,0.0008534307388754143,0.010797007769248053
0_11_9,0.1,0.9,0.25744867997860293,0.0,0.1979637927780738,0.0,0.0,0.0,0.34131761266371435
0_11_10,0.1,1.0,0.4278879099471516,0.0,0.25713225707327975,0.0,0.0,0.0,0.26610050915830785
0_12_0,0.2,0.0,0.06728955760668501,0.027923414257407686,0.07692853737855398,0.5916468773887388,0.5814666198545402,0.0,0.0
0_12_1,0.2,0.1,0.0,0.03155966512089352,0.008444312082044797,0.46057022607991993,0.37897972953433634,0.0,0.0
0_12_2,0.2,0.2,0.07434950537939793,0.0,0.2584311539313318,0.45773821362208594,0.6810592726926857,0.0,0.0
0_12_3,0.2,0.3,0.04963462561442829,0.049799847377677293,0.18217204917690372,0.3231194748015645,0.5345309875245626,0.03310460990587067,0.0
0_12_4,0.2,0.4,0.04702897729953515,0.0,0.058646133702058845,0.2728816901643604,0.30181559770218525,0.0,0.0
0_12_5,0.2,0.5,0.02553519926808898,0.0,0.19313325247084384,0.1559209895229963,0.5544953384363721,0.0,0.0
0_12_6,0.2,0.6,0.0,0.0,0.12937119800254968,0.07894695290445979,0.2925907038959655,0.0,0.0
0_12_7,0.2,0.7,0.0,0.010631795866026772,0.038899777442123376,0.0,0.0015641085102428098,0.05653518745983936,0.0
0_12_8,0.2,0.8,0.22277954416340526,0.0,0.10606987334507013,0.002655235188943474,0.0005916087076278828,0.0001744299636970487,0.07713390109276608
0_12_9,0.2,0.9,0.2837900001429984,0.05058928836512538,0.18800247220495458,0.0,0.0,0.0,0.08482956719816516
0_12_10,0.2,1.0,0.3208653552207319,0.08855728339783793,0.24789779973475404,0.0,0.0,0.0,0.09457991206750847
0_13_0,0.3,0.0,0.0,0.03428074462614729,0.0866157131484625,0.4571407383014511,0.6208134512024835,0.0,0.0
0_13_1,0.3,0.1,0.04785082280770351,0.0010831164190056152,0.16052489448535653,0.40670720411772876,0.589252049052999,0.0,0.0
0_13_2,0.3,0.2,0.02448947268882683,0.0,0.10721853541344908,0.3593751823998489,0.4697855235797198,0.0,0.0
0_13_3,0.3,0.3,0.0,0.010970705336369891,0.15512258376251317,0.2371662819289255,0.49031344325308707,0.0,0.0
0_13_4,0.3,0.4,0.04238035733359249,0.0,0.26577737966218146,0.23127032519465276,0.4933842995749767,0.0,0.0
0_13_5,0.3,0.5,0.0019074014721107383,0.006255201812852561,0.29414559377667204,0.15183289462183533,0.4216501836581156,0.0,0.0
0_13_6,0.3,0.6,0.013183757684547472,0.0,0.025424401898530045,0.09943800392433147,0.09603962463591782,0.0,0.0
0_13_7,0.3,0.7,0.015751923825229882,0.0,0.15135094462463117,0.05386686847498979,0.1234149784288444,0.0,0.0
0_13_8,0.3,0.8,0.215057726599447,0.0,0.14225953512407888,0.005081983775822604,0.0030713043399912474,0.0001310271522690506,0.024578662543046713
0_13_9,0.3,0.9,0.4195516443042594,0.17595044575006394,0.21904915798217603,0.0,0.0003259520318249483,0.0,0.0
0_13_10,0.3,1.0,0.42579730374945657,0.1597738185517569,0.2685241168144002,0.0,0.0,0.0,0.0
0_14_0,0.4,0.0,0.0,0.020386959831118743,0.13445573281105935,0.36775387739394455,0.4821884602060195,0.0,0.0
0_14_1,0.4,0.1,0.0,0.01716467029208276,0.01629814083901698,0.32563912122465893,0.3502520326421089,0.0,0.0
0_14_2,0.4,0.2,0.0,0.0,0.1459614625674423,0.28612412212763183,0.42246799410489844,0.0,0.0
0_14_3,0.4,0.3,0.0319198694582228,0.0,0.14913469818219532,0.22759167860320922,0.36022320973905786,0.0,0.0
0_14_4,0.4,0.4,0.03582786676647642,0.0,0.19402835059660054,0.1897153186671403,0.31929111519785836,0.0,0.0
0_14_5,0.4,0.5,0.029511663629286672,0.003488924971596927,0.14642898050238673,0.14078111634093107,0.18756147406589502,0.0,0.0
0_14_6,0.4,0.6,0.0,0.0,0.0,0.09861489851031602,0.037827156785486114,0.0,0.0
0_14_7,0.4,0.7,0.02334301765050076,0.0,0.12226750530234082,0.0639629410449451,0.0609367049487426,0.0,0.0
0_14_8,0.4,0.8,0.05650773646219209,0.015824640354950473,0.18350959933550404,0.0,0.0019395821098149874,0.0,0.0
0_14_9,0.4,0.9,0.013930669639404189,0.034703317244720706,0.29106262489268137,0.0,0.0006004737408432703,0.0,0.0
0_14_10,0.4,1.0,0.0069304750828866135,0.03539966197828907,0.37667609752459547,0.0,0.00025788677484427536,0.0,0.0
0_15_0,0.5,0.0,0.0,0.11540032042732266,0.0,0.3751146737908867,0.345033041764782,0.0,0.0
0_15_1,0.5,0.1,0.0,0.06826907496198126,0.0,0.31497251244150515,0.301449023031835,0.0,0.0
0_15_2,0.5,0.2,0.032093228008102825,0.010346594898043987,0.000873784359867802,0.3086587691032461,0.24823807492558086,0.0,0.0
0_15_3,0.5,0.3,0.0,0.03767813751980666,0.0,0.2052463646939069,0.18767387699894264,0.0,0.0
0_15_4,0.5,0.4,0.0,0.0023824307180126464,0.0,0.1728472055240435,0.1267193205766858,0.0,0.0
0_15_5,0.5,0.5,0.0,0.0,0.0,0.13845622403417582,0.08070993860488426,0.0,0.0
0_15_6,0.5,0.6,0.025645253154841945,0.0,0.024140102735160502,0.1302928420531247,0.050067645336806646,0.0,0.0
0_15_7,0.5,0.7,0.027018531399238786,0.0,0.030950367201925653,0.05040507846694107,0.026131928532215316,0.0,0.0
0_15_8,0.5,0.8,0.00017882438208426877,0.008393022537366512,0.2493908836703976,0.0,0.0015619924669065532,0.0,0.003457313872328257
0_15_9,0.5,0.9,0.0,0.0,0.3770083947101156,0.0,0.0010063574444122275,0.0,0.00429349755999899
0_15_10,0.5,1.0,0.0,0.0,0.40659381189466204,0.0,0.000308740932544181,0.0,0.004561271281201354
0_16_0,0.6,0.0,0.0,0.14636173105001743,0.0,0.3605838902733176,0.2750938227108824,0.0,0.0
0_16_1,0.6,0.1,0.0,0.11055541352296988,0.0,0.2934115762324591,0.22490088809350625,0.0,0.0
0_16_2,0.6,0.2,0.0,0.06570425505119466,0.0,0.25876098707448525,0.17891501241126773,0.0,0.0
0_16_3,0.6,0.3,0.0,0.05036740763844183,0.0,0.18978767471518446,0.1444310833700519,0.0,0.0
0_16_4,0.6,0.4,0.013857555579813559,0.0,0.0,0.18613799051900004,0.1029174185381569,0.0,0.0
0_16_5,0.6,0.5,0.03364573937328567,0.0,0.0,0.15688791995471532,0.06050485968249198,0.0,0.0
0_16_6,0.6,0.6,0.009912701690996317,0.0,0.0,0.09669706044995798,0.03667111598897648,0.0,0.0
0_16_7,0.6,0.7,0.06462380996436114,0.0,0.0,0.08466701078519058,0.011278845692045143,0.0,0.0035405816480426344
0_16_8,0.6,0.8,0.0,0.0,0.23913825997770585,0.0,0.0007851883473583127,0.0,0.0035601797642110843
0_16_9,0.6,0.9,0.0,0.0,0.29117959146584443,0.005247987115949144,0.00023569316289608573,0.0,0.00404916090538957
0_16_10,0.6,1.0,0.0,0.0,0.3336894209121714,0.014521467995016924,0.0,0.0,0.004463926579046636
0_17_0,0.7,0.0,0.0,0.2344479837754391,0.0,0.34719588518530137,0.22830102995484175,0.0,0.0
0_17_1,0.7,0.1,0.024361480872247432,0.15339391151562498,0.0,0.28618557873653405,0.17810685942197993,0.0,0.0
0_17_2,0.7,0.2,0.0,0.0796710682794408,0.0,0.23731690664729105,0.147959807872765,0.0,0.0
0_17_3,0.7,0.3,0.007015022178876521,0.0793537473750679,0.0,0.19093782387391672,0.11693369067591944,0.0,0.0
0_17_4,0.7,0.4,0.0,0.02123523859989748,0.0,0.1521007783315132,0.08506700727993184,0.0,0.0
0_17_5,0.7,0.5,0.0,0.0,0.0,0.1164123003927236,0.056153229096273585,0.0,0.0
0_17_6,0.7,0.6,0.003084861530625323,0.0,0.0,0.08364188102301764,0.025201286812490457,0.0,0.0
0_17_7,0.7,0.7,0.008019250466034905,0.0,0.0,0.03343680231328255,0.009989721401288636,0.0,0.0
0_17_8,0.7,0.8,0.006727269759680596,0.0022729845969039846,0.17876440817617412,0.03285897602411733,0.0,0.0,0.0
0_17_9,0.7,0.9,0.006770937402104615,0.0022471222824755367,0.18159790531933165,0.03504589600659944,0.0,0.0,0.0
0_17_10,0.7,1.0,0.007238664532630642,0.001898550951592864,0.20265796498137614,0.04131363648726407,0.0,0.0,0.0
0_18_0,0.8,0.0,0.028839316426535803,0.21299192639804895,0.0,0.2956021460646921,0.17557672994530257,0.0,0.0
0_18_1,0.8,0.1,0.0,0.13349605843631032,0.0,0.2613799620417931,0.14165734347239622,0.0,0.0
0_18_2,0.8,0.2,0.053334181545271385,0.10530605768935777,0.0,0.257968234573456,0.12046640881863414,0.0,0.0
0_18_3,0.8,0.3,0.045660673731362234,0.0675930977142214,0.0,0.22854254250561848,0.09591115425799605,0.0,0.0
0_18_4,0.8,0.4,0.0013376811642793716,0.007691626965749194,0.0,0.15986702214059476,0.06652956138802603,0.0,0.0
0_18_5,0.8,0.5,0.0,0.0,0.0,0.12831535649171716,0.04159615834148832,0.0,0.0
0_18_6,0.8,0.6,0.018838310595835097,0.0,0.0,0.11320133786156109,0.019988395719040666,0.0,0.0
0_18_7,0.8,0.7,0.008453149366307611,0.0,0.0,0.048138593193389936,0.00916002692384494,0.0,0.0
0_18_8,0.8,0.8,0.0,0.0,0.19687418739723558,0.05561673992083744,0.0,0.0,0.0
0_18_9,0.8,0.9,0.0,0.0,0.2164511587445902,0.06311747259158015,0.0,0.0,0.0
0_18_10,0.8,1.0,0.0,0.0,0.22176226882642064,0.06553119025393853,0.0,0.0,0.0
0_19_0,0.9,0.0,0.10487635862763035,0.19937943172932363,0.0,0.36536545023193223,0.1496041866655777,0.0,0.0
0_19_1,0.9,0.1,0.06515785575719975,0.16826615967442862,0.0,0.29592409750675863,0.13033851535616026,0.0,0.0
0_19_2,0.9,0.2,0.002550086655009006,0.13761525555250687,0.0,0.24443117464913267,0.11004671374879195,0.0,0.0
0_19_3,0.9,0.3,0.0,0.0453701634385018,0.0,0.18044785371888877,0.07907458277002943,0.0,0.0
0_19_4,0.9,0.4,0.0,0.0,0.0,0.16404700345285803,0.051448369934017094,0.0,0.0
0_19_5,0.9,0.5,0.038851330989293116,0.0,0.0,0.20093367257196404,0.03537448323228788,0.0,0.0
0_19_6,0.9,0.6,0.01099549984249484,0.0,0.0,0.10145906799279043,0.01806856775934418,0.0,0.0
0_19_7,0.9,0.7,0.02779517488041427,0.0,0.0,0.06780564285830418,0.0060732498051031345,0.0,0.006591703334228139
0_19_8,0.9,0.8,0.0,0.0,0.2412606287493297,0.07203188749442034,0.0,0.0,0.0
0_19_9,0.9,0.9,0.0,0.0,0.2412606287493297,0.07203188749442034,0.0,0.0,0.0
0_19_10,0.9,1.0,0.0,0.0,0.2447099438584579,0.07325842209446382,0.0,0.0,0.0
0_20_0,1.0,0.0,0.25768746061751574,0.25768746061751574,0.08276846963807052,0.3470414698619337,0.14851235103411614,0.0,0.0
0_20_1,1.0,0.1,0.11723531023464405,0.18876689705415325,0.010811142362199733,0.3362663877144779,0.12316036108155252,0.0,0.0
0_20_2,1.0,0.2,0.03473443211917419,0.10399990222189794,0.0,0.2508684765111806,0.08659072004475961,0.0,0.0
0_20_3,1.0,0.3,0.0020513174407862434,0.0372885009844349,0.0,0.1809437457078275,0.06141561146667278,0.0,0.0
0_20_4,1.0,0.4,0.0,0.0,0.0,0.160210674564808,0.04338033638172458,0.0,0.0
0_20_5,1.0,0.5,0.03570802458431304,0.0,0.0,0.17427183361203502,0.029428905979337228,0.0,0.0
0_20_6,1.0,0.6,0.006066946063704935,0.0,0.0,0.0986934682663841,0.015187449889717436,0.0,0.0
0_20_7,1.0,0.7,0.02181411230788621,0.0,0.0,0.06627959105189801,0.005737300021397551,0.0,0.0
0_20_8,1.0,0.8,0.0,0.0,0.2412606287493297,0.07203188749442034,0.0,0.0,0.0
0_20_9,1.0,0.9,0.0,0.0,0.2412606287493297,0.07203188749442034,0.0,0.0,0.0
0_20_10,1.0,1.0,0.0,0.0,0.2447099438584579,0.07325842209446382,0.0,0.0,0.0
1_0_0,-1.0,0.0,0.0,0.0,0.0,0.0,0.0,0.0,0.0
1_0_1,-1.0,0.1,0.0,0.0,0.0,0.0,0.0,0.0,0.0
1_0_2,-1.0,0.2,0.0,0.0,0.0,0.0,0.0,0.0,0.0
1_0_3,-1.0,0.3,0.0,0.0,0.0,0.0,0.0,0.0,0.0
1_0_4,-1.0,0.4,0.0,0.0,0.0,0.0,0.0,0.0,0.0
1_0_5,-1.0,0.5,0.0,0.0,0.0,0.0,0.0,0.0,0.0
1_0_6,-1.0,0.6,0.0,0.0,0.0,0.0,0.0,0.0,0.0
1_0_7,-1.0,0.7,0.0,0.0,0.0,0.0,0.0,0.0,0.0
1_0_8,-1.0,0.8,0.0,0.0,0.0,0.0,0.0,0.0,0.0
1_0_9,-1.0,0.9,0.0,0.0,0.0,0.0,0.0,0.0,0.0
1_0_10,-1.0,1.0,0.0,0.0,0.0,0.0,0.0,0.0,0.0
1_1_0,-0.9,0.0,0.0,0.0,0.0,0.0,0.0,0.0,0.0
1_1_1,-0.9,0.1,0.0,0.0,0.0,0.0,0.0,0.0,0.0
1_1_2,-0.9,0.2,0.0,0.0,0.0,0.0,0.0,0.0,0.0
1_1_3,-0.9,0.3,0.0,0.0,0.0,0.0,0.0,0.0,0.0
1_1_4,-0.9,0.4,0.0,0.0,0.0,0.0,0.0,0.0,0.0
1_1_5,-0.9,0.5,0.0,0.0,0.0,0.0,0.0,0.0,0.0
1_1_6,-0.9,0.6,0.0,0.0,0.0,0.0,0.0,0.0,0.0
1_1_7,-0.9,0.7,0.0,0.0,0.0,0.0,0.0,0.0,0.0
1_1_8,-0.9,0.8,0.0,0.0,0.0,0.0,0.0,0.0,0.0
1_1_9,-0.9,0.9,0.0,0.0,0.0,0.0,0.0,0.0,0.0
1_1_10,-0.9,1.0,0.0,0.0,0.0,0.0,0.0,0.0,0.0
1_2_0,-0.8,0.0,0.0,0.0,0.0,0.0,0.0,0.0,0.0
1_2_1,-0.8,0.1,0.0,0.0,0.0,0.0,0.0,0.0,0.0
1_2_2,-0.8,0.2,0.0,0.0,0.0,0.0,0.0,0.0,0.0
1_2_3,-0.8,0.3,0.0,0.0,0.0,0.0,0.0,0.0,0.0
1_2_4,-0.8,0.4,0.0,0.0,0.0,0.0,0.0,0.0,0.0
1_2_5,-0.8,0.5,0.0,0.0,0.0,0.0,0.0,0.0,0.0
1_2_6,-0.8,0.6,0.0,0.0,0.0,0.0,0.0,0.0,0.0
1_2_7,-0.8,0.7,0.0,0.0,0.0,0.0,0.0,0.0,0.0
1_2_8,-0.8,0.8,0.0,0.0,0.0,0.0,0.0,0.0,0.0
1_2_9,-0.8,0.9,0.0,0.0,0.0,0.0,0.0,0.0,0.0
1_2_10,-0.8,1.0,0.0,0.0,0.0,0.0,0.0,0.0,0.0
1_3_0,-0.7,0.0,0.0,0.0,0.0,0.0,0.0,0.0,0.0
1_3_1,-0.7,0.1,0.0,0.0,0.0,0.0,0.0,0.0,0.0
1_3_2,-0.7,0.2,0.0,0.0,0.0,0.0,0.0,0.0,0.0
1_3_3,-0.7,0.3,0.0,0.0,0.0,0.0,0.0,0.0,0.0
1_3_4,-0.7,0.4,0.0,0.0,0.0,0.0,0.0,0.0,0.0
1_3_5,-0.7,0.5,0.0,0.0,0.0,0.0,0.0,0.0,0.0
1_3_6,-0.7,0.6,0.0,0.0,0.0,0.0,0.0,0.0,0.0
1_3_7,-0.7,0.7,0.0,0.0,0.0,0.0,0.0,0.0,0.0
1_3_8,-0.7,0.8,0.0,0.0,0.0,0.0,0.0,0.0,0.0
1_3_9,-0.7,0.9,0.0,0.0,0.0,0.0,0.0,0.0,0.0
1_3_10,-0.7,1.0,0.0,0.0,0.0,0.0,0.0,0.0,0.0
1_4_0,-0.6,0.0,0.0,0.0,0.0,0.0,0.0,0.0,0.0
1_4_1,-0.6,0.1,0.0,0.0,0.0,0.0,0.0,0.0,0.0
1_4_2,-0.6,0.2,0.0,0.0,0.0,0.0,0.0,0.0,0.0
1_4_3,-0.6,0.3,0.0,0.0,0.0,0.0,0.0,0.0,0.0
1_4_4,-0.6,0.4,0.0,0.0,0.0,0.0,0.0,0.0,0.0
1_4_5,-0.6,0.5,0.0,0.0,0.0,0.0,0.0,0.0,0.0
1_4_6,-0.6,0.6,0.0,0.0,0.0,0.0,0.0,0.0,0.0
1_4_7,-0.6,0.7,0.0,0.0,0.0,0.0,0.0,0.0,0.0
1_4_8,-0.6,0.8,0.0,0.0,0.0,0.0,0.0,0.0,0.0
1_4_9,-0.6,0.9,0.0,0.0,0.0,0.0,0.0,0.0,0.0
1_4_10,-0.6,1.0,0.0,0.0,0.0,0.0,0.0,0.0,0.0
1_5_0,-0.5,0.0,0.14943740488893303,0.14943740488893303,0.0,0.0,0.0,0.0,0.0
1_5_1,-0.5,0.1,0.14943740488893303,0.14943740488893303,0.0,0.0,0.0,0.0,0.0
1_5_2,-0.5,0.2,0.14943740488893303,0.14943740488893303,0.0,0.0,0.0,0.0,0.0
1_5_3,-0.5,0.3,0.14943740488893303,0.14943740488893303,0.0,0.0,0.0,0.0,0.0
1_5_4,-0.5,0.4,0.14943740488893303,0.14943740488893303,0.0,0.0,0.0,0.0,0.0
1_5_5,-0.5,0.5,0.14943740488893303,0.14943740488893303,0.0,0.0,0.0,0.0,0.0
1_5_6,-0.5,0.6,0.10751605094434351,0.10751605094434351,0.0,0.0,0.0,0.0,0.0
1_5_7,-0.5,0.7,0.0842164933485993,0.0842164933485993,0.0,0.0,0.0,0.0,0.0
1_5_8,-0.5,0.8,0.09192434512530825,0.09192434512530825,0.0,0.0,0.0,0.0,0.0
1_5_9,-0.5,0.9,0.14233317632770515,0.0,0.18175197551568228,0.018276908208572567,0.0,0.0017285561375015566,0.0005342721326168672
1_5_10,-0.5,1.0,0.20416372629272198,0.001803179908053067,0.2529348574911225,0.03598167445128494,0.0,0.0020703400588069423,0.0005472180256262062
1_6_0,-0.4,0.0,0.2719677262825415,0.3271419986355115,0.004140318447833492,0.2842050181843265,0.0,0.0,0.0
1_6_1,-0.4,0.1,0.2367658968962706,0.29200789246523734,0.004424071841696445,0.25385127763102544,0.0,0.0,0.0
1_6_2,-0.4,0.2,0.2367658968962706,0.29200789246523734,0.004424071841696445,0.25385127763102544,0.0,0.0,0.0
1_6_3,-0.4,0.3,0.2367658968962706,0.29200789246523734,0.004424071841696445,0.25385127763102544,0.0,0.0,0.0
1_6_4,-0.4,0.4,0.18951075310597393,0.2423140139449149,0.005188508692911776,0.2054052856153032,0.0,0.0,0.0
1_6_5,-0.4,0.5,0.10499477214150996,0.14557512129878605,0.007513980382484965,0.13410030535511624,0.0,0.0,0.0
1_6_6,-0.4,0.6,0.05015720410886776,0.0704914139504705,0.01117028601594293,0.10880816890610949,0.0,0.0,0.0
1_6_7,-0.4,0.7,0.041687332373293494,0.05973065432663373,0.01186606260698931,0.09141790525914195,0.0,0.0,0.0
1_6_8,-0.4,0.8,0.04140043181600471,0.007333536297068527,0.10536315855924135,0.009316776501052216,0.00234058845460281,0.0,0.0
1_6_9,-0.4,0.9,0.08896021544918596,0.0,0.16357848365006844,0.0,0.0,0.0,0.0013930898525661105
1_6_10,-0.4,1.0,0.14981419642465482,0.0,0.23890326819403643,0.0,0.0,0.0002778812311852669,0.0014375859695188171
1_7_0,-0.3,0.0,0.2376593386127199,0.21170777867338106,0.0,1.0944027220639845,0.004412621125774717,0.3128742233961547,0.0
1_7_1,-0.3,0.1,0.20653569899490568,0.1931522075586604,0.005460722012890878,0.981363520172615,0.003052100089067018,0.27882937090277915,0.0
1_7_2,-0.3,0.2,0.1538666810758647,0.154305487331639,0.01571133109678547,0.8292807847911662,0.0011662337308541468,0.23244841534125227,0.0
1_7_3,-0.3,0.3,0.11240218388270823,0.12353018913321143,0.029777651619272934,0.6620252508183205,3.1104307742011615e-05,0.18064217119972797,0.0
1_7_4,-0.3,0.4,0.06351169641165348,0.07874813384901402,0.052571109228974434,0.465200564496428,0.0,0.11789413007641517,0.0
1_7_5,-0.3,0.5,0.043695069032795165,0.05614210498504298,0.06376900616342948,0.40620074258510763,0.0,0.09783763897762222,0.0
1_7_6,-0.3,0.6,0.03717021031184004,0.04629852515736593,0.06376040074255043,0.2266934633615322,0.0,0.04276692926934828,0.0
1_7_7,-0.3,0.7,0.022920131150948844,0.007998798631668191,0.10087799128390787,0.33614227040093897,0.0,0.013656310194810969,0.0
1_7_8,-0.3,0.8,0.04261102001596632,0.0,0.06042379019079235,0.0,0.0,0.0015852718938806484,0.004317988618398448
1_7_9,-0.3,0.9,0.14406781019136872,0.0,0.17155237690742983,0.0,0.0,0.0013852997777071014,0.005095955559120199
1_7_10,-0.3,1.0,0.31132973944376235,0.0,0.24588145021181243,0.0,0.0,0.00119530350800723,0.005379418229108172
1_8_0,-0.2,0.0,0.17470187978757593,0.1705814674724682,0.11025997977345435,0.7293427587004436,0.005094627923948668,0.039940824446902654,0.0
1_8_1,-0.2,0.1,0.12647307131044955,0.12508554033166452,0.12626789653276088,0.6603820344045618,0.003979591543104146,0.022007538898810727,0.0
1_8_2,-0.2,0.2,0.08924901918059135,0.08917181334730946,0.17091988969554198,0.5672408036244609,0.002414042855425399,0.016368810086558043,0.0
1_8_3,-0.2,0.3,0.06365785470508784,0.06583827222652751,0.16982939566819463,0.5344286965347288,0.0022026109139248514,0.009049498679173061,0.0
1_8_4,-0.2,0.4,0.04073542436145501,0.03476303956371595,0.11366298561180208,0.4852982023025982,0.001232169736287937,0.0,0.0
1_8_5,-0.2,0.5,0.04916492272443464,0.021460118005746355,0.06217493496217656,0.40701486957983646,0.0061701045052756,0.0,0.0
1_8_6,-0.2,0.6,0.03956078412880489,0.005894704300358136,0.02461310621289298,0.2533711461274626,0.13323937228418753,0.14164375626358358,0.0
1_8_7,-0.2,0.7,0.02201189375499324,0.0,0.022136405817522475,0.13683530341600345,0.09995612217078484,0.005350310462946313,0.0
1_8_8,-0.2,0.8,0.16426901786618112,0.0,0.059671551065616266,0.00653087194985316,0.0,0.0,0.0017772819180230034
1_8_9,-0.2,0.9,0.18312123790685497,0.0,0.14354405161565686,0.0,0.0,0.0,0.0030761036238531395
1_8_10,-0.2,1.0,0.4229583593419054,0.0,0.23194526996917997,0.0,0.0,0.00019525560244053002,0.00463329874049232
1_9_0,-0.1,0.0,0.08142445934288323,0.09160579491618065,0.0,0.7164435088322185,0.2791329071577443,0.23250329274275355,0.0
1_9_1,-0.1,0.1,0.05825926550287706,0.11154712133405971,0.0,0.5757237100774114,0.4321807026195737,0.27373491170708125,0.0
1_9_2,-0.1,0.2,0.023757130073315716,0.07813742180892809,0.0,0.5107413281003798,0.4998919950397667,0.21925027477751172,0.0
1_9_3,-0.1,0.3,0.008279896730856552,0.06866442711463228,0.0,0.4582340126185567,0.552882786561159,0.1828738254860998,0.0
1_9_4,-0.1,0.4,0.0,0.03476573532790024,0.0,0.35292309192575216,0.5346163884704587,0.0,0.0
1_9_5,-0.1,0.5,0.0,0.029230369050681788,0.0,0.22370283596890292,0.5373166978119011,0.0,0.0
1_9_6,-0.1,0.6,0.0140159279700323,0.03776602197316448,0.0012363860107715357,0.15442403019933768,0.3760669871210034,0.0,0.0
1_9_7,-0.1,0.7,0.011382916468567063,0.0013170108595111224,0.0780835440632739,0.050823329077974266,0.5053206101592312,0.0,0.0
1_9_8,-0.1,0.8,0.08602019332669908,0.0,0.08517812338748205,0.017761090435682983,0.00043283188069172566,0.005499736852087885,0.07755862450712175
1_9_9,-0.1,0.9,0.07115433934379732,0.03465236163800927,0.1175562106065324,0.0,0.0,0.00034021291496717516,0.02437414332837473
1_9_10,-0.1,1.0,0.20777345346978493,0.0,0.2419089294196428,0.0,0.0,0.001180532709295528,0.03415071016643341
1_10_0,0.0,0.0,0.1622067176946101,0.16228393680857267,0.24467746906094776,0.5484671025099036,1.299161017038089,0.0,0.0
1_10_1,0.0,0.1,0.0871070237965181,0.09176361253032901,0.23236132365024958,0.4598674595523382,1.196829561628133,0.0,0.0
1_10_2,0.0,0.2,0.04826339443879776,0.09429111296719406,0.1652667532313865,0.3511757532792757,1.0297710275282839,0.0,0.0
1_10_3,0.0,0.3,0.006875713996925683,0.04295187476873041,0.13190414191574887,0.30707264016392544,0.9471554699296915,0.0,0.0
1_10_4,0.0,0.4,0.02883108745259051,0.06920403542450246,0.09030506949179185,0.23382488998712556,0.6620434174999654,0.0,0.0
1_10_5,0.0,0.5,0.0,0.013587091113932647,0.11217079934549722,0.13817341363479624,0.6670735556171514,0.0,0.0
1_10_6,0.0,0.6,0.0,0.009879836359469613,0.09216208271582797,0.07780789329143854,0.46519582234774953,0.0,0.0
1_10_7,0.0,0.7,0.00038584020729115037,0.0,0.06313499230110117,0.03287531653548642,0.19232556587889538,0.0,0.0
1_10_8,0.0,0.8,0.09813919780609212,0.0,0.11843801155705991,0.0,0.008147046168968828,0.004196881608259596,0.04060613856420624
1_10_9,0.0,0.9,0.18767923140201948,0.0,0.2045563265884543,0.0,0.0,0.0,0.5596923861329343
1_10_10,0.0,1.0,0.3689181804078713,0.0,0.24675141931207933,0.0,0.0,0.0,0.4844280049985169
1_11_0,0.1,0.0,0.14085800716757807,0.11850437778934714,0.11305084335857138,0.5300819871095155,0.7623082454021448,0.0,0.0
1_11_1,0.1,0.1,0.10603729337617057,0.06289261781593761,0.11880053455724332,0.4338639206226463,0.6775190657979062,0.0,0.0
1_11_2,0.1,0.2,0.051777770657062405,0.08528622350278398,0.060671983702233936,0.37204109376769906,0.5439138235541318,0.0,0.0
1_11_3,0.1,0.3,0.0,0.07856660109153181,0.0,0.3279476115079068,0.39663639704341913,0.0,0.0
1_11_4,0.1,0.4,0.0,0.0259647606494043,0.0,0.26506994968964864,0.26335825939570673,0.0,0.0
1_11_5,0.1,0.5,0.009641113144677952,0.0,0.09468497033454082,0.2048750264250214,0.29402970670899786,0.0,0.0
1_11_6,0.1,0.6,0.03305431184698843,0.0,0.10745736278631214,0.15545354082748786,0.20296460128496166,0.0,0.0
1_11_7,0.1,0.7,0.0088066891406968,0.014179779234163097,0.13438656239857036,0.01432389150528271,0.07543748153341502,0.041861880840301284,0.0
1_11_8,0.1,0.8,0.06354916945444519,0.013327378755815635,0.0584890319158506,0.00468968172448311,0.0,0.0004531997491064853,0.4718529256595379
1_11_9,0.1,0.9,0.35128562351163256,0.0,0.18228132737987468,0.0,0.0,0.0,0.2627490565924464
1_11_10,0.1,1.0,0.5110537296414985,0.0,0.24340888218821435,0.0,0.0,0.0,0.21302688692597452
1_12_0,0.2,0.0,0.14767625036432702,0.0625220111445954,0.3168852307283665,0.47498585759102496,0.7343812347695778,0.0,0.0
1_12_1,0.2,0.1,0.06155675353565832,0.036179353214320205,0.1477575751357197,0.41424248744191416,0.4708653258632782,0.0,0.0
1_12_2,0.2,0.2,0.04560993550671489,0.0,0.1187619120871726,0.3531759718153142,0.4283740561157398,0.0,0.0
1_12_3,0.2,0.3,0.012109904779486333,0.0,0.1233220815847573,0.2644970143037561,0.4118467344619869,0.0,0.0
1_12_4,0.2,0.4,0.0,0.04710014489901713,0.0011632978496817006,0.18735000060974094,0.22771588151853656,0.0,0.0
1_12_5,0.2,0.5,0.0,0.0,0.06612524351562747,0.1267103975211494,0.21414695335642178,0.0,0.0
1_12_6,0.2,0.6,0.016536735152898014,0.0,0.09063320326060956,0.10245319308240472,0.14900788250412503,0.0,0.0
1_12_7,0.2,0.7,0.009809271136694423,0.0,0.08302928482980675,0.035993919885018,0.04877882429192469,0.008164476945978608,0.0
1_12_8,0.2,0.8,0.15259773907956875,0.07649221064087894,0.10387893823692526,0.0,0.0009911326417971125,0.0,0.023779005672189518
1_12_9,0.2,0.9,0.26285826423665526,0.012516108793737503,0.20557576761892082,0.0,0.0,0.0,0.017128638135632382
1_12_10,0.2,1.0,0.416696042272221,0.13666122828432253,0.2714619277421702,0.0,0.0,0.0,0.02014230832631862
1_13_0,0.3,0.0,0.23495160143352353,0.06332854518094114,0.19657857048539173,0.41929449549738473,0.5469235091851956,0.0,0.0
1_13_1,0.3,0.1,0.06871130784028419,0.03592482230540496,0.05311984398505844,0.3682557387193831,0.3718519337604576,0.0,0.0
1_13_2,0.3,0.2,0.10632014063060681,0.0,0.17336757244800657,0.3114883586899856,0.40438946602464615,0.0,0.0
1_13_3,0.3,0.3,0.0,0.0092386915857045,0.05642214111719558,0.2508998358600361,0.2791145902368143,0.0,0.0
1_13_4,0.3,0.4,0.08158825891054948,0.0,0.1967727835079271,0.20642467164759382,0.3009706945680077,0.0,0.0
1_13_5,0.3,0.5,0.0008884448578449308,0.023592752081427304,0.0,0.1326199946143583,0.09050792902587784,0.0,0.0
1_13_6,0.3,0.6,0.023540928088668457,0.0,0.022200585332439984,0.15000282679005206,0.059580495845315454,0.0,0.0
1_13_7,0.3,0.7,0.03406559937664206,0.0,0.0834061149661368,0.05958196860017106,0.05220564659742403,0.0,0.002469395027840148
1_13_8,0.3,0.8,0.09667455113566077,0.10018936453226107,0.1055600816213018,0.0,0.0005867971225566208,0.0,0.00967912660547306
1_13_9,0.3,0.9,0.13760618450874257,0.1523640156483256,0.18269097793884878,0.0,0.0,0.0,0.0
1_13_10,0.3,1.0,0.1667763493918649,0.12096722960047683,0.2998042521093534,0.0,0.0,0.0,0.0
1_14_0,0.4,0.0,0.07815762017479981,0.028029635684857265,0.16775172247854148,0.37976829921391425,0.4364795854113478,0.0,0.0
1_14_1,0.4,0.1,0.11669254240854565,0.0,0.18437241932901915,0.32759201897574897,0.43555691664290114,0.0,0.0
1_14_2,0.4,0.2,0.0,0.024919730065778852,0.0,0.2734776509610536,0.24599008601037506,0.0,0.0
1_14_3,0.4,0.3,0.0,0.03867954561870238,0.0,0.19585400943717174,0.18738746274577245,0.0,0.0
1_14_4,0.4,0.4,0.0,0.007486060586390673,0.0,0.1570908223783518,0.13657294855081617,0.0,0.0
1_14_5,0.4,0.5,0.0,0.0,0.0,0.12821208415779714,0.07808585406954267,0.0,0.0
1_14_6,0.4,0.6,0.0,0.0,0.0,0.08770162527419179,0.04318086621582011,0.0,0.0
1_14_7,0.4,0.7,0.020584185729380124,0.0,0.05897805278133565,0.05021891504820083,0.03899206266648318,0.0,0.0
1_14_8,0.4,0.8,0.0071793382977228285,0.026952475967639545,0.17132008456170758,0.0,0.0002416121024836219,0.0,0.0
1_14_9,0.4,0.9,0.012030263282131451,0.022402760306031538,0.2349250768101722,0.0,0.0,0.0,0.0
1_14_10,0.4,1.0,0.004330863199086827,0.034444596743077975,0.3819150466270866,0.0,0.00010780349338104443,0.0,0.0
1_15_0,0.5,0.0,0.19225241833481865,0.09686901070448876,0.08366632620725208,0.37767878631273455,0.3350109861005012,0.0,0.0
1_15_1,0.5,0.1,0.006905949711462412,0.020075552475038037,0.0,0.3295277348907696,0.21775529719469602,0.0,0.0
1_15_2,0.5,0.2,0.0,0.024911245988101186,0.0,0.2508715598146486,0.18342957346702343,0.0,0.0
1_15_3,0.5,0.3,0.0,0.009879339560946422,0.0,0.20905905275169392,0.14528851288962433,0.0,0.0
1_15_4,0.5,0.4,0.0,0.0,0.0,0.16745600122233148,0.10555290167557942,0.0,0.0
1_15_5,0.5,0.5,0.013646006176378506,0.006961503068880046,0.0,0.124682232434573,0.06526123129952276,0.0,0.0
1_15_6,0.5,0.6,0.005336442845034149,0.0,0.0,0.11151241728837682,0.03432236587783139,0.0,0.0
1_15_7,0.5,0.7,0.003053196743306534,0.0,0.02270342312327974,0.03171933600921829,0.013631598876500079,0.003087262964092413,0.0
1_15_8,0.5,0.8,0.0,0.0378545798066146,0.2472787030769486,0.0,0.00043768529029670323,0.0,0.0
1_15_9,0.5,0.9,0.003467014237920468,0.033306655756185286,0.2932493752078964,0.0,6.04030156592614e-05,0.0,0.0
1_15_10,0.5,1.0,0.0042345708383900145,0.035808651146118635,0.388791067707264,0.0,4.084195282381824e-05,0.0,0.0
1_16_0,0.6,0.0,0.0017518461202158365,0.07974133437512614,0.0,0.3683396403496044,0.21983753586144547,0.0,0.0
1_16_1,0.6,0.1,0.02456617680084372,0.07371789085338483,0.0,0.29289155069474954,0.18681524327232632,0.0,0.0
1_16_2,0.6,0.2,0.0,0.03440167645611927,0.0,0.2430405476339993,0.14809898346682407,0.0,0.0
1_16_3,0.6,0.3,0.0,0.012428637460415478,0.0,0.20116843859071265,0.10819731667105842,0.0,0.0
1_16_4,0.6,0.4,0.0,0.006470641778962528,0.0,0.14317338048565031,0.0774992178215173,0.0,0.0
1_16_5,0.6,0.5,0.005239375714906621,0.0,0.0,0.1522326644129784,0.05213335611366128,0.0,0.0
1_16_6,0.6,0.6,0.0013943758698674146,0.0,0.0,0.09271315348604363,0.03227503311865386,0.0,0.0
1_16_7,0.6,0.7,0.02785797150622035,0.0,0.025263962555651213,0.07839576227741493,0.014232913781078327,0.0,0.0016384298895726016
1_16_8,0.6,0.8,0.0,0.0,0.25963896143613047,0.01155254765879861,0.0001311880394183969,0.0,0.0
1_16_9,0.6,0.9,0.0,0.0,0.2990536138642644,0.018760058258986398,0.0,0.0,0.0
1_16_10,0.6,1.0,0.0,0.0,0.33946706892679185,0.029122920665157932,0.0,0.0,0.0
1_17_0,0.7,0.0,0.02515984547167598,0.10022001339257129,0.0,0.3497262357916368,0.18069785151784068,0.0,0.0
1_17_1,0.7,0.1,0.0,0.08188595953196141,0.0,0.2748153531443383,0.15634537873356522,0.0,0.0
1_17_2,0.7,0.2,0.0,0.08097694083608008,0.0,0.24243270149395318,0.126073556432462,0.0,0.0
1_17_3,0.7,0.3,0.0,0.04431295323649714,0.0,0.19162375764643033,0.09469051546128829,0.0,0.0
1_17_4,0.7,0.4,0.0,0.007303393905968263,0.0,0.14630591870695073,0.06723625986095566,0.0,0.0
1_17_5,0.7,0.5,0.0,0.0,0.0,0.11927543137996285,0.04180857396309352,0.0,0.0
1_17_6,0.7,0.6,0.014581632061940757,0.0,0.0,0.11672256793867085,0.025290613594920172,0.0,0.0
1_17_7,0.7,0.7,0.018849434404625807,0.0,0.0,0.05792470064692073,0.00783641875600553,0.0,0.0
1_17_8,0.7,0.8,0.0,0.0,0.24879805954297482,0.02704223781274648,0.0,0.0,0.0
1_17_9,0.7,0.9,0.0,0.0,0.27002437729816453,0.0381635806579205,0.0,0.0,0.0
1_17_10,0.7,1.0,0.0,0.0,0.3283201581014626,0.05915382267644141,0.0,0.0,0.0
1_18_0,0.8,0.0,0.032800015008426164,0.09390047655626436,0.0,0.38852098385243433,0.1609860643746479,0.0,0.0
1_18_1,0.8,0.1,0.0,0.10956113385164729,0.0,0.26182813089068496,0.12860923040715522,0.0,0.0
1_18_2,0.8,0.2,0.0,0.0930787963193223,0.0,0.23208598631099267,0.11070237701935647,0.0,0.0
1_18_3,0.8,0.3,0.0,0.052186546104977354,0.0,0.18807232415926267,0.08712936104309936,0.0,0.0
1_18_4,0.8,0.4,0.0,0.03634200296388118,0.0,0.11965870415555073,0.05905124764476099,0.0,0.0
1_18_5,0.8,0.5,0.0,0.0,0.0,0.12339938812658313,0.037516783070679786,0.0,0.0
1_18_6,0.8,0.6,0.0,0.0,0.0,0.06704804076352493,0.02068165984390387,0.0,0.0
1_18_7,0.8,0.7,0.003749978780732645,0.0,0.0,0.042125455530923506,0.007243555109231792,0.0,0.0
1_18_8,0.8,0.8,0.0,0.0,0.2202636955916494,0.05093863349622973,0.0,0.0,0.0
1_18_9,0.8,0.9,0.0,0.0,0.23149210055190764,0.05807246224216051,0.0,0.0,0.0
1_18_10,0.8,1.0,0.0,0.0,0.24712882655304386,0.06386769798839649,0.0,0.0,0.0
1_19_0,0.9,0.0,0.10026530276650021,0.2607809692931531,0.0,0.3045028093394767,0.14655286938940248,0.0,0.0
1_19_1,0.9,0.1,0.04301448069691443,0.23348664935309127,0.0,0.28769475377660936,0.1249960180164297,0.0,0.0
1_19_2,0.9,0.2,0.0,0.05133921526528338,0.0,0.24391528210718585,0.09700867836909274,0.0,0.0
1_19_3,0.9,0.3,0.0,0.040833436473080235,0.0,0.1980139990863162,0.07183872055822085,0.0,0.0
1_19_4,0.9,0.4,0.0,0.023477199412752215,0.0,0.1272594297083832,0.04947504577689857,0.0,0.0
1_19_5,0.9,0.5,0.003996394405842431,0.0,0.0,0.13606124118693722,0.03063582706657327,0.0,0.0
1_19_6,0.9,0.6,0.015361676445407665,0.0,0.0,0.08850726555581155,0.019023445995837614,0.0,0.0
1_19_7,0.9,0.7,0.023239990040705573,0.0,0.0,0.05478681136466061,0.007069365348889205,0.0,0.05644982423000402
1_19_8,0.9,0.8,0.0,0.0,0.2164511587445902,0.06311747259158015,0.0,0.0,0.0
1_19_9,0.9,0.9,0.0,0.0,0.21792120290204575,0.06404913065480168,0.0,0.0,0.0
1_19_10,0.9,1.0,0.0,0.0,0.2447099438584579,0.07325842209446382,0.0,0.0,0.0
1_20_0,1.0,0.0,0.25768746061751574,0.25768746061751574,0.08276846963807052,0.3470414698619337,0.14851235103411614,0.0,0.0
1_20_1,1.0,0.1,0.043291359024447085,0.164979812042634,0.0,0.2624559902261261,0.1076091101405406,0.0,0.0
1_20_2,1.0,0.2,0.0197038741612157,0.03965355752943918,0.0,0.2752227337883128,0.08081480325030345,0.0,0.0
1_20_3,1.0,0.3,0.0,0.0,0.0,0.23051051659467364,0.06061611085365117,0.0,0.0
1_20_4,1.0,0.4,0.0,0.0057395561926880615,0.0,0.154281945128679,0.045468070772112616,0.0,0.0
1_20_5,1.0,0.5,0.0,0.0,0.0,0.11759231763125455,0.028253604666108302,0.0,0.0
1_20_6,1.0,0.6,0.044520205503267116,0.0,0.0,0.12166715966527192,0.01760432662184486,0.0,0.0
1_20_7,1.0,0.7,0.04473734651688942,0.0,0.0,0.05997959855876196,0.0054323238343822996,0.0,0.0036504030321408447
1_20_8,1.0,0.8,0.0,0.0,0.23908924728357397,0.07063468534041653,0.0,0.0,0.0
1_20_9,1.0,0.9,0.0,0.0,0.24072652011852505,0.07167924554073721,0.0,0.0,0.0
1_20_10,1.0,1.0,0.0,0.0,0.2447099438584579,0.07325842209446382,0.0,0.0,0.0
2_0_0,-1.0,0.0,0.0,0.0,0.0,0.0,0.0,0.0,0.0
2_0_1,-1.0,0.1,0.0,0.0,0.0,0.0,0.0,0.0,0.0
2_0_2,-1.0,0.2,0.0,0.0,0.0,0.0,0.0,0.0,0.0
2_0_3,-1.0,0.3,0.0,0.0,0.0,0.0,0.0,0.0,0.0
2_0_4,-1.0,0.4,0.0,0.0,0.0,0.0,0.0,0.0,0.0
2_0_5,-1.0,0.5,0.0,0.0,0.0,0.0,0.0,0.0,0.0
2_0_6,-1.0,0.6,0.0,0.0,0.0,0.0,0.0,0.0,0.0
2_0_7,-1.0,0.7,0.0,0.0,0.0,0.0,0.0,0.0,0.0
2_0_8,-1.0,0.8,0.0,0.0,0.0,0.0,0.0,0.0,0.0
2_0_9,-1.0,0.9,0.0,0.0,0.0,0.0,0.0,0.0,0.0
2_0_10,-1.0,1.0,0.0,0.0,0.0,0.0,0.0,0.0,0.0
2_1_0,-0.9,0.0,0.0,0.0,0.0,0.0,0.0,0.0,0.0
2_1_1,-0.9,0.1,0.0,0.0,0.0,0.0,0.0,0.0,0.0
2_1_2,-0.9,0.2,0.0,0.0,0.0,0.0,0.0,0.0,0.0
2_1_3,-0.9,0.3,0.0,0.0,0.0,0.0,0.0,0.0,0.0
2_1_4,-0.9,0.4,0.0,0.0,0.0,0.0,0.0,0.0,0.0
2_1_5,-0.9,0.5,0.0,0.0,0.0,0.0,0.0,0.0,0.0
2_1_6,-0.9,0.6,0.0,0.0,0.0,0.0,0.0,0.0,0.0
2_1_7,-0.9,0.7,0.0,0.0,0.0,0.0,0.0,0.0,0.0
2_1_8,-0.9,0.8,0.0,0.0,0.0,0.0,0.0,0.0,0.0
2_1_9,-0.9,0.9,0.0,0.0,0.0,0.0,0.0,0.0,0.0
2_1_10,-0.9,1.0,0.0,0.0,0.0,0.0,0.0,0.0,0.0
2_2_0,-0.8,0.0,0.0,0.0,0.0,0.0,0.0,0.0,0.0
2_2_1,-0.8,0.1,0.0,0.0,0.0,0.0,0.0,0.0,0.0
2_2_2,-0.8,0.2,0.0,0.0,0.0,0.0,0.0,0.0,0.0
2_2_3,-0.8,0.3,0.0,0.0,0.0,0.0,0.0,0.0,0.0
2_2_4,-0.8,0.4,0.0,0.0,0.0,0.0,0.0,0.0,0.0
2_2_5,-0.8,0.5,0.0,0.0,0.0,0.0,0.0,0.0,0.0
2_2_6,-0.8,0.6,0.0,0.0,0.0,0.0,0.0,0.0,0.0
2_2_7,-0.8,0.7,0.0,0.0,0.0,0.0,0.0,0.0,0.0
2_2_8,-0.8,0.8,0.0,0.0,0.0,0.0,0.0,0.0,0.0
2_2_9,-0.8,0.9,0.0,0.0,0.0,0.0,0.0,0.0,0.0
2_2_10,-0.8,1.0,0.0,0.0,0.0,0.0,0.0,0.0,0.0
2_3_0,-0.7,0.0,0.0,0.0,0.0,0.0,0.0,0.0,0.0
2_3_1,-0.7,0.1,0.0,0.0,0.0,0.0,0.0,0.0,0.0
2_3_2,-0.7,0.2,0.0,0.0,0.0,0.0,0.0,0.0,0.0
2_3_3,-0.7,0.3,0.0,0.0,0.0,0.0,0.0,0.0,0.0
2_3_4,-0.7,0.4,0.0,0.0,0.0,0.0,0.0,0.0,0.0
2_3_5,-0.7,0.5,0.0,0.0,0.0,0.0,0.0,0.0,0.0
2_3_6,-0.7,0.6,0.0,0.0,0.0,0.0,0.0,0.0,0.0
2_3_7,-0.7,0.7,0.0,0.0,0.0,0.0,0.0,0.0,0.0
2_3_8,-0.7,0.8,0.0,0.0,0.0,0.0,0.0,0.0,0.0
2_3_9,-0.7,0.9,0.0,0.0,0.0,0.0,0.0,0.0,0.0
2_3_10,-0.7,1.0,0.0,0.0,0.0,0.0,0.0,0.0,0.0
2_4_0,-0.6,0.0,0.0040168209253499555,0.0040168209253499555,0.0,0.0,0.0,0.0,0.0
2_4_1,-0.6,0.1,0.0040168209253499555,0.0040168209253499555,0.0,0.0,0.0,0.0,0.0
2_4_2,-0.6,0.2,0.0040168209253499555,0.0040168209253499555,0.0,0.0,0.0,0.0,0.0
2_4_3,-0.6,0.3,0.0040168209253499555,0.0040168209253499555,0.0,0.0,0.0,0.0,0.0
2_4_4,-0.6,0.4,0.0040168209253499555,0.0040168209253499555,0.0,0.0,0.0,0.0,0.0
2_4_5,-0.6,0.5,0.0040168209253499555,0.0040168209253499555,0.0,0.0,0.0,0.0,0.0
2_4_6,-0.6,0.6,0.0040168209253499555,0.0040168209253499555,0.0,0.0,0.0,0.0,0.0
2_4_7,-0.6,0.7,0.0040168209253499555,0.0040168209253499555,0.0,0.0,0.0,0.0,0.0
2_4_8,-0.6,0.8,0.0040168209253499555,0.0040168209253499555,0.0,0.0,0.0,0.0,0.0
2_4_9,-0.6,0.9,0.0040168209253499555,0.0040168209253499555,0.0,0.0,0.0,0.0,0.0
2_4_10,-0.6,1.0,0.0040168209253499555,0.0040168209253499555,0.0,0.0,0.0,0.0,0.0
2_5_0,-0.5,0.0,0.11798565427006229,0.11798565427006229,0.0,0.0,0.0,0.0,0.0
2_5_1,-0.5,0.1,0.11798565427006229,0.11798565427006229,0.0,0.0,0.0,0.0,0.0
2_5_2,-0.5,0.2,0.11798565427006229,0.11798565427006229,0.0,0.0,0.0,0.0,0.0
2_5_3,-0.5,0.3,0.11798565427006229,0.11798565427006229,0.0,0.0,0.0,0.0,0.0
2_5_4,-0.5,0.4,0.11798565427006229,0.11798565427006229,0.0,0.0,0.0,0.0,0.0
2_5_5,-0.5,0.5,0.11798565427006229,0.11798565427006229,0.0,0.0,0.0,0.0,0.0
2_5_6,-0.5,0.6,0.10104539977671134,0.10104539977671134,0.0,0.0,0.0,0.0,0.0
2_5_7,-0.5,0.7,0.10104539977671134,0.10104539977671134,0.0,0.0,0.0,0.0,0.0
2_5_8,-0.5,0.8,0.10104539977671134,0.10104539977671134,0.0,0.0,0.0,0.0,0.0
2_5_9,-0.5,0.9,0.10104539977671134,0.10104539977671134,0.0,0.0,0.0,0.0,0.0
2_5_10,-0.5,1.0,0.10104539977671134,0.10104539977671134,0.0,0.0,0.0,0.0,0.0
2_6_0,-0.4,0.0,0.13703571804796016,0.2182934677926619,0.02708591658156697,0.1837225447726668,0.0,0.0,0.0
2_6_1,-0.4,0.1,0.13703571804796016,0.2182934677926619,0.02708591658156697,0.1837225447726668,0.0,0.0,0.0
2_6_2,-0.4,0.2,0.08398882965074865,0.16562599020070107,0.027760815981702693,0.14550475121812076,0.0,0.0,0.0
2_6_3,-0.4,0.3,0.0608269321702522,0.14095149176137775,0.028273789896183264,0.12083125344584869,0.0,0.0,0.0
2_6_4,-0.4,0.4,0.0608269321702522,0.14095149176137775,0.028273789896183264,0.12083125344584869,0.0,0.0,0.0
2_6_5,-0.4,0.5,0.06042802307927086,0.12486957608559585,0.029179899751676838,0.1101786903302646,0.0,0.0,0.0
2_6_6,-0.4,0.6,0.0129491697990441,0.05336459048132618,0.030755888838429078,0.09565807401228509,0.0,0.0,0.0
2_6_7,-0.4,0.7,0.007108904960746084,0.023737355075720216,0.032723348609187526,0.09648215765500982,0.0,0.0,0.0
2_6_8,-0.4,0.8,0.0985593696777265,0.0,0.06956808472935232,0.0468728280290842,0.0,0.0026956923270827,0.0011854317376024663
2_6_9,-0.4,0.9,0.12324247670824452,0.010784576128918897,0.10289495587061036,0.02059908169737856,0.0,0.0,0.0
2_6_10,-0.4,1.0,0.17455935816297943,0.027053496823021484,0.16574094536644662,0.04651035337344554,0.0,0.0,0.0
2_7_0,-0.3,0.0,0.16597790749831018,0.26648362525104563,0.05551660039084661,0.8704362635863392,0.0,0.0,0.0
2_7_1,-0.3,0.1,0.12194853374565896,0.22381945068940215,0.06569184456079517,0.8006614381808166,0.0,0.0,0.0
2_7_2,-0.3,0.2,0.09649756204345376,0.19710504041726895,0.10056878609729282,0.5791436600850439,0.0,0.0,0.0
2_7_3,-0.3,0.3,0.04929584467327849,0.12907293096822955,0.13215733572404817,0.4243030925754175,0.0,0.0,0.0
2_7_4,-0.3,0.4,0.03474737131559964,0.09835207483855617,0.13977487128557636,0.4173354529060462,0.0,0.0,0.0
2_7_5,-0.3,0.5,0.03815212108897595,0.11070264502113308,0.14013791816603322,0.3924380390299833,0.0,0.0,0.0
2_7_6,-0.3,0.6,0.023684802941230522,0.05561589638396229,0.1746717785677291,0.3059535194457779,0.0,0.0,0.0
2_7_7,-0.3,0.7,0.021324824323740773,0.033676642321813624,0.1983790697366221,0.253023128013771,0.0,0.0,0.0
2_7_8,-0.3,0.8,0.040161761303409406,0.0,0.13956403082035854,0.01670217643569393,0.0,0.0,0.0
2_7_9,-0.3,0.9,0.1312547140676525,0.0,0.1730736323897656,0.0012067361992345218,0.0,0.0,0.00032275721118037057
2_7_10,-0.3,1.0,0.16910001790445106,0.0,0.24893413349013233,0.0,0.0,0.0008784308996450157,0.0021994258046937154
2_8_0,-0.2,0.0,0.17745844125862636,0.15315447787892075,0.04963815274295834,1.0068128277068473,0.0024141027180790415,0.07362882115106806,0.0
2_8_1,-0.2,0.1,0.11125591473791506,0.10009252016000822,0.0852504168775229,0.8682530197223721,0.0010625896880219565,0.060230969449603856,0.0
2_8_2,-0.2,0.2,0.09698109744988789,0.09167048289926523,0.10256006450727924,0.7987827689639633,0.0005991908202635348,0.05355559265051422,0.0
2_8_3,-0.2,0.3,0.07818498942635206,0.09535872344737939,0.19384738138787988,0.42993940736655173,0.0,0.018160925075282178,0.0
2_8_4,-0.2,0.4,0.05630912017931123,0.08224213912351176,0.07221877179911147,0.4446409944991694,0.00023898265816626535,0.0,0.0
2_8_5,-0.2,0.5,0.06539372440578649,0.04638062369389962,0.14528268699213653,0.31914293503954694,0.0,0.0,0.0
2_8_6,-0.2,0.6,0.03199147572775124,0.028124775617075395,0.0,0.35373326500164737,0.015979632849234423,0.0,0.0
2_8_7,-0.2,0.7,0.05153636033130978,0.0,0.014922410481126438,0.22145352711818278,0.025544549558579703,0.0,0.0
2_8_8,-0.2,0.8,0.04938488907361549,0.0,0.06599880653705509,0.0,0.0,0.0023613358549160655,0.006033737728381192
2_8_9,-0.2,0.9,0.12083295798728132,0.0,0.1244997468798873,0.0,0.0,0.0017898612686876821,0.012734285570337905
2_8_10,-0.2,1.0,0.21841354973184193,0.0,0.22784688867761405,0.0,0.0,0.0024580401063813875,0.015072791245531505
2_9_0,-0.1,0.0,0.2665187754614788,0.03856420350555767,0.0,1.315299098928553,0.1992115453813706,0.337199212703977,0.0
2_9_1,-0.1,0.1,0.1838608065570983,0.06369037419288756,0.0,1.0725674177110986,0.15137677539218142,0.27852452117252097,0.0
2_9_2,-0.1,0.2,0.15414050698900736,0.05864127488212066,0.0,0.9565102935088807,0.1845485892576268,0.16939780454393588,0.0
2_9_3,-0.1,0.3,0.09921682376303916,0.029219027535343906,0.0,0.7605046452021234,0.21148173371432422,0.12001821268861113,0.0
2_9_4,-0.1,0.4,0.10150618335803602,0.006341733282656305,0.0,0.6395923476027453,0.2649072858195924,0.01690633106004989,0.0
2_9_5,-0.1,0.5,0.07411293484845437,0.01296102664619964,0.0,0.47984140289794985,0.28870412515433386,0.0,0.0
2_9_6,-0.1,0.6,0.036091137297841434,0.00821891931936728,0.0,0.3486464660593759,0.24633810512623444,0.0,0.0
2_9_7,-0.1,0.7,0.009288090240313632,0.007041690286537475,0.002412898289388888,0.11542688551870413,0.3981670119878615,0.0,0.0
2_9_8,-0.1,0.8,0.10025839022444331,0.0,0.08149464042449148,0.029880711615207754,0.005712236436522962,0.0014533197017935636,0.015702118686296687
2_9_9,-0.1,0.9,0.3138357078618353,0.0,0.12449543902449851,0.0,0.0,0.0,0.0013791488638975314
2_9_10,-0.1,1.0,0.4709898501567058,0.0,0.22439754457795122,0.0,0.0,0.0,0.0016178371374424667
2_10_0,0.0,0.0,0.20003645319732677,0.049057581389410035,0.0,1.0503973561110156,0.6274214504993544,0.0,0.0
2_10_1,0.0,0.1,0.1284430809436954,0.025578471053181555,0.0,0.8400396540003394,0.594000117866387,0.0,0.0
2_10_2,0.0,0.2,0.16099166567974216,0.008228194282179168,0.0,0.809434130042714,0.6210084477673901,0.0,0.0
2_10_3,0.0,0.3,0.05902977312964727,0.033910310253460495,0.0,0.5477932792342166,0.6955424585198592,0.0,0.0
2_10_4,0.0,0.4,0.031875002588123244,0.063260445219503,0.006209875636128098,0.39597911818363113,0.7432070373169118,0.0,0.0
2_10_5,0.0,0.5,0.05699917627216533,0.0013092892370944777,0.07457271318037993,0.28800943180304417,0.7045420153921802,0.0,0.0
2_10_6,0.0,0.6,0.019648283807462575,0.006156027624030744,0.10788015571246304,0.171823073751095,0.7832021534524665,0.0,0.0
2_10_7,0.0,0.7,0.0,0.030680955968980676,0.08576694243493235,0.03590838660893823,0.24598650295812435,0.1689653040948392,0.0
2_10_8,0.0,0.8,0.08751074705117817,0.0,0.0753010700965421,0.011388757836594526,0.0,0.0009885278375628258,0.013422351601028478
2_10_9,0.0,0.9,0.24737185540981507,0.0,0.19152957548736185,0.0,0.0,0.0005844106527673753,0.019330229369097278
2_10_10,0.0,1.0,0.42304675783435114,0.0,0.2753731369188885,0.0,0.0,0.0010356838378129242,0.02660277833601277
2_11_0,0.1,0.0,0.011610264532300962,0.10831351569647392,0.05603126317765636,0.5846084833114149,0.788634005774519,0.0,0.0
2_11_1,0.1,0.1,0.0115085938818993,0.06832445247791068,0.17068035794042977,0.4690892656018787,0.9016551277087886,0.0,0.0
2_11_2,0.1,0.2,0.07933524250923776,0.012171327120577387,0.21251696757453303,0.4613277344295035,0.858186130772131,0.0,0.0
2_11_3,0.1,0.3,0.0,0.03789216010825537,0.08561260930448727,0.3642565760757115,0.7632254735998166,0.0,0.0
2_11_4,0.1,0.4,0.0,0.01679125007721578,0.11017614082558191,0.22911853536151208,0.7487492339045392,0.0,0.0
2_11_5,0.1,0.5,0.02031864886483977,0.0,0.16596340020817127,0.1765867396158304,0.814567345512144,0.0,0.0
2_11_6,0.1,0.6,0.007233478099907567,0.0,0.14103298971578562,0.10578844499751916,0.5283260636902578,0.0,0.0
2_11_7,0.1,0.7,0.03212218822381394,0.0,0.05925548537551679,0.05854476654066391,0.12361607677324099,0.0,0.0
2_11_8,0.1,0.8,0.05859884915306901,0.0,0.09604739714836928,0.0,0.0,0.001982359873837196,0.026210008657530807
2_11_9,0.1,0.9,0.12251258858218299,0.10148065844937108,0.1397956117304382,0.0,0.0,9.047125771158823e-05,0.00945471038325965
2_11_10,0.1,1.0,0.3718711318092772,0.0,0.24483740518875838,0.0,0.0,0.0,0.008550524442773808
2_12_0,0.2,0.0,0.05539011048969617,0.044537832625879126,0.10364257522057102,0.5378664190957647,0.729662991615389,0.0,0.0
2_12_1,0.2,0.1,0.0,0.05306136212152255,0.0,0.4314164339854714,0.46641791138791555,0.0,0.0
2_12_2,0.2,0.2,0.03128433342723036,0.0,0.04874211078088726,0.4034972559184916,0.38021741903071476,0.0,0.0
2_12_3,0.2,0.3,0.0,0.017083469580246362,0.03944868302735912,0.2967474229109136,0.3456236910348358,0.0,0.0
2_12_4,0.2,0.4,0.00485832131566253,0.019298630809253016,0.07993799871243118,0.2149807092672295,0.3740751549712291,0.0,0.0
2_12_5,0.2,0.5,0.010489500437956356,0.00018710699090220505,0.09599627889667428,0.16666111226750538,0.31640322992646613,0.0,0.0
2_12_6,0.2,0.6,0.035072865999233795,0.0,0.14333938582446337,0.12121605094737899,0.26267811725734114,0.0,0.0
2_12_7,0.2,0.7,0.0,0.01389584558040684,0.09276932948530714,0.028973691502136224,0.06672823230345959,0.02239429091877087,0.0
2_12_8,0.2,0.8,0.10396871701196087,0.007918565110585493,0.07881403533555163,0.006044788529062024,0.0015433086276808625,0.0,0.2744444557721836
2_12_9,0.2,0.9,0.21213521034677926,0.0,0.1994990789810256,0.0,0.0,0.0,0.19777903764717863
2_12_10,0.2,1.0,0.35777271099435254,0.0,0.26635779203912396,0.0,0.0,0.0,0.20075509933438232
2_13_0,0.3,0.0,0.011613308791089322,0.06654841164163923,0.014526360427716087,0.4975420226398138,0.4830487386881663,0.0,0.0
2_13_1,0.3,0.1,0.0,0.00901159878711314,0.03757871648592817,0.39701594876248897,0.4197898260645158,0.0,0.0
2_13_2,0.3,0.2,0.05940318229593705,0.0,0.04096493193596797,0.3727255791094846,0.34444154917176967,0.0,0.0
2_13_3,0.3,0.3,0.0,0.0244477541458713,0.03235897976001133,0.2579747790382285,0.3301750102162271,0.0,0.0
2_13_4,0.3,0.4,0.0457803870588852,0.0,0.12183457591351604,0.22328105581738292,0.3241465569138816,0.0,0.0
2_13_5,0.3,0.5,0.0,0.0,0.01471938739870749,0.14894664495755142,0.1808648579350263,0.0,0.0
2_13_6,0.3,0.6,0.014253339139473612,0.0,0.05715767821961393,0.09170753199646783,0.11685702222819905,0.0,0.0
2_13_7,0.3,0.7,0.028000349818569976,0.0,0.058454226632101626,0.05423350540716126,0.04763799564151076,0.0,0.0
2_13_8,0.3,0.8,0.28717890912451666,0.017311855262431276,0.10483095698580926,0.0,8.1863962102903e-05,0.0,0.023634381444517537
2_13_9,0.3,0.9,0.2796368676139506,0.13720849083757833,0.19209389982079542,0.0,0.0,0.0,0.01705285292187098
2_13_10,0.3,1.0,0.34238007112032615,0.11627604111154709,0.25351741182493986,0.0,0.0,0.0,0.018974143376170535
2_14_0,0.4,0.0,0.06272287900324736,0.03217662665596396,0.0740681307590581,0.4108717742874891,0.43366045844610374,0.0,0.0
2_14_1,0.4,0.1,0.022361288432006493,0.0318345924223813,0.057908454736704265,0.32914651378206866,0.3863976394743394,0.0,0.0
2_14_2,0.4,0.2,0.0,0.037405793615129336,0.01698656613284459,0.28020730076386013,0.2839406207295301,0.0,0.0
2_14_3,0.4,0.3,0.06116442717322812,0.04043729010415238,0.1140171351371311,0.21313654043264882,0.31811824084238344,0.0,0.0
2_14_4,0.4,0.4,0.0,0.011312216672425551,0.0,0.1700712213290797,0.16281222698014292,0.0,0.0
2_14_5,0.4,0.5,0.0,0.0,0.0,0.1459010897607695,0.10254425316052848,0.0,0.0
2_14_6,0.4,0.6,0.0004044548892320526,0.0,0.00522758287484317,0.086734993773618,0.055285160572394514,0.0,0.0
2_14_7,0.4,0.7,0.029120512143737894,0.0,0.09565737977353268,0.08196530075966994,0.04193991205106786,0.0,0.0
2_14_8,0.4,0.8,0.1351104447960982,0.09681667213684217,0.16864507820593108,0.0,0.002398346468277055,8.052177572442331e-06,0.0
2_14_9,0.4,0.9,0.059585953524562196,0.06683609887003843,0.2546277165679715,0.0,0.0,0.0,0.0
2_14_10,0.4,1.0,0.061896434989397016,0.06547999318727078,0.3223185851052189,0.0,0.0,0.0,0.0
2_15_0,0.5,0.0,0.0009664273851189337,0.04673855673275235,0.0,0.3641240856853158,0.29229954457378704,0.0,0.0
2_15_1,0.5,0.1,0.0,0.02730802984322581,0.0,0.3182116650917699,0.26370958966346447,0.0,0.0
2_15_2,0.5,0.2,0.01223745068214728,0.0,0.0,0.2970361712278964,0.19988947856160108,0.0,0.0
2_15_3,0.5,0.3,0.06422650236207818,0.0,0.015229219054753959,0.25748718227878536,0.1722027371105392,0.0,0.0
2_15_4,0.5,0.4,0.0,0.0,0.0,0.1941665929207602,0.12144173522509613,0.0,0.0
2_15_5,0.5,0.5,0.0,0.0,0.0,0.1214024661135967,0.07735666620901534,0.0,0.0
2_15_6,0.5,0.6,0.01493825502109099,0.0,0.0,0.11548994252831425,0.040965225892794846,0.0,0.0
2_15_7,0.5,0.7,0.018735822343017624,0.0,0.13085471635352383,0.08251575151517503,0.030641307072105693,0.0,0.0
2_15_8,0.5,0.8,0.0,0.04230674076091175,0.2863861022965162,0.0,0.001429855736449938,0.0,0.0
2_15_9,0.5,0.9,0.003402577437257428,0.03465858147458019,0.34522094211832943,0.0,4.622287471418514e-05,0.0,0.0
2_15_10,0.5,1.0,0.009618836153570792,0.028795921110829566,0.39511547451393036,0.0,6.961764712974479e-06,0.0,0.0
2_16_0,0.6,0.0,0.08114516160346098,0.0,0.0,0.4389574327539288,0.25759332348277564,0.0,0.0
2_16_1,0.6,0.1,0.1358312249509591,0.0,0.005389941034033233,0.3948559066776063,0.20672171874413683,0.0,0.0
2_16_2,0.6,0.2,0.016561070118763926,0.0,0.0,0.310171928925834,0.15246474943346516,0.0,0.0
2_16_3,0.6,0.3,0.0,0.021735184519417982,0.0,0.21707529391657085,0.12438335086005992,0.0,0.0
2_16_4,0.6,0.4,0.0,0.0,0.0,0.16266512124986462,0.09291449206638136,0.0,0.0
2_16_5,0.6,0.5,0.0,0.0,0.0,0.11820602917806655,0.061377732311203984,0.0,0.0
2_16_6,0.6,0.6,0.009997403747914978,0.0,0.0,0.10859487899161699,0.030336104938122117,0.0,0.0
2_16_7,0.6,0.7,0.08079981179706484,0.0,0.06283474802379316,0.09663983327675729,0.020885019043995208,0.0,0.017149237487462565
2_16_8,0.6,0.8,0.0,0.0,0.35652251453918327,0.015337672394474762,0.0003724274729805838,0.0,0.0
2_16_9,0.6,0.9,0.0,0.0,0.3926746721863877,0.0227910359467478,5.4218558245588795e-05,0.0,0.0
2_16_10,0.6,1.0,0.0,0.0,0.4042340074198843,0.02474144761358166,1.6310955023446833e-06,0.0,0.0
2_17_0,0.7,0.0,0.035436775405088175,0.042835131300877516,0.0,0.3793896587214758,0.19708018875292468,0.0,0.0
2_17_1,0.7,0.1,0.0,0.04209463498208399,0.0,0.31623837467938054,0.16973091602402224,0.0,0.0
2_17_2,0.7,0.2,0.0,0.029775240238504794,0.0,0.25535303477757343,0.13588552722247194,0.0,0.0
2_17_3,0.7,0.3,0.02730908863044505,0.0,0.0,0.25212083819580056,0.10963793388226338,0.0,0.0
2_17_4,0.7,0.4,0.0,0.03633922299862806,0.0,0.16843480787939427,0.08684470274381632,0.0,0.0
2_17_5,0.7,0.5,0.0,0.0,0.0,0.10229176570823935,0.048488080631160925,0.0,0.0
2_17_6,0.7,0.6,0.04146111372867706,0.0,0.0018445892802020853,0.16440078853181056,0.030379564976843465,0.0,0.0
2_17_7,0.7,0.7,0.013104143057623873,0.0,0.0,0.06813198630501892,0.008496748314478005,0.0,0.0
2_17_8,0.7,0.8,0.0,0.0,0.2384123723177059,0.04346621018482283,0.0,0.0,0.0
2_17_9,0.7,0.9,0.0,0.0,0.27539652337814513,0.0588676872347351,0.0,0.0,0.0
2_17_10,0.7,1.0,0.0,0.0,0.2774553677769382,0.05998215862790178,0.0,0.0,0.0
2_18_0,0.8,0.0,0.0,0.12315581739318993,0.0,0.3341518417102325,0.1718770498707296,0.0,0.0
2_18_1,0.8,0.1,0.0,0.13413459328362876,0.0,0.26969558090533924,0.14268277006221605,0.0,0.0
2_18_2,0.8,0.2,0.0,0.06012019954255738,0.0,0.24566517188476866,0.11961560690531002,0.0,0.0
2_18_3,0.8,0.3,0.0,0.05146658143890597,0.0,0.19745571747134008,0.09688386438419685,0.0,0.0
2_18_4,0.8,0.4,0.025994969669697606,0.008888788683402642,0.0,0.19212083723328904,0.06746209367274945,0.0,0.0
2_18_5,0.8,0.5,0.0,0.0009112320728566993,0.0,0.0991705600898923,0.038236734961492644,0.0,0.0
2_18_6,0.8,0.6,0.020344093038681805,0.0,0.0,0.12125596754912091,0.02209061815421714,0.0,0.0
2_18_7,0.8,0.7,0.0003502228170191853,0.0,0.0,0.03710582678009237,0.00876168422031459,0.0,0.0
2_18_8,0.8,0.8,0.0,0.0,0.2012428250835206,0.052960304444711614,0.0,0.0,0.0
2_18_9,0.8,0.9,0.0,0.0,0.20911432132369073,0.055927852628035866,0.0,0.0,0.0
2_18_10,0.8,1.0,0.0,0.0,0.22450066786669556,0.061661332709927755,0.0,0.0,0.0
2_19_0,0.9,0.0,0.0572491618559709,0.24426205389202507,0.0,0.3062650856127028,0.14764223194928888,0.0,0.0
2_19_1,0.9,0.1,0.021285532397356623,0.1766083744418118,0.0,0.28464783179699565,0.12960306630889062,0.0,0.0
2_19_2,0.9,0.2,0.003544134041749265,0.11074923494285181,0.0,0.26141425747733305,0.10698423636006518,0.0,0.0
2_19_3,0.9,0.3,0.0,0.03648771118110609,0.0,0.22274126472266081,0.08426969195482306,0.0,0.0
2_19_4,0.9,0.4,0.028495601718280337,0.0,0.0,0.19419679811492863,0.05229258635589388,0.0,0.0
2_19_5,0.9,0.5,0.015387162682826595,0.0,0.0,0.15065152898488848,0.03204999412016767,0.0,0.0
2_19_6,0.9,0.6,0.03208059721416203,0.0,0.0,0.15165273430641737,0.02005211596693203,0.0,0.0
2_19_7,0.9,0.7,0.0,0.0,0.0,0.04407850416538265,0.00627026298395264,0.0001402501827164224,0.024104426162273214
2_19_8,0.9,0.8,0.0,0.0,0.2003790480771083,0.0578277134738766,0.0,0.0,0.0
2_19_9,0.9,0.9,0.0,0.0,0.2412606287493297,0.07203188749442034,0.0,0.0,0.0
2_19_10,0.9,1.0,0.0,0.0,0.2447099438584579,0.07325842209446382,0.0,0.0,0.0
2_20_0,1.0,0.0,0.25768746061751574,0.25768746061751574,0.08276846963807052,0.3470414698619337,0.14851235103411614,0.0,0.0
2_20_1,1.0,0.1,0.003013604386919825,0.1784166150340372,0.0,0.3007673281553902,0.10911889612935952,0.0,0.0
2_20_2,1.0,0.2,0.0014829096037455435,0.1276542739366962,0.0,0.27806808696794577,0.1007319251707605,0.0,0.0
2_20_3,1.0,0.3,0.0,0.03711043593211149,0.0,0.20367030183021523,0.06794103223007512,0.0,0.0
2_20_4,1.0,0.4,0.03275346186344182,0.0,0.0,0.2156246208632833,0.04397007681519704,0.0,0.0
2_20_5,1.0,0.5,0.055473587548753714,0.0,0.0,0.22659115415708053,0.029110152902489143,0.0,0.0
2_20_6,1.0,0.6,0.018016346505937943,0.0,0.0,0.11569197577491276,0.016383779388238817,0.0,0.0
2_20_7,1.0,0.7,0.005094919159069654,0.004301001136128191,0.0,0.048115887925827536,0.00441766041755174,0.0013579033540245568,0.0
2_20_8,1.0,0.8,0.0,0.0,0.24072652011852505,0.07167924554073721,0.0,0.0,0.0
2_20_9,1.0,0.9,0.0,0.0,0.2412606287493297,0.07203188749442034,0.0,0.0,0.0
2_20_10,1.0,1.0,0.0,0.0,0.2447099438584579,0.07325842209446382,0.0,0.0,0.0
3_0_0,-1.0,0.0,0.0,0.0,0.0,0.0,0.0,0.0,0.0
3_0_1,-1.0,0.1,0.0,0.0,0.0,0.0,0.0,0.0,0.0
3_0_2,-1.0,0.2,0.0,0.0,0.0,0.0,0.0,0.0,0.0
3_0_3,-1.0,0.3,0.0,0.0,0.0,0.0,0.0,0.0,0.0
3_0_4,-1.0,0.4,0.0,0.0,0.0,0.0,0.0,0.0,0.0
3_0_5,-1.0,0.5,0.0,0.0,0.0,0.0,0.0,0.0,0.0
3_0_6,-1.0,0.6,0.0,0.0,0.0,0.0,0.0,0.0,0.0
3_0_7,-1.0,0.7,0.0,0.0,0.0,0.0,0.0,0.0,0.0
3_0_8,-1.0,0.8,0.0,0.0,0.0,0.0,0.0,0.0,0.0
3_0_9,-1.0,0.9,0.0,0.0,0.0,0.0,0.0,0.0,0.0
3_0_10,-1.0,1.0,0.0,0.0,0.0,0.0,0.0,0.0,0.0
3_1_0,-0.9,0.0,0.0,0.0,0.0,0.0,0.0,0.0,0.0
3_1_1,-0.9,0.1,0.0,0.0,0.0,0.0,0.0,0.0,0.0
3_1_2,-0.9,0.2,0.0,0.0,0.0,0.0,0.0,0.0,0.0
3_1_3,-0.9,0.3,0.0,0.0,0.0,0.0,0.0,0.0,0.0
3_1_4,-0.9,0.4,0.0,0.0,0.0,0.0,0.0,0.0,0.0
3_1_5,-0.9,0.5,0.0,0.0,0.0,0.0,0.0,0.0,0.0
3_1_6,-0.9,0.6,0.0,0.0,0.0,0.0,0.0,0.0,0.0
3_1_7,-0.9,0.7,0.0,0.0,0.0,0.0,0.0,0.0,0.0
3_1_8,-0.9,0.8,0.0,0.0,0.0,0.0,0.0,0.0,0.0
3_1_9,-0.9,0.9,0.0,0.0,0.0,0.0,0.0,0.0,0.0
3_1_10,-0.9,1.0,0.0,0.0,0.0,0.0,0.0,0.0,0.0
3_2_0,-0.8,0.0,0.0,0.0,0.0,0.0,0.0,0.0,0.0
3_2_1,-0.8,0.1,0.0,0.0,0.0,0.0,0.0,0.0,0.0
3_2_2,-0.8,0.2,0.0,0.0,0.0,0.0,0.0,0.0,0.0
3_2_3,-0.8,0.3,0.0,0.0,0.0,0.0,0.0,0.0,0.0
3_2_4,-0.8,0.4,0.0,0.0,0.0,0.0,0.0,0.0,0.0
3_2_5,-0.8,0.5,0.0,0.0,0.0,0.0,0.0,0.0,0.0
3_2_6,-0.8,0.6,0.0,0.0,0.0,0.0,0.0,0.0,0.0
3_2_7,-0.8,0.7,0.0,0.0,0.0,0.0,0.0,0.0,0.0
3_2_8,-0.8,0.8,0.0,0.0,0.0,0.0,0.0,0.0,0.0
3_2_9,-0.8,0.9,0.0,0.0,0.0,0.0,0.0,0.0,0.0
3_2_10,-0.8,1.0,0.0,0.0,0.0,0.0,0.0,0.0,0.0
3_3_0,-0.7,0.0,0.0,0.0,0.0,0.0,0.0,0.0,0.0
3_3_1,-0.7,0.1,0.0,0.0,0.0,0.0,0.0,0.0,0.0
3_3_2,-0.7,0.2,0.0,0.0,0.0,0.0,0.0,0.0,0.0
3_3_3,-0.7,0.3,0.0,0.0,0.0,0.0,0.0,0.0,0.0
3_3_4,-0.7,0.4,0.0,0.0,0.0,0.0,0.0,0.0,0.0
3_3_5,-0.7,0.5,0.0,0.0,0.0,0.0,0.0,0.0,0.0
3_3_6,-0.7,0.6,0.0,0.0,0.0,0.0,0.0,0.0,0.0
3_3_7,-0.7,0.7,0.0,0.0,0.0,0.0,0.0,0.0,0.0
3_3_8,-0.7,0.8,0.0,0.0,0.0,0.0,0.0,0.0,0.0
3_3_9,-0.7,0.9,0.0,0.0,0.0,0.0,0.0,0.0,0.0
3_3_10,-0.7,1.0,0.0,0.0,0.0,0.0,0.0,0.0,0.0
3_4_0,-0.6,0.0,0.03447006316938198,0.03447006316938198,0.0,0.0,0.0,0.0,0.0
3_4_1,-0.6,0.1,0.03447006316938198,0.03447006316938198,0.0,0.0,0.0,0.0,0.0
3_4_2,-0.6,0.2,0.03447006316938198,0.03447006316938198,0.0,0.0,0.0,0.0,0.0
3_4_3,-0.6,0.3,0.03447006316938198,0.03447006316938198,0.0,0.0,0.0,0.0,0.0
3_4_4,-0.6,0.4,0.03447006316938198,0.03447006316938198,0.0,0.0,0.0,0.0,0.0
3_4_5,-0.6,0.5,0.03447006316938198,0.03447006316938198,0.0,0.0,0.0,0.0,0.0
3_4_6,-0.6,0.6,0.03447006316938198,0.03447006316938198,0.0,0.0,0.0,0.0,0.0
3_4_7,-0.6,0.7,0.03447006316938198,0.03447006316938198,0.0,0.0,0.0,0.0,0.0
3_4_8,-0.6,0.8,0.03447006316938198,0.03447006316938198,0.0,0.0,0.0,0.0,0.0
3_4_9,-0.6,0.9,0.03447006316938198,0.03447006316938198,0.0,0.0,0.0,0.0,0.0
3_4_10,-0.6,1.0,0.03447006316938198,0.03447006316938198,0.0,0.0,0.0,0.0,0.0
3_5_0,-0.5,0.0,0.20867746031086576,0.20867746031086576,0.0,0.0,0.0,0.0,0.0
3_5_1,-0.5,0.1,0.20867746031086576,0.20867746031086576,0.0,0.0,0.0,0.0,0.0
3_5_2,-0.5,0.2,0.20867746031086576,0.20867746031086576,0.0,0.0,0.0,0.0,0.0
3_5_3,-0.5,0.3,0.1871353094984444,0.1871353094984444,0.0,0.0,0.0,0.0,0.0
3_5_4,-0.5,0.4,0.1551596154162161,0.1551596154162161,0.0,0.0,0.0,0.0,0.0
3_5_5,-0.5,0.5,0.1551596154162161,0.1551596154162161,0.0,0.0,0.0,0.0,0.0
3_5_6,-0.5,0.6,0.1551596154162161,0.1551596154162161,0.0,0.0,0.0,0.0,0.0
3_5_7,-0.5,0.7,0.13893884649028834,0.13893884649028834,0.0,0.0,0.0,0.0,0.0
3_5_8,-0.5,0.8,0.13893884649028834,0.13893884649028834,0.0,0.0,0.0,0.0,0.0
3_5_9,-0.5,0.9,0.1292189380122678,0.1292189380122678,0.0,0.0,0.0,0.0,0.0
3_5_10,-0.5,1.0,0.1802025162435696,0.012257412242744563,0.2497162964572626,0.0530176752238729,0.0,0.00023026139927457997,0.00036325573713806255
3_6_0,-0.4,0.0,0.045895692877983556,0.18596676773714138,0.09783317089958297,0.4409453770044074,0.0,0.0,0.0
3_6_1,-0.4,0.1,0.042997093018671065,0.18191620169650546,0.1001740062676578,0.4172811736239586,0.0,0.0,0.0
3_6_2,-0.4,0.2,0.042997093018671065,0.18191620169650546,0.1001740062676578,0.4172811736239586,0.0,0.0,0.0
3_6_3,-0.4,0.3,0.024738966226672324,0.16277167127002562,0.10052403745927044,0.41420632176699845,0.0,0.0,0.0
3_6_4,-0.4,0.4,0.013032802059944313,0.13167569508000365,0.10736860423725512,0.36619563789480436,0.0,0.0,0.0
3_6_5,-0.4,0.5,0.03932581815875082,0.12389951415627923,0.09193532611160016,0.3366604415759917,0.0,0.0,0.0
3_6_6,-0.4,0.6,0.001721684518354995,0.07427579210250426,0.10277967068522775,0.23471079607108902,0.0,0.0,0.0
3_6_7,-0.4,0.7,0.00429652809089226,0.017867905198152925,0.12478172459626764,0.18514456320189834,0.0,0.0,0.0
3_6_8,-0.4,0.8,0.07669489933990276,0.0,0.0896752468994074,0.025073801668011698,0.0,0.0016409357944787417,0.0013216126015544451
3_6_9,-0.4,0.9,0.10220304795996274,0.0,0.1174444040604582,0.0,0.0,0.0,0.00020983435809500197
3_6_10,-0.4,1.0,0.1509377536602717,0.0,0.2574693849676493,0.0,0.0,0.0017733314111909306,0.0020795929055805614
3_7_0,-0.3,0.0,0.23454770293615548,0.22312315569980484,0.004824682025411017,1.1399962364180543,0.003691538395098749,0.12613017271029314,0.0
3_7_1,-0.3,0.1,0.23084080037111976,0.21977812907987487,0.00503578356679364,1.137588227474001,0.003672465213411489,0.1258391604341342,0.0
3_7_2,-0.3,0.2,0.1681548581993829,0.1781685949431157,0.02455622250211927,0.967257715511866,0.002047658306312926,0.10474461033441612,0.0
3_7_3,-0.3,0.3,0.11412104389108979,0.12554211922969608,0.03197836573800474,0.7775031792042342,0.0008197291466386752,0.07863376728107258,0.0
3_7_4,-0.3,0.4,0.0676008333779837,0.08590872174728005,0.06824326258025229,0.5745060410347521,0.0,0.05436173269290946,0.0
3_7_5,-0.3,0.5,0.050732724285360103,0.0660715676739309,0.033698433228310114,0.4521783288139082,0.0014161378118430527,0.03725632700972355,0.0
3_7_6,-0.3,0.6,0.023716899169456344,0.04601472893067694,0.06809437550349262,0.252380903360124,2.6567094022985274e-05,0.010625765342249863,0.0
3_7_7,-0.3,0.7,0.027611061688099736,0.011687137899451973,0.10453479310372417,0.29230085512387805,3.81963308838188e-06,0.0,0.0
3_7_8,-0.3,0.8,0.1363984731250804,0.0,0.06262032341354308,0.01882509791299938,0.0,0.0,0.00029220991992311797
3_7_9,-0.3,0.9,0.15032667422468318,0.0,0.13562635480439392,0.0,0.0,0.0,0.0
3_7_10,-0.3,1.0,0.22341270146339384,0.0,0.25291109746836726,0.0,0.0,0.0,0.0
3_8_0,-0.2,0.0,0.2887630004733766,0.0919689926921314,0.0,1.4393654371524232,0.022283390566111772,0.16287599719691784,0.0
3_8_1,-0.2,0.1,0.24959244878405323,0.09448761421322315,0.0,1.34062007211509,0.019574295313712322,0.1461039952840705,0.0
3_8_2,-0.2,0.2,0.29154108352505576,0.05111882257380101,0.0,1.2357973954363022,0.03650953788595985,0.11011589417305628,0.0
3_8_3,-0.2,0.3,0.20346815514109606,0.07439802708810708,0.0,0.9806376310285506,0.03568528372675997,0.13184673459610471,0.0
3_8_4,-0.2,0.4,0.1513947717426948,0.06198660448162262,0.0,0.7915800310935719,0.046197247437981294,0.12399986838823294,0.0
3_8_5,-0.2,0.5,0.11742902261176819,0.033754785439205286,0.0,0.6773871204334958,0.03566351645585398,0.08445401218016053,0.0
3_8_6,-0.2,0.6,0.07868011096697772,0.015475580582167924,0.0,0.511770589982701,0.016827727570466935,0.07274988266484998,0.0
3_8_7,-0.2,0.7,0.028689548677213246,0.011082745193661174,0.04292965513504082,0.145024880253241,0.2806570492763019,0.2250707154171049,0.002177490506640822
3_8_8,-0.2,0.8,0.11281992881894788,0.0,0.10844184464094875,0.01324276662050312,0.0,0.0,0.00014584821629176758
3_8_9,-0.2,0.9,0.1888781672251397,0.0,0.19312344375738108,0.013338007555895003,0.0,0.0,0.0026767131408821703
3_8_10,-0.2,1.0,0.2503719354012815,0.0,0.27177740541194284,0.0,0.0,0.0,0.0014585463654490246
3_9_0,-0.1,0.0,0.13313407587866946,0.06119152026835477,0.0,0.8343212549910953,0.17990309345781372,0.09518910731897087,0.0
3_9_1,-0.1,0.1,0.12587636872901092,0.05453987798896161,0.0,0.8164987348321783,0.11500573388964906,0.14933029496594108,0.0
3_9_2,-0.1,0.2,0.1152009383597198,0.04285476278974151,0.0,0.7442123152910156,0.09192451049823681,0.16336767454610346,0.0
3_9_3,-0.1,0.3,0.12281254296809188,0.009220399982955178,0.0,0.6442683689237444,0.10439148708931233,0.045357028947412906,0.0
3_9_4,-0.1,0.4,0.06784304054797308,0.02260981492887167,0.0,0.4985698530075388,0.1480587471121472,0.034294254667309766,0.0
3_9_5,-0.1,0.5,0.05649343380420811,0.0016324172119402264,0.0,0.407689945205524,0.1676626731967959,0.03815448712272606,0.0
3_9_6,-0.1,0.6,0.009716883028867546,0.02714841363861291,0.0,0.2414314970825764,0.16631094112638817,0.05116359084486852,0.0
3_9_7,-0.1,0.7,0.04082034265622291,0.0,0.03884932501095857,0.0797113697582649,0.4070249187509545,0.021586986326692568,0.003446449547562403
3_9_8,-0.1,0.8,0.10878662944235964,0.0,0.0680334216463338,0.015403443384636228,0.0,0.0,0.0017150044298053799
3_9_9,-0.1,0.9,0.2664015271804714,0.0,0.16970882940287949,0.029794142879945584,0.0,0.0,0.000495296502212205
3_9_10,-0.1,1.0,0.29581043754037256,0.0,0.24702018520536176,0.0,0.0,0.0,0.0026293877879437753
3_10_0,0.0,0.0,0.03570527294519493,0.06427552273023722,0.0,0.6422596630041054,0.4584703358532189,0.03175728323566242,0.0
3_10_1,0.0,0.1,0.018064542819594052,0.06393646832041203,0.0,0.562707964121402,0.4692393472593002,0.04775708093078296,0.0
3_10_2,0.0,0.2,0.040622172264512785,0.024919748642640474,0.0,0.5321270030916623,0.3674352529782745,0.022021730758057377,0.0
3_10_3,0.0,0.3,0.04633063325321452,0.02612912702737257,0.028862863542475525,0.4451192903219464,0.42100541336027425,0.008136599696427337,0.0
3_10_4,0.0,0.4,0.19171797211866076,0.0,0.33376184818673255,0.3619523374736646,0.6738048435425323,0.1826688628693265,0.0
3_10_5,0.0,0.5,0.06317379843027462,0.01987227340915585,0.12166545432660203,0.24045924121217305,0.2626449191849586,0.16033178982637564,0.0
3_10_6,0.0,0.6,0.017859595072170664,0.0,0.21840925236139502,0.16990992394690446,0.32582331930586694,0.07486429504737538,0.0
3_10_7,0.0,0.7,0.03678257615832532,0.0,0.06314629698396337,0.04489737026149055,0.11148538733081786,0.01717520780822759,0.004637674222730539
3_10_8,0.0,0.8,0.06453626457922627,0.0,0.13142603024214783,0.004766986332822435,0.002116342733493037,0.0029369327558565906,0.01671558859801379
3_10_9,0.0,0.9,0.15652163249734571,0.0,0.17147405810695082,0.0,0.0,0.001806189027364211,0.04406426239241937
3_10_10,0.0,1.0,0.2962960278884757,0.019330486007467878,0.2500955323955146,0.0772573602670413,0.0,0.0,0.45892353215247583
3_11_0,0.1,0.0,0.029177583371701316,0.0910151770786762,3.2373384369049694e-05,0.6609749972489816,0.6963255735903368,0.0,0.0
3_11_1,0.1,0.1,0.028762735673092878,0.0649038029528767,0.01174129246951737,0.6169111381150962,0.6776565891022438,0.0,0.0
3_11_2,0.1,0.2,0.0,0.0530605208308879,0.01716947634113998,0.561218806315278,0.5928846477227362,0.0,0.0
3_11_3,0.1,0.3,0.015492341511432767,0.023677995842558194,0.007936589136495987,0.47299988993902253,0.3977899140897779,0.0,0.0
3_11_4,0.1,0.4,0.08023789420552482,0.006567055282719942,0.10762780805456507,0.3380743606503523,0.4357602319050836,0.0,0.0
3_11_5,0.1,0.5,0.09762219162924972,0.0,0.09512441025259265,0.28718070818271063,0.2913513831703948,0.0,0.0
3_11_6,0.1,0.6,0.0195906626005067,0.012295679080923282,0.15022200631310365,0.16156358355962028,0.37395525699985027,0.0,0.0
3_11_7,0.1,0.7,0.0,0.024349961203693805,0.0999662485931572,0.039789799866774556,0.10997351783593308,0.0,0.0
3_11_8,0.1,0.8,0.08190499253102373,0.0,0.10508196959716368,0.0,1.565880378436699e-05,0.0,0.5220776311893308
3_11_9,0.1,0.9,0.27012666544749575,0.0,0.1682946203243837,0.0,0.0,0.0,0.4943232834353517
3_11_10,0.1,1.0,0.3510599662579209,0.0,0.2205654161187311,0.0,0.0,0.0,0.6384347196814305
3_12_0,0.2,0.0,0.08347799899977022,0.016744269952336795,0.0,0.6644249714732915,0.5045885389893312,0.0,0.0
3_12_1,0.2,0.1,0.06716533991950359,0.02995545166709334,0.0,0.6304347421217664,0.46423831497483586,0.0,0.0
3_12_2,0.2,0.2,0.023446508895026245,0.04350063721666983,0.0,0.43883501578250733,0.428585833843131,0.0,0.0
3_12_3,0.2,0.3,0.032870093238978035,0.013205954776937007,0.05939869121773098,0.3838706514785407,0.3977097337259757,0.0,0.0
3_12_4,0.2,0.4,0.007109957955407138,0.012723176655574207,0.07653421088586959,0.2631706364332161,0.3771594787507912,0.0,0.0
3_12_5,0.2,0.5,0.04302500374887609,0.0,0.13252812470857844,0.23035531006802334,0.31816173054919206,0.0,0.0
3_12_6,0.2,0.6,0.02187097057652072,0.0,0.12401284673640767,0.14531154251855155,0.19366279369469394,0.0,0.0
3_12_7,0.2,0.7,0.009147660796171665,0.005145500270371611,0.2272197927258894,0.036823432097093226,0.1506193060062506,0.0,0.0
3_12_8,0.2,0.8,0.17422114319751525,0.0,0.10760873609175567,0.004679311576691798,0.004275900625020953,0.0,0.0
3_12_9,0.2,0.9,0.6727866444223694,0.0,0.17939805775984427,0.0,0.0,0.0,0.049697281782517956
3_12_10,0.2,1.0,0.762354705678588,0.0,0.25034205075012356,0.0,0.0,0.0,0.03791106579764945
3_13_0,0.3,0.0,0.0,0.01422637452760512,0.023985622721059478,0.4617998603428401,0.38436294898299606,0.0,0.0
3_13_1,0.3,0.1,0.07919199826236888,0.0,0.1546304512867667,0.4483309313784221,0.4910852858572858,0.0,0.0
3_13_2,0.3,0.2,0.006034532978982695,0.026840777644939296,0.08745829758522286,0.34721428306858465,0.41553433049950933,0.0,0.0
3_13_3,0.3,0.3,0.04637102117039682,0.0,0.33611587471095616,0.221741000260948,0.722574934402211,0.0,0.0
3_13_4,0.3,0.4,0.06541066077611632,0.0,0.30406101020624504,0.17958175614378524,0.6199861250216246,0.0,0.0
3_13_5,0.3,0.5,0.009288551266142156,0.0,0.34948435633106567,0.13552078785577837,0.5353519511261755,0.0,0.0
3_13_6,0.3,0.6,0.005388536087495812,0.002415494608404947,0.05547060097848652,0.06739028180323148,0.12359289147833287,0.0,0.0
3_13_7,0.3,0.7,0.006429798311229916,0.0,0.10658850154229892,0.0,0.03305174298654956,0.018700129578601163,0.0
3_13_8,0.3,0.8,0.3757222877479157,0.22476573259075244,0.12516175270087182,0.0,0.0,0.0,0.0
3_13_9,0.3,0.9,0.4335976557991058,0.1545271759364252,0.2135496884213882,0.0,0.0,0.0,0.0
3_13_10,0.3,1.0,0.3838632348838623,0.20115017786086342,0.30922488326286507,0.0,0.0,0.0,0.0
3_14_0,0.4,0.0,0.055085475670705895,0.0,0.17181827210444894,0.4186192331592862,0.5158156330791928,0.0,0.0
3_14_1,0.4,0.1,0.0,0.0,0.1290739273595092,0.32955604753521783,0.4537824399644046,0.0,0.0
3_14_2,0.4,0.2,0.07203367233336416,0.0,0.24858994768476522,0.2665457604543645,0.541863606855015,0.0,0.0
3_14_3,0.4,0.3,0.016416228681108702,0.0,0.14598538269531489,0.20533446482192783,0.3485287318277639,0.0,0.0
3_14_4,0.4,0.4,0.002054450716217391,0.0,0.1511635265763338,0.17039971538645243,0.2845129583162377,0.0,0.0
3_14_5,0.4,0.5,0.010933257010391403,0.0,0.055613055004770255,0.136939268453207,0.1532994799577679,0.0,0.0
3_14_6,0.4,0.6,6.20695696744599e-05,0.0026821789555935976,0.1201253147715992,0.07852138046028792,0.14013779886036593,0.0,0.0
3_14_7,0.4,0.7,0.02274353690300686,0.0,0.17613974692975465,0.03838386225030704,0.0785590321911968,0.0,0.0
3_14_8,0.4,0.8,0.001304162638300281,0.07523566163567608,0.24772287571642915,0.0,0.001059569489148484,0.0,0.0
3_14_9,0.4,0.9,0.013478191593303436,0.06393429969079949,0.34609913082179383,0.0,0.0005415781451000759,0.0,0.0
3_14_10,0.4,1.0,0.011852094077581485,0.06715976860908221,0.3945556686097637,0.0,0.00033370231836319216,0.0,0.0
3_15_0,0.5,0.0,0.0,0.03320464912449583,0.0,0.40236960487732515,0.32430085336678116,0.0,0.0
3_15_1,0.5,0.1,0.0,0.030615029830116377,0.0,0.3282262197821307,0.28871402592424644,0.0,0.0
3_15_2,0.5,0.2,0.0,0.013107622483246009,0.0,0.2641114535352685,0.2444465379384262,0.0,0.0
3_15_3,0.5,0.3,0.0,0.014361534592970654,0.0,0.20249926946283342,0.1774324625288755,0.0,0.0
3_15_4,0.5,0.4,0.017143712241263154,0.0,0.0,0.18955512385875933,0.12041458918174414,0.0,0.0
3_15_5,0.5,0.5,0.021441765637751083,0.000985248109682751,0.0,0.155184971283667,0.07850989524374598,0.0,0.0
3_15_6,0.5,0.6,0.016614800373656206,0.0,0.028323354766994067,0.08263906221379198,0.05945277891034743,0.0,0.0
3_15_7,0.5,0.7,0.03136390635228909,0.0,0.05110644155411157,0.056013382952658015,0.019984377403474987,0.0,0.0
3_15_8,0.5,0.8,0.002082307429747783,0.008048704249490585,0.2540531189265562,0.0,0.00038003447608577385,0.0,0.0
3_15_9,0.5,0.9,0.00459860060758075,0.005845010995447422,0.29980856860265814,0.0,1.147277050789692e-05,0.0,0.0
3_15_10,0.5,1.0,0.0040854562213456826,0.007062486617427657,0.3338378089726993,0.002279139859248958,0.0,0.0,0.0
3_16_0,0.6,0.0,0.0,0.042547534008530896,0.0,0.3666975198645924,0.257990946676733,0.0,0.0
3_16_1,0.6,0.1,0.004781619748521604,0.06790832605269903,0.0,0.30676334523680243,0.21980570264678462,0.0,0.0
3_16_2,0.6,0.2,0.0,0.0,0.0,0.26470371264580966,0.1821417819988444,0.0,0.0
3_16_3,0.6,0.3,0.0,0.0,0.0,0.1979918402865288,0.12872929167705252,0.0,0.0
3_16_4,0.6,0.4,0.03538745730864692,0.0,0.0,0.19949719180392703,0.08907000614746889,0.0,0.0
3_16_5,0.6,0.5,0.0,0.009148456061921861,0.0,0.13043250649767307,0.06845262406246079,0.0,0.0
3_16_6,0.6,0.6,0.002747972666117871,0.0,0.0,0.08957370381312633,0.03148654753594955,0.0,0.0
3_16_7,0.6,0.7,0.022800171158624354,0.0,0.010546692542579521,0.0617196237954974,0.00841449625708833,0.0,0.0049646767814546106
3_16_8,0.6,0.8,0.0,0.0,0.2997897900902326,0.023135517536718987,0.0003571350579403967,0.0,0.0
3_16_9,0.6,0.9,0.0,0.0,0.33624095103344137,0.031778282570515945,0.0001922922854664119,0.0,0.0
3_16_10,0.6,1.0,0.0,0.0,0.3554235199305911,0.03864532180721607,0.00010116305929503345,0.0,0.0
3_17_0,0.7,0.0,0.0,0.09659631151442154,0.0,0.34808131495361333,0.20426574031023853,0.0,0.0
3_17_1,0.7,0.1,0.10805225884208727,0.07380042929942189,0.0,0.34824654342091244,0.18209234341632372,0.0,0.0
3_17_2,0.7,0.2,0.0013972626682310634,0.07263540046652824,0.0,0.23538476372699985,0.14105287967115002,0.0,0.0
3_17_3,0.7,0.3,0.0,0.04564015631625915,0.0,0.17591772724186813,0.09581157165834231,0.0,0.0
3_17_4,0.7,0.4,0.00854763559641346,0.007238339351525528,0.0,0.16258526899227696,0.0734280385254462,0.0,0.0
3_17_5,0.7,0.5,0.0,0.0,0.0,0.10591360811771972,0.054303279630648474,0.0,0.0
3_17_6,0.7,0.6,0.004566627731387989,0.0,0.0,0.08476574208081586,0.02404767979595861,0.0,0.0
3_17_7,0.7,0.7,0.006794274842118253,0.0,0.0,0.023133733901007935,0.002875788757603659,0.003176066279296118,0.0
3_17_8,0.7,0.8,0.0,0.0,0.20572615224946988,0.03565612789771197,0.0,0.0,0.0
3_17_9,0.7,0.9,0.0,0.0,0.23152477344930045,0.04974203735939202,0.0,0.0,0.0
3_17_10,0.7,1.0,0.0,0.0,0.24864717335722866,0.05752271517229313,0.0,0.0,0.0
3_18_0,0.8,0.0,0.05331628132849892,0.20287975337734943,0.0,0.32642200055526055,0.17441790299467283,0.0,0.0
3_18_1,0.8,0.1,0.2023466152240725,0.09022354568705798,0.06837541547689774,0.33895037381775456,0.17650697313142824,0.0,0.0
3_18_2,0.8,0.2,0.0108060826068743,0.126320330436907,0.0,0.20799990176440836,0.12400106804474906,0.0,0.0
3_18_3,0.8,0.3,0.0,0.08867342271253803,0.0,0.1634379329743027,0.08943742394693369,0.0,0.0
3_18_4,0.8,0.4,0.0,0.01991658601421044,0.0,0.1179613187580697,0.06630598732176735,0.0,0.0
3_18_5,0.8,0.5,0.006389659769718298,0.0,0.0,0.11948348468818937,0.043036744482436495,0.0,0.0
3_18_6,0.8,0.6,0.0,0.0,0.0,0.0586541490320131,0.01826967268310967,0.0002030649104836526,0.0
3_18_7,0.8,0.7,0.021319762320753048,0.0,0.0,0.042991532509222524,0.004387801250945362,0.0,0.0
3_18_8,0.8,0.8,0.0,0.0,0.18121858327497634,0.0488317253723156,0.0,0.0,0.0
3_18_9,0.8,0.9,0.0,0.0,0.18125613824861417,0.04977036596264428,0.0,0.0,0.0
3_18_10,0.8,1.0,0.0,0.0,0.21840083095752097,0.06436384499368411,0.0,0.0,0.0
3_19_0,0.9,0.0,0.1259488900609264,0.28702555428206283,0.0,0.30967142708609924,0.15384959849728294,0.0,0.0
3_19_1,0.9,0.1,0.023965967643625224,0.15259948110307864,0.0,0.2676586160311681,0.12492721165233162,0.0,0.0
3_19_2,0.9,0.2,0.0,0.15564340718000091,0.0,0.20797492259882933,0.10608694355497138,0.0,0.0
3_19_3,0.9,0.3,0.0,0.08114436615590068,0.0,0.159234356987402,0.07614078196894498,0.0,0.0
3_19_4,0.9,0.4,0.0,0.039601381651752025,0.0,0.11603997478234349,0.0557095856267242,0.0,0.0
3_19_5,0.9,0.5,0.020733468843879343,0.0,0.0,0.119847282936485,0.03636480296329382,0.0,0.0
3_19_6,0.9,0.6,0.0,0.0,0.0,0.059710716805698304,0.01546168806728103,0.0,0.0
3_19_7,0.9,0.7,0.012460466411943736,0.0,0.0,0.04801450315948441,0.0044557461990621565,0.0,0.09742137536573217
3_19_8,0.9,0.8,0.0,0.0,0.2197795606021682,0.06426197368107742,0.0,0.0,0.0
3_19_9,0.9,0.9,0.0,0.0,0.22176226882642064,0.06553119025393853,0.0,0.0,0.0
3_19_10,0.9,1.0,0.0,0.0,0.2447099438584579,0.07325842209446382,0.0,0.0,0.0
3_20_0,1.0,0.0,0.25768031004820713,0.25768031004820713,0.08276846963799955,0.3470414698619923,0.1485123510341082,0.0,0.0
3_20_1,1.0,0.1,0.06513446460809628,0.17671823606241713,0.0,0.29550709309970113,0.11514724195873485,0.0,0.0
3_20_2,1.0,0.2,0.0049816825138009595,0.12318695852360355,0.0,0.21260480176188595,0.08401518720834246,0.0,0.0
3_20_3,1.0,0.3,0.03265036852982861,0.056537889362708336,0.0,0.20471069974112663,0.06335714264526494,0.0,0.0
3_20_4,1.0,0.4,0.0,0.024520139099928364,0.0,0.15567210600680517,0.04993136290716887,0.0,0.0
3_20_5,1.0,0.5,0.0,0.0,0.0,0.11108576724176839,0.02925569643533451,0.0,0.0
3_20_6,1.0,0.6,0.0,0.0,0.0,0.06697904252546498,0.014937401054381254,0.0,0.0
3_20_7,1.0,0.7,0.0,0.0,0.0,0.036652815767611494,0.002971582711758719,0.0,0.0
3_20_8,1.0,0.8,0.0,0.0,0.2447099438584579,0.07325842209446382,0.0,0.0,0.0
3_20_9,1.0,0.9,0.0,0.0,0.2447099438584579,0.07325842209446382,0.0,0.0,0.0
3_20_10,1.0,1.0,0.0,0.0,0.2447099438584579,0.07325842209446382,0.0,0.0,0.0
4_0_0,-1.0,0.0,0.0,0.0,0.0,0.0,0.0,0.0,0.0
4_0_1,-1.0,0.1,0.0,0.0,0.0,0.0,0.0,0.0,0.0
4_0_2,-1.0,0.2,0.0,0.0,0.0,0.0,0.0,0.0,0.0
4_0_3,-1.0,0.3,0.0,0.0,0.0,0.0,0.0,0.0,0.0
4_0_4,-1.0,0.4,0.0,0.0,0.0,0.0,0.0,0.0,0.0
4_0_5,-1.0,0.5,0.0,0.0,0.0,0.0,0.0,0.0,0.0
4_0_6,-1.0,0.6,0.0,0.0,0.0,0.0,0.0,0.0,0.0
4_0_7,-1.0,0.7,0.0,0.0,0.0,0.0,0.0,0.0,0.0
4_0_8,-1.0,0.8,0.0,0.0,0.0,0.0,0.0,0.0,0.0
4_0_9,-1.0,0.9,0.0,0.0,0.0,0.0,0.0,0.0,0.0
4_0_10,-1.0,1.0,0.0,0.0,0.0,0.0,0.0,0.0,0.0
4_1_0,-0.9,0.0,0.0,0.0,0.0,0.0,0.0,0.0,0.0
4_1_1,-0.9,0.1,0.0,0.0,0.0,0.0,0.0,0.0,0.0
4_1_2,-0.9,0.2,0.0,0.0,0.0,0.0,0.0,0.0,0.0
4_1_3,-0.9,0.3,0.0,0.0,0.0,0.0,0.0,0.0,0.0
4_1_4,-0.9,0.4,0.0,0.0,0.0,0.0,0.0,0.0,0.0
4_1_5,-0.9,0.5,0.0,0.0,0.0,0.0,0.0,0.0,0.0
4_1_6,-0.9,0.6,0.0,0.0,0.0,0.0,0.0,0.0,0.0
4_1_7,-0.9,0.7,0.0,0.0,0.0,0.0,0.0,0.0,0.0
4_1_8,-0.9,0.8,0.0,0.0,0.0,0.0,0.0,0.0,0.0
4_1_9,-0.9,0.9,0.0,0.0,0.0,0.0,0.0,0.0,0.0
4_1_10,-0.9,1.0,0.0,0.0,0.0,0.0,0.0,0.0,0.0
4_2_0,-0.8,0.0,0.0,0.0,0.0,0.0,0.0,0.0,0.0
4_2_1,-0.8,0.1,0.0,0.0,0.0,0.0,0.0,0.0,0.0
4_2_2,-0.8,0.2,0.0,0.0,0.0,0.0,0.0,0.0,0.0
4_2_3,-0.8,0.3,0.0,0.0,0.0,0.0,0.0,0.0,0.0
4_2_4,-0.8,0.4,0.0,0.0,0.0,0.0,0.0,0.0,0.0
4_2_5,-0.8,0.5,0.0,0.0,0.0,0.0,0.0,0.0,0.0
4_2_6,-0.8,0.6,0.0,0.0,0.0,0.0,0.0,0.0,0.0
4_2_7,-0.8,0.7,0.0,0.0,0.0,0.0,0.0,0.0,0.0
4_2_8,-0.8,0.8,0.0,0.0,0.0,0.0,0.0,0.0,0.0
4_2_9,-0.8,0.9,0.0,0.0,0.0,0.0,0.0,0.0,0.0
4_2_10,-0.8,1.0,0.0,0.0,0.0,0.0,0.0,0.0,0.0
4_3_0,-0.7,0.0,0.015782282943042777,0.015782282943042777,0.0,0.0,0.0,0.0,0.0
4_3_1,-0.7,0.1,0.015782282943042777,0.015782282943042777,0.0,0.0,0.0,0.0,0.0
4_3_2,-0.7,0.2,0.015782282943042777,0.015782282943042777,0.0,0.0,0.0,0.0,0.0
4_3_3,-0.7,0.3,0.015782282943042777,0.015782282943042777,0.0,0.0,0.0,0.0,0.0
4_3_4,-0.7,0.4,0.015782282943042777,0.015782282943042777,0.0,0.0,0.0,0.0,0.0
4_3_5,-0.7,0.5,0.015782282943042777,0.015782282943042777,0.0,0.0,0.0,0.0,0.0
4_3_6,-0.7,0.6,0.015782282943042777,0.015782282943042777,0.0,0.0,0.0,0.0,0.0
4_3_7,-0.7,0.7,0.015782282943042777,0.015782282943042777,0.0,0.0,0.0,0.0,0.0
4_3_8,-0.7,0.8,0.015782282943042777,0.015782282943042777,0.0,0.0,0.0,0.0,0.0
4_3_9,-0.7,0.9,0.015782282943042777,0.015782282943042777,0.0,0.0,0.0,0.0,0.0
4_3_10,-0.7,1.0,0.015782282943042777,0.015782282943042777,0.0,0.0,0.0,0.0,0.0
4_4_0,-0.6,0.0,0.1552149439836627,0.18300139656585063,0.003473306572773378,0.04314531718359751,0.0,0.0,0.0
4_4_1,-0.6,0.1,0.1552149439836627,0.18300139656585063,0.003473306572773378,0.04314531718359751,0.0,0.0,0.0
4_4_2,-0.6,0.2,0.1552149439836627,0.18300139656585063,0.003473306572773378,0.04314531718359751,0.0,0.0,0.0
4_4_3,-0.6,0.3,0.1552149439836627,0.18300139656585063,0.003473306572773378,0.04314531718359751,0.0,0.0,0.0
4_4_4,-0.6,0.4,0.1552149439836627,0.18300139656585063,0.003473306572773378,0.04314531718359751,0.0,0.0,0.0
4_4_5,-0.6,0.5,0.1347151481100072,0.1625158614030406,0.0034824928692038953,0.03875364561112366,0.0,0.0,0.0
4_4_6,-0.6,0.6,0.1347151481100072,0.1625158614030406,0.0034824928692038953,0.03875364561112366,0.0,0.0,0.0
4_4_7,-0.6,0.7,0.1347151481100072,0.1625158614030406,0.0034824928692038953,0.03875364561112366,0.0,0.0,0.0
4_4_8,-0.6,0.8,0.1347151481100072,0.1625158614030406,0.0034824928692038953,0.03875364561112366,0.0,0.0,0.0
4_4_9,-0.6,0.9,0.1347151481100072,0.1625158614030406,0.0034824928692038953,0.03875364561112366,0.0,0.0,0.0
4_4_10,-0.6,1.0,0.1347151481100072,0.1625158614030406,0.0034824928692038953,0.03875364561112366,0.0,0.0,0.0
4_5_0,-0.5,0.0,0.09242309730120198,0.21625418617997494,0.09631306912793308,0.5375768516825784,0.0,0.0,0.0
4_5_1,-0.5,0.1,0.09242309730120198,0.21625418617997494,0.09631306912793308,0.5375768516825784,0.0,0.0,0.0
4_5_2,-0.5,0.2,0.024061603885006,0.15162654072507148,0.11184232314805455,0.3656222259812074,0.0,0.0,0.0
4_5_3,-0.5,0.3,0.024061603885006,0.15162654072507148,0.11184232314805455,0.3656222259812074,0.0,0.0,0.0
4_5_4,-0.5,0.4,0.030110433765440696,0.1558353700297709,0.11412535333930832,0.3432000801181249,0.0,0.0,0.0
4_5_5,-0.5,0.5,0.05181635639707435,0.16527817029552225,0.11945138483813628,0.3005571665800154,0.0,0.0,0.0
4_5_6,-0.5,0.6,0.02851350137198749,0.11579667518875172,0.126743246034617,0.2507411275233789,0.0,0.0,0.0
4_5_7,-0.5,0.7,0.013261014054971335,0.06965863327476095,0.1330465895857913,0.22486527255220734,0.0,0.0,0.0
4_5_8,-0.5,0.8,0.05499957045136467,0.0,0.10429759815281647,0.03019334527305105,0.000540397673482461,0.0025296356528480934,0.001547134211958997
4_5_9,-0.5,0.9,0.14467333174743532,0.0,0.1307545756334829,0.013668461026359664,0.0,0.0,0.0008415381045956236
4_5_10,-0.5,1.0,0.19388135753359992,0.0,0.23113672034761473,0.015539479600176554,0.0,0.00048045318060318295,0.0008627042080652298
4_6_0,-0.4,0.0,0.16626871852086067,0.21928357583330735,0.05529314487580662,1.0036960760959306,0.0,0.0,0.0
4_6_1,-0.4,0.1,0.16626871852086067,0.21928357583330735,0.05529314487580662,1.0036960760959306,0.0,0.0,0.0
4_6_2,-0.4,0.2,0.16626871852086067,0.21928357583330735,0.05529314487580662,1.0036960760959306,0.0,0.0,0.0
4_6_3,-0.4,0.3,0.15553079562322553,0.20346380250579868,0.05796369440613288,1.000025385995853,0.0,0.0,0.0
4_6_4,-0.4,0.4,0.11188094494631495,0.1625051793654989,0.07595031963528662,0.9221396651230691,0.0,0.0,0.0
4_6_5,-0.4,0.5,0.05184014572872978,0.09301054130830581,0.15346203059341587,0.6314717525593372,0.0,0.0,0.0
4_6_6,-0.4,0.6,0.02263033848338777,0.03668046453208165,0.17359336994912894,0.5167627461875136,0.0,0.0,0.0
4_6_7,-0.4,0.7,0.03326773594705178,0.003138166437978515,0.19703127109184385,0.4874955035819322,0.0,0.0,0.0
4_6_8,-0.4,0.8,0.11501351209578312,0.005786324445635842,0.07937039801585821,0.029187441916441986,0.0008825628895808867,0.0,0.0
4_6_9,-0.4,0.9,0.271468722455594,0.0,0.12449234054347282,0.05257819050162182,0.0,0.0,0.0
4_6_10,-0.4,1.0,0.24041520756836604,0.0,0.2531267764911482,0.01723601022659183,0.0,0.0,0.0001864778513062522
4_7_0,-0.3,0.0,0.27315368739259466,0.1128762819701843,0.0,1.3832492959498275,0.019479068242168003,0.17512313241948893,0.0
4_7_1,-0.3,0.1,0.23162817299079008,0.08698623904309165,0.0,1.2381556534717595,0.02003784470428019,0.15518140530692887,0.0
4_7_2,-0.3,0.2,0.19722919783473847,0.08611010001210588,0.0,1.1462279546879486,0.017200933917356026,0.12927862632526219,0.0
4_7_3,-0.3,0.3,0.13150448352145838,0.05968644099266892,0.0,0.9556167412672717,0.018126958060712326,0.09547751515021986,0.0
4_7_4,-0.3,0.4,0.11953192830902376,0.02514728239124625,0.0,0.6546457279719414,0.029556196017080812,0.025198197111991533,0.0
4_7_5,-0.3,0.5,0.1567748289872531,0.026389373869600097,0.0,0.5538501641336933,0.04596042500987849,0.12140802633406336,0.0
4_7_6,-0.3,0.6,0.05396838610655517,0.017550714332526196,0.0,0.21648244998711946,0.043932805269080895,0.10770538683389341,0.0
4_7_7,-0.3,0.7,0.03110071162288117,0.005481483868492109,0.02411982032016264,0.11141134592239708,0.19787462952398385,0.0,0.00010821980413092801
4_7_8,-0.3,0.8,0.0426233933343641,0.005431330906764576,0.10480407308938285,0.0,0.0009003172448313169,0.0,0.0
4_7_9,-0.3,0.9,0.14234824350483918,0.0,0.21537870134467774,0.0,0.0,0.0004995122029133915,0.003563603473072541
4_7_10,-0.3,1.0,0.18891636837569678,0.0,0.2420745167707125,0.0,0.0,0.0,0.002425716764506058
4_8_0,-0.2,0.0,0.13886822754773023,0.057037338264995165,0.0,0.8487347132417156,0.10229356359533882,0.17983332848878436,0.0
4_8_1,-0.2,0.1,0.12886925455202142,0.03161301466887901,0.0,0.781139667137288,0.09442468686031327,0.19019259075795497,0.0
4_8_2,-0.2,0.2,0.08298842442331589,0.030539497311289153,0.0,0.686834381742259,0.08913152871357853,0.1401517962354358,0.0
4_8_3,-0.2,0.3,0.10511902788840687,0.010424656244658024,0.0,0.601656814929332,0.1080331806241881,0.028314050313761652,0.0
4_8_4,-0.2,0.4,0.09167999175060357,0.011138870253768808,0.0,0.45651116426498767,0.10716494375251984,0.040915400519126566,0.0
4_8_5,-0.2,0.5,0.1656691543900702,0.0,0.015418665594574166,0.36508240706963296,0.0016582790501845895,0.1556244306795425,8.803232190627659e-05
4_8_6,-0.2,0.6,0.047982060517714156,0.0,0.05016723859763067,0.22745543883832506,0.1081513711030971,0.0,0.0
4_8_7,-0.2,0.7,0.01426111981911154,0.004782163354314193,0.09385348245661264,0.044821882665995114,0.0988039884705756,0.110677897499535,0.0
4_8_8,-0.2,0.8,0.1343815116155617,0.0,0.12219122124790911,0.01322291698476201,0.00024186858435129035,0.00277028917623201,0.011090342548113148
4_8_9,-0.2,0.9,0.20326562646360538,0.0,0.21048811261390232,0.0,0.0,0.00034797943939545665,0.00383081168777191
4_8_10,-0.2,1.0,0.37055905335584516,0.0,0.2370663808952974,0.0,0.0,0.0,0.003645660571589064
4_9_0,-0.1,0.0,0.09931182280173632,0.05728329036414817,0.0,0.6876617823412653,0.2804166574876127,0.08558549560605772,0.0
4_9_1,-0.1,0.1,0.14991785103283067,0.0,0.0,0.6437600153389885,0.3357933159595386,0.0033345525063132376,0.0
4_9_2,-0.1,0.2,0.1791975563198942,0.004982243373050013,0.0,0.5849252857754951,0.18666756087336725,0.07550705003499303,0.0
4_9_3,-0.1,0.3,0.13182694543080792,0.0,0.0,0.5211558646701003,0.2213887007354221,0.029857082733131982,0.0
4_9_4,-0.1,0.4,0.05026972030460875,0.006954496404028881,0.0,0.3629998635669241,0.32801700569373776,0.0,0.0
4_9_5,-0.1,0.5,0.011524326822897047,0.004887842857931002,0.17176994047651656,0.20159879460626354,0.4753219972008852,0.10156220269206713,0.0
4_9_6,-0.1,0.6,0.003481409073130363,0.026182940510498534,0.12290887633260135,0.10329074754890374,0.3413043425779337,0.1480463244283129,0.0
4_9_7,-0.1,0.7,0.02014843824173805,0.008205399760505739,0.07431754460840058,0.020181461340971756,0.024511445238616227,0.07553138880933992,0.0
4_9_8,-0.1,0.8,0.3039071358862184,0.0,0.10049664750376262,0.02226165301363769,0.0,0.0009241331832851012,0.006789410293858653
4_9_9,-0.1,0.9,0.5513836694532934,0.0,0.20228519664875083,0.006669162517516372,0.0,0.0,0.0003255095765927492
4_9_10,-0.1,1.0,0.8238715658769106,0.0,0.26448295268660543,0.010975200535310628,0.0,0.0,0.0006994757740564183
4_10_0,0.0,0.0,0.04866787694526385,0.04918243732836778,0.0,0.7450435727046462,0.655932486984469,0.0,0.0
4_10_1,0.0,0.1,0.034368546153929445,0.05593434253472802,0.016529890318328154,0.5479764019205454,0.6703156494107709,0.0,0.0
4_10_2,0.0,0.2,0.044750100598001046,0.018231997615377814,0.04564339602127899,0.4629528014554024,0.6159635423409613,0.0,0.0
4_10_3,0.0,0.3,0.03661367390849305,0.0,0.1880833327097787,0.432412227884492,0.6355671983619741,0.0,0.0
4_10_4,0.0,0.4,0.05884084013142685,0.0,0.23894224325569532,0.28713277552941124,0.6701288013723596,0.0,0.0
4_10_5,0.0,0.5,0.01845172635939711,0.0,0.23963319353121365,0.19465324344067722,0.7175431115479044,0.0,0.0
4_10_6,0.0,0.6,0.005466038430169124,0.009177498959359615,0.14564457325035401,0.14177150800023,0.3095941219371561,0.0,0.0
4_10_7,0.0,0.7,0.0,0.020963621351084063,0.06384234000168007,0.02614104494466741,0.037740656948782494,0.02965507006237184,0.0003019873848381665
4_10_8,0.0,0.8,0.3137506432218088,0.0,0.16071497988231193,0.027127935013694995,0.0,0.0008599615442764454,0.0022220788117942435
4_10_9,0.0,0.9,0.10305517437145975,0.04048090406860726,0.16041193865197348,0.0,0.0,5.619493827763065e-05,0.013832010309126586
4_10_10,0.0,1.0,0.15509052827156328,0.02926251695374987,0.24544558722647453,0.0,0.0,0.0005910450016064612,0.017639046848320968
4_11_0,0.1,0.0,0.15898838877575405,0.07216584804892628,0.2015256911793131,0.5643029030205645,0.8121358636556111,0.0,0.0
4_11_1,0.1,0.1,0.05088759131855606,0.05631228473332221,0.09864731459992149,0.48795518520343306,0.6659869309915674,0.0,0.0
4_11_2,0.1,0.2,0.07205855920453935,0.05898918739568727,0.10861707901862858,0.39306876419754433,0.6067897713426014,0.0,0.0
4_11_3,0.1,0.3,0.0,0.06628001182501514,0.05847089226213823,0.3170597990295704,0.5354674253678441,0.0,0.0
4_11_4,0.1,0.4,0.0,0.06278085884333191,0.20646242797438327,0.2409660249885227,0.6024838308411418,0.0,0.0
4_11_5,0.1,0.5,0.00481170812555255,0.05476906823486674,0.17068034763993667,0.14401628257455032,0.4931297014214534,0.0,0.0
4_11_6,0.1,0.6,0.0,0.022634373028757974,0.11677531005669388,0.10985823939945137,0.21912042467898502,0.0,0.0
4_11_7,0.1,0.7,0.05345819919611148,0.0,0.0878450917075437,0.07859743561137385,0.06612903205222989,0.0,0.006454742757991446
4_11_8,0.1,0.8,0.04674249761659976,0.016596504545199453,0.12825337119693125,0.011854046949461017,0.002590180941657183,0.0,0.004289220110312391
4_11_9,0.1,0.9,0.14851810317392905,0.0076195284914107346,0.19165762936351424,0.0,2.0818320532463755e-06,0.0,0.04707505133494707
4_11_10,0.1,1.0,0.256555780485955,0.010984899938963323,0.2542636244897404,0.0,0.00010070908858081108,0.0,0.22100476165583788
4_12_0,0.2,0.0,0.0,0.10604375838906374,0.0,0.5112336381897605,0.4799531431033974,0.0,0.0
4_12_1,0.2,0.1,0.13338123928722662,0.03474907225874928,0.1198972387397929,0.40717125261605497,0.51105318806251,0.0,0.0
4_12_2,0.2,0.2,0.0,0.03674192450963834,0.009535773677907533,0.3417979995111644,0.36597245679347723,0.0,0.0
4_12_3,0.2,0.3,0.0,0.09131368381656293,0.0,0.2639609419040427,0.2919152833430147,0.0,0.0
4_12_4,0.2,0.4,0.0,0.022227439492470212,0.0,0.23311068262670412,0.16234197993899174,0.0,0.0
4_12_5,0.2,0.5,0.04318495110168474,0.0,0.040677291839771,0.22511918692211846,0.13248183170903713,0.0,0.0
4_12_6,0.2,0.6,0.0,0.01730348400967175,0.06588596868391372,0.10863563051383777,0.07944687418111318,0.012130289470615752,0.0
4_12_7,0.2,0.7,0.0034729878752866854,0.01675753625309211,0.08997171465272769,0.010815005011419186,0.02006076507776807,0.01713200344582076,0.0017770506779511887
4_12_8,0.2,0.8,0.11104877104516386,0.0,0.14093276347711217,0.0,0.0018490622897221127,0.0,0.13836874375557356
4_12_9,0.2,0.9,0.22955317837320713,0.0,0.1855154529693583,0.0,0.0,0.0,0.06605009327974613
4_12_10,0.2,1.0,0.26138622796776495,0.12516170317302844,0.21427758806664718,0.0,0.0,0.0,0.039554122650183765
4_13_0,0.3,0.0,0.1501823674615588,0.0,0.10569706090172964,0.5020809524431126,0.3893214605183641,0.0,0.0
4_13_1,0.3,0.1,0.16548129303924988,0.01753597783177105,0.13951842595146988,0.39951001066532893,0.31010467071462794,0.0,0.0
4_13_2,0.3,0.2,0.05654183984030927,0.015137935727201858,0.055984038543833804,0.34724307470325444,0.22361437108771653,0.0,0.0
4_13_3,0.3,0.3,0.09522917888103043,0.0,0.18752602572195426,0.3096662148739498,0.2951591030610911,0.0,0.0
4_13_4,0.3,0.4,0.0,0.059336072724067414,1.7849969093800766e-05,0.21504715545391054,0.12168295966191653,0.0,0.0
4_13_5,0.3,0.5,0.0,0.025487930828579523,0.0808981046388988,0.20303557733833075,0.12224274963757742,0.0,0.0
4_13_6,0.3,0.6,0.020729416984782853,0.0,0.16884020071948258,0.11830940802914763,0.11632519876633476,0.002957998006357245,0.0
4_13_7,0.3,0.7,0.016139165469373638,0.0,0.10237180925941829,0.0409752569249779,0.03641336385700724,0.0016316037483626066,0.0
4_13_8,0.3,0.8,0.17073319143601173,0.0782248942325325,0.15671185736041032,0.0,0.0017965997635092392,0.0,0.00817927634012208
4_13_9,0.3,0.9,0.09199131891560199,0.11285987814430169,0.19978650039175047,0.0,0.0,0.0,0.009615161761213263
4_13_10,0.3,1.0,0.10021783574465212,0.11855170294465338,0.25654413195012055,0.0,0.0,0.0,0.004448588153929384
4_14_0,0.4,0.0,0.10048222696754779,0.04855715165841321,0.09853195130810474,0.4620223444776855,0.3239944903450324,0.0,0.0
4_14_1,0.4,0.1,0.017753403910495305,0.0,0.0,0.37678034679110417,0.22664639345599671,0.0,0.0
4_14_2,0.4,0.2,0.014514953007549788,0.0,0.0,0.3436696053505324,0.18696814441094156,0.0,0.0
4_14_3,0.4,0.3,0.031281412724285786,0.0,0.0,0.2867924233207132,0.13590833358257204,0.0,0.0
4_14_4,0.4,0.4,0.0,0.0,0.0,0.23545134043928234,0.09862563637909211,0.0,0.0
4_14_5,0.4,0.5,0.03765567990079449,0.0,0.0,0.20618710194617587,0.06919367655125418,0.0,0.0
4_14_6,0.4,0.6,0.01432540755996287,0.0,0.003992667082126038,0.0894046965581283,0.041222029387792736,0.0,0.0
4_14_7,0.4,0.7,0.014376795855274769,0.0,0.03870256607208674,0.03221861715523345,0.02012560102197392,0.0,0.0
4_14_8,0.4,0.8,0.010590945427479018,0.021066939706899903,0.16521558567782085,0.0,0.00045348501011076406,0.0,0.00031982252984240936
4_14_9,0.4,0.9,0.0111456008107244,0.028086813638252682,0.1963893149639635,0.0,0.0,0.0,0.0
4_14_10,0.4,1.0,0.019823411218436043,0.019874123181468258,0.2870335858012649,0.0,0.0,0.0,0.0
4_15_0,0.5,0.0,0.09499228090770456,0.02805852836107312,0.0,0.4399728963954836,0.2642182527324216,0.0,0.0
4_15_1,0.5,0.1,0.03549441702890331,0.0,0.0,0.4190521166955761,0.21472930967022577,0.0,0.0
4_15_2,0.5,0.2,0.08215950564850855,0.0,0.0,0.3651876342108803,0.18293170791950542,0.0,0.0
4_15_3,0.5,0.3,0.0249303754009821,0.0,0.0,0.31277024698337,0.14981181872622581,0.0,0.0
4_15_4,0.5,0.4,0.008655791401851857,0.0,0.0,0.21679238495168754,0.10372411903992905,0.0,0.0
4_15_5,0.5,0.5,0.06041933950306215,0.0,0.07817404610018228,0.1946133912589358,0.10465047674630445,0.0,0.0
4_15_6,0.5,0.6,0.022831630066701622,0.0,0.0,0.12111505176081569,0.03479327767068654,0.0,0.0
4_15_7,0.5,0.7,0.07756898346686733,0.0,0.0456707913809136,0.05595848715598958,0.02190358422204057,0.0,0.020037371064642366
4_15_8,0.5,0.8,0.04080318014142943,0.0,0.13993164851904644,0.0,0.00028945680814608873,0.0,0.0
4_15_9,0.5,0.9,0.02947790411351693,0.004279362065043411,0.20607176528201573,0.0,0.0,0.0,0.0
4_15_10,0.5,1.0,0.027228160557412253,0.007022428187856632,0.2468054650710283,0.0,0.0,0.0,0.0
4_16_0,0.6,0.0,0.14756720452799282,0.02897430074864277,0.0,0.42988107195292363,0.2125852119256382,0.0,0.0
4_16_1,0.6,0.1,0.11697948986906083,0.0,0.0,0.37269804864340605,0.1739041637380786,0.0,0.0
4_16_2,0.6,0.2,0.11484130151813826,0.0,0.0,0.3533426062875915,0.1556772155703073,0.0,0.0
4_16_3,0.6,0.3,0.040877884901384554,0.0,0.0,0.26177375765367356,0.12153960561258784,0.0,0.0
4_16_4,0.6,0.4,0.03804472363441631,0.0,0.0,0.20075598936649688,0.08818386499048331,0.0,0.0
4_16_5,0.6,0.5,0.0053927979322025464,0.0,0.0,0.17768292302080946,0.06252101353565362,0.0,0.0
4_16_6,0.6,0.6,0.023885277011907634,0.0,0.0,0.1257491770491428,0.02808562548989794,0.0,0.0
4_16_7,0.6,0.7,0.03589119803592853,0.0,0.08932226511337878,0.03448364584647583,0.014171357598948563,0.002932343493984753,0.0046570412363723945
4_16_8,0.6,0.8,0.0,0.0,0.2211573447676639,0.012014477556311791,0.00041724854130991627,0.0,0.0
4_16_9,0.6,0.9,0.0,0.0,0.2814058634794568,0.02646249662851334,6.696717781651834e-05,0.0,0.0
4_16_10,0.6,1.0,0.0,0.0,0.29380479090423733,0.030098743749462545,0.0,0.0,0.0
4_17_0,0.7,0.0,0.0824747484097992,0.051142295009392345,0.0,0.40316663659115076,0.1865000122468319,0.0,0.0
4_17_1,0.7,0.1,0.05436628245560158,0.013604297968979193,0.0,0.344015686285415,0.1517603144449794,0.0,0.0
4_17_2,0.7,0.2,0.13319532084945856,0.017317430240927755,0.0,0.3495648517322434,0.12918382781802212,0.0,0.0
4_17_3,0.7,0.3,0.052599015950621476,0.0,0.0,0.2904199301462954,0.10208200676793557,0.0,0.0
4_17_4,0.7,0.4,0.038807197700323266,0.0,0.0,0.24692915733926216,0.07751533032321407,0.0,0.0
4_17_5,0.7,0.5,0.0333950267974135,0.0,0.0,0.18143002568844124,0.051060610200581676,0.0,0.0
4_17_6,0.7,0.6,0.011048073035005658,0.0,0.0,0.10275464512915122,0.02541144869112881,0.0,0.0
4_17_7,0.7,0.7,0.06094470282000147,0.0,0.06532513024559734,0.08173123297585613,0.011770683550279389,0.0,0.01749659514258835
4_17_8,0.7,0.8,0.0,0.0,0.23797694550160697,0.03971488672759155,0.00013591711474347922,0.0,0.0
4_17_9,0.7,0.9,0.0,0.0,0.24650964629249233,0.04738506232216185,0.0,0.0,0.0
4_17_10,0.7,1.0,0.0,0.0,0.25700191608213774,0.05141396142367038,0.0,0.0,0.0
4_18_0,0.8,0.0,0.003624647576103653,0.13600460598653236,0.0,0.34382116373320626,0.16600002490385546,0.0,0.0
4_18_1,0.8,0.1,0.051849941393199546,0.020638491552334166,0.0,0.35690475710494163,0.13200728551619487,0.0,0.0
4_18_2,0.8,0.2,0.06371139210239032,0.012081459100868434,0.0,0.3165634032594013,0.1121534942967236,0.0,0.0
4_18_3,0.8,0.3,0.007390462351600518,0.0,0.0,0.23186112291732833,0.08241198518047,0.0,0.0
4_18_4,0.8,0.4,0.0,0.0,0.0,0.17373493367043166,0.06397901607042875,0.0,0.0
4_18_5,0.8,0.5,0.060916409609850265,0.0,0.0,0.23731165168063603,0.041291330219592366,0.0,0.0
4_18_6,0.8,0.6,0.0,0.0,0.0,0.0683297398758024,0.019692264674454327,0.0,0.0
4_18_7,0.8,0.7,0.07417298272897208,0.0023350360893380447,0.012857154686036622,0.10978860301334295,0.005810322522822625,0.0,0.18680664018513682
4_18_8,0.8,0.8,0.0,0.0,0.20410734998670177,0.04652575607736252,0.0,0.0,0.0
4_18_9,0.8,0.9,0.0,0.0,0.2130355741924226,0.05076145525884268,0.0,0.0,0.0
4_18_10,0.8,1.0,0.0,0.0,0.23494543002830623,0.059272676450128535,0.0,0.0,0.0
4_19_0,0.9,0.0,0.11334944920706576,0.2666918421190107,0.0,0.3295789839518092,0.1483423171500466,0.0,0.0
4_19_1,0.9,0.1,0.03851439460712992,0.11911355919944693,0.0,0.3453956591823824,0.1182301523657871,0.0,0.0
4_19_2,0.9,0.2,0.004346317667708917,0.11077505821767994,0.0,0.24609288818572794,0.09861978595125388,0.0,0.0
4_19_3,0.9,0.3,0.0,0.03020648383621242,0.0,0.1892158688893385,0.07372405816094946,0.0,0.0
4_19_4,0.9,0.4,0.0,0.0,0.0,0.16762604317481303,0.05340552150925959,0.0,0.0
4_19_5,0.9,0.5,0.01973490423208748,0.0,0.0,0.17017813047651767,0.034157303142074526,0.0,0.0
4_19_6,0.9,0.6,0.027533818648360704,0.0,0.0,0.14288715298548643,0.01722082383863011,0.0,0.0
4_19_7,0.9,0.7,0.0421478182924251,0.0,0.0,0.011488317078377911,0.0027784229915482255,0.0,0.0
4_19_8,0.9,0.8,0.0,0.0,0.21406588605360286,0.06159441314796761,0.0,0.0,0.0
4_19_9,0.9,0.9,0.0,0.0,0.2412606287493297,0.07203188749442034,0.0,0.0,0.0
4_19_10,0.9,1.0,0.0,0.0,0.2447099438584579,0.07325842209446382,0.0,0.0,0.0
4_20_0,1.0,0.0,0.2577118190125075,0.2577118190125075,0.08276846963799955,0.3470414698619923,0.1485123510341082,0.0,0.0
4_20_1,1.0,0.1,0.04913675424059847,0.18729354289398145,0.0,0.31384587424887034,0.11557675572987444,0.0,0.0
4_20_2,1.0,0.2,0.025313135936317142,0.16926362085839955,0.0,0.2117557704171706,0.09035558091319969,0.0,0.0
4_20_3,1.0,0.3,0.0,0.029142033950608402,0.0,0.19582560945794403,0.06394645672891557,0.0,0.0
4_20_4,1.0,0.4,0.024411511956717747,0.0,0.0,0.1788271098753789,0.042729410501928584,0.0,0.0
4_20_5,1.0,0.5,0.0661450345025389,0.0,0.0,0.21923118658312846,0.02952281326256972,0.0,0.0
4_20_6,1.0,0.6,0.026513363427696317,0.0,0.0,0.09967465948200951,0.014858805363859284,0.0,0.0
4_20_7,1.0,0.7,0.09993916307689606,0.0,0.0,0.0,0.001525939316092147,0.0006841727071092129,0.0
4_20_8,1.0,0.8,0.0,0.0,0.23908924728357397,0.07063468534041653,0.0,0.0,0.0
4_20_9,1.0,0.9,0.0,0.0,0.2412606287493297,0.07203188749442034,0.0,0.0,0.0
4_20_10,1.0,1.0,0.0,0.0,0.2447099438584579,0.07325842209446382,0.0,0.0,0.0
